<?xml version="1.0" encoding="utf-8"?>
<COLLADA xmlns="http://www.collada.org/2005/11/COLLADASchema" version="1.4.1">
  <asset>
    <contributor>
      <author>kenneth.pedersen</author>
      <authoring_tool>3dsMax 10 - Feeling ColladaMax v3.05B.</authoring_tool>
      <comments>ColladaMax Export Options: ExportNormals=1;ExportEPolyAsTriangles=1;ExportXRefs=1;ExportSelected=1;ExportTangents=0;ExportAnimations=1;SampleAnim=0;ExportAnimClip=0;BakeMatrices=0;ExportRelativePaths=1;AnimStart=0;AnimEnd=14.5;</comments>
      <source_data>file:///C:/Documents%20and%20Settings/kenneth.pedersen/My%20Documents/3dsmax/autoback/cooking_avatar_20_recover_recover.max</source_data>
    </contributor>
    <created>2009-12-16T12:14:28Z</created>
    <modified>2009-12-16T12:14:29Z</modified>
    <unit meter="0.0254" name="inch"/>
    <up_axis>Z_UP</up_axis>
  </asset>
  <library_animations>
    <animation id="Bip01-node-transform">
      <source id="Bip01-node-transform_Bip01-node_transform-input">
        <float_array id="Bip01-node-transform_Bip01-node_transform-input-array" count="146">0 0.1 0.2 0.3 0.4 0.5 0.6 0.7 0.8 0.9 1 1.1 1.2 1.3 1.4 1.5 1.6 1.7 1.8 1.9 2 2.1 2.2 2.3 2.4 2.5 2.6 2.7 2.8 2.9 3 3.1 3.2 3.3 3.4 3.5 3.6 3.7 3.8 3.9 4 4.1 4.2 4.3 4.4 4.5 4.6 4.7 4.8 4.9 5 5.1 5.2 5.3 5.4 5.5 5.6 5.7 5.8 5.9 6 6.1 6.2 6.3 6.4 6.5 6.6 6.7 6.8 6.9 7 7.1 7.2 7.3 7.4 7.5 7.6 7.7 7.8 7.9 8 8.1 8.2 8.3 8.4 8.5 8.6 8.7 8.8 8.9 9 9.1 9.2 9.3 9.4 9.5 9.6 9.7 9.8 9.9 10 10.1 10.2 10.3 10.4 10.5 10.6 10.7 10.8 10.9 11 11.1 11.2 11.3 11.4 11.5 11.6 11.7 11.8 11.9 12 12.1 12.2 12.3 12.4 12.5 12.6 12.7 12.8 12.9 13 13.1 13.2 13.3 13.4 13.5 13.6 13.7 13.8 13.9 14 14.1 14.2 14.3 14.4 14.5</float_array>
        <technique_common>
          <accessor source="#Bip01-node-transform_Bip01-node_transform-input-array" count="146" stride="1">
            <param name="TIME" type="float"/>
          </accessor>
        </technique_common>
        <technique profile="MAYA">
          <pre_infinity>CONSTANT</pre_infinity>
          <post_infinity>CONSTANT</post_infinity>
        </technique>
      </source>
      <source id="Bip01-node-transform_Bip01-node_transform-output">
        <float_array id="Bip01-node-transform_Bip01-node_transform-output-array" count="2336">0.000001 1 0 2.28766 -1 0.000001 0 -22.3073 0 0 1 1049.1 0 0 0 1 0.000001 1 0 2.28766 -1 0.000001 0 -22.3073 0 0 1 1159.3 0 0 0 1 0.000001 1 0 2.28766 -1 0.000001 0 -22.3073 0 0 1 1049.1 0 0 0 1 0.000001 1 0 2.28766 -1 0.000001 0 -22.3073 0 0 1 1159.3 0 0 0 1 0.000001 1 0 2.28766 -1 0.000001 0 -22.3073 0 0 1 1049.1 0 0 0 1 0.000001 1 0 2.28766 -1 0.000001 0 -22.3073 0 0 1 1035.98 0 0 0 1 0.000001 1 0 2.28766 -1 0.000001 0 -22.3073 0 0 1 1028.11 0 0 0 1 0.000001 1 0 2.28766 -1 0.000001 0 -22.3073 0 0 1 1025.49 0 0 0 1 0.000001 1 0 2.28766 -1 0.000001 0 -22.3073 0 0 1 1028.11 0 0 0 1 0.000001 1 0 2.28766 -1 0.000001 0 -22.3073 0 0 1 1035.98 0 0 0 1 0.000001 1 0 2.28766 -1 0.000001 0 -22.3073 0 0 1 1049.1 0 0 0 1 0.000001 1 0 2.28766 -1 0.000001 0 -22.3073 0 0 1 1159.3 0 0 0 1 0.000001 1 0 2.28766 -1 0.000001 0 -22.3073 0 0 1 1049.1 0 0 0 1 0.000001 1 0 2.28766 -1 0.000001 0 -22.3073 0 0 1 1159.3 0 0 0 1 0.000001 1 0 2.28766 -1 0.000001 0 -22.3073 0 0 1 1049.1 0 0 0 1 0.000001 1 0 2.28765 -1 0.000001 0 -22.3073 0 0 1 1034.29 0 0 0 1 0.000001 1 0 2.28762 -1 0.000001 0 -22.3073 0 0 1 1031.63 0 0 0 1 0.000001 1 0 2.28762 -1 0.000001 0 -22.3073 0 0 1 1037.71 0 0 0 1 0.000001 1 0 2.28766 -1 0.000001 0 -22.3073 0 0 1 1049.1 0 0 0 1 0.000001 1 0 2.28773 -1 0.000001 0 -22.3073 0 0 1 1113.66 0 0 0 1 0.000001 1 0 2.28781 -1 0.000001 0 -22.3073 0 0 1 1113.66 0 0 0 1 0.000001 1 0 2.28789 -1 0.000001 0 -22.3073 0 0 1 1113.66 0 0 0 1 0.000001 1 0 2.28798 -1 0.000001 0 -22.3073 0 0 1 1113.66 0 0 0 1 0.000001 1 0 2.28807 -1 0.000001 0 -22.3073 0 0 1 1113.66 0 0 0 1 0.000001 1 0 2.28816 -1 0.000001 0 -22.3073 0 0 1 1113.66 0 0 0 1 0.000001 1 0 2.28825 -1 0.000001 0 -22.3073 0 0 1 1113.66 0 0 0 1 0.000001 1 0 2.28835 -1 0.000001 0 -22.3073 0 0 1 1113.66 0 0 0 1 0.000001 1 0 2.28844 -1 0.000001 0 -22.3073 0 0 1 1113.66 0 0 0 1 0.000001 1 0 2.28854 -1 0.000001 0 -22.3073 0 0 1 1113.66 0 0 0 1 0.000001 1 0 2.28863 -1 0.000001 0 -22.3073 0 0 1 1113.66 0 0 0 1 0.000001 1 0 2.28872 -1 0.000001 0 -22.3073 0 0 1 1113.66 0 0 0 1 0.000001 1 0 2.28881 -1 0.000001 0 -22.3073 0 0 1 1113.66 0 0 0 1 0.000001 1 0 2.2889 -1 0.000001 0 -22.3073 0 0 1 1113.66 0 0 0 1 0.000001 1 0 2.28899 -1 0.000001 0 -22.3073 0 0 1 1113.66 0 0 0 1 0.000001 1 0 2.289 -1 0.000001 0 -22.3073 0 0 1 1113.66 0 0 0 1 0.000001 1 0 2.28765 -1 0.000001 0 -200.994 0 0 1 1306.37 0 0 0 1 0.000001 1 0 2.28766 -1 0.000001 0 -200.994 0 0 1 1306.37 0 0 0 1 0.000001 1 0 2.28766 -1 0.000001 0 -200.994 0 0 1 1306.37 0 0 0 1 0.000001 1 0 2.28766 -1 0.000001 0 -200.994 0 0 1 1306.37 0 0 0 1 0.000001 1 0 2.28766 -1 0.000001 0 -200.994 0 0 1 1306.37 0 0 0 1 0.000001 1 0 2.28766 -1 0.000001 0 -200.994 0 0 1 1306.37 0 0 0 1 0.000001 1 0 2.28766 -1 0.000001 0 -200.994 0 0 1 1306.37 0 0 0 1 0.000001 1 0 2.28766 -1 0.000001 0 -200.994 0 0 1 1306.37 0 0 0 1 0.000001 1 0 2.28766 -1 0.000001 0 -200.994 0 0 1 1306.37 0 0 0 1 0.000001 1 0 2.28766 -1 0.000001 0 -15.6619 0 0 1 1113.66 0 0 0 1 0.000001 1 0 2.28766 -1 0.000001 0 -15.662 0 0 1 1113.66 0 0 0 1 0.000001 1 0 2.28766 -1 0.000001 0 -15.768 0 0 1 1113.66 0 0 0 1 0.000001 1 0 2.28766 -1 0.000001 0 -15.875 0 0 1 1113.66 0 0 0 1 0.000001 1 0 2.28766 -1 0.000001 0 -15.9829 0 0 1 1113.66 0 0 0 1 0.000001 1 0 2.28766 -1 0.000001 0 -16.0918 0 0 1 1113.66 0 0 0 1 0.000001 1 0 2.28766 -1 0.000001 0 -16.2015 0 0 1 1113.66 0 0 0 1 0.000001 1 0 2.28766 -1 0.000001 0 -16.312 0 0 1 1113.66 0 0 0 1 0.000001 1 0 2.28766 -1 0.000001 0 -16.4232 0 0 1 1113.66 0 0 0 1 0.000001 1 0 2.28766 -1 0.000001 0 -16.5352 0 0 1 1113.66 0 0 0 1 0.000001 1 0 2.28766 -1 0.000001 0 -16.6478 0 0 1 1113.66 0 0 0 1 0.000001 1 0 2.28766 -1 0.000001 0 -16.7611 0 0 1 1113.66 0 0 0 1 0.000001 1 0 2.28766 -1 0.000001 0 -16.8749 0 0 1 1113.66 0 0 0 1 0.000001 1 0 2.28766 -1 0.000001 0 -16.9892 0 0 1 1113.66 0 0 0 1 0.000001 1 0 2.28766 -1 0.000001 0 -17.104 0 0 1 1113.66 0 0 0 1 0.000001 1 0 2.28766 -1 0.000001 0 -17.2193 0 0 1 1113.66 0 0 0 1 0.000001 1 0 2.28766 -1 0.000001 0 -17.3349 0 0 1 1113.66 0 0 0 1 0.000001 1 0 2.28766 -1 0.000001 0 -17.4508 0 0 1 1113.66 0 0 0 1 0.000001 1 0 2.28766 -1 0.000001 0 -17.567 0 0 1 1113.66 0 0 0 1 0.000001 1 0 2.28766 -1 0.000001 0 -17.6834 0 0 1 1113.66 0 0 0 1 0.000001 1 0 2.28766 -1 0.000001 0 -17.8 0 0 1 1113.66 0 0 0 1 0.000001 1 0 2.28766 -1 0.000001 0 -17.9168 0 0 1 1113.66 0 0 0 1 0.000001 1 0 2.28766 -1 0.000001 0 -18.0336 0 0 1 1113.66 0 0 0 1 0.000001 1 0 2.28766 -1 0.000001 0 -18.1505 0 0 1 1113.66 0 0 0 1 0.000001 1 0 2.28766 -1 0.000001 0 -18.2674 0 0 1 1113.66 0 0 0 1 0.000001 1 0 2.28766 -1 0.000001 0 -18.3842 0 0 1 1113.66 0 0 0 1 0.000001 1 0 2.28766 -1 0.000001 0 -18.5009 0 0 1 1113.66 0 0 0 1 0.000001 1 0 2.28766 -1 0.000001 0 -18.6174 0 0 1 1113.66 0 0 0 1 0.000001 1 0 2.28766 -1 0.000001 0 -18.7338 0 0 1 1113.66 0 0 0 1 0.000001 1 0 2.28766 -1 0.000001 0 -18.8499 0 0 1 1113.66 0 0 0 1 0.000001 1 0 2.28766 -1 0.000001 0 -18.9657 0 0 1 1113.66 0 0 0 1 0.000001 1 0 2.28766 -1 0.000001 0 -19.0812 0 0 1 1113.66 0 0 0 1 0.000001 1 0 2.28766 -1 0.000001 0 -19.1962 0 0 1 1113.66 0 0 0 1 0.000001 1 0 2.28766 -1 0.000001 0 -19.3109 0 0 1 1113.66 0 0 0 1 0.000001 1 0 2.28766 -1 0.000001 0 -19.425 0 0 1 1113.66 0 0 0 1 0.000001 1 0 2.28766 -1 0.000001 0 -19.5386 0 0 1 1113.66 0 0 0 1 0.000001 1 0 2.28766 -1 0.000001 0 -19.6516 0 0 1 1113.66 0 0 0 1 0.000001 1 0 2.28766 -1 0.000001 0 -19.764 0 0 1 1113.66 0 0 0 1 0.000001 1 0 2.28766 -1 0.000001 0 -19.8757 0 0 1 1113.66 0 0 0 1 0.000001 1 0 2.28766 -1 0.000001 0 -19.9867 0 0 1 1113.66 0 0 0 1 0.000001 1 0 2.28766 -1 0.000001 0 -20.0969 0 0 1 1113.66 0 0 0 1 0.000001 1 0 2.28766 -1 0.000001 0 -20.2063 0 0 1 1113.66 0 0 0 1 0.000001 1 0 2.28766 -1 0.000001 0 -20.3148 0 0 1 1113.66 0 0 0 1 0.000001 1 0 2.28766 -1 0.000001 0 -20.4224 0 0 1 1113.66 0 0 0 1 0.000001 1 0 2.28766 -1 0.000001 0 -20.529 0 0 1 1113.66 0 0 0 1 0.000001 1 0 2.28766 -1 0.000001 0 -20.6346 0 0 1 1113.66 0 0 0 1 0.000001 1 0 2.28766 -1 0.000001 0 -20.7392 0 0 1 1113.66 0 0 0 1 0.000001 1 0 2.28766 -1 0.000001 0 -20.8426 0 0 1 1113.66 0 0 0 1 0.000001 1 0 2.28766 -1 0.000001 0 -20.9449 0 0 1 1113.66 0 0 0 1 0.000001 1 0 2.28766 -1 0.000001 0 -21.0459 0 0 1 1113.66 0 0 0 1 0.000001 1 0 2.28766 -1 0.000001 0 -21.1457 0 0 1 1113.66 0 0 0 1 0.000001 1 0 2.28766 -1 0.000001 0 -21.2443 0 0 1 1113.66 0 0 0 1 0.000001 1 0 2.28766 -1 0.000001 0 -21.3414 0 0 1 1113.66 0 0 0 1 0.000001 1 0 2.28766 -1 0.000001 0 -21.4372 0 0 1 1113.66 0 0 0 1 0.000001 1 0 2.28766 -1 0.000001 0 -21.5315 0 0 1 1113.66 0 0 0 1 0.000001 1 0 2.28766 -1 0.000001 0 -21.6243 0 0 1 1113.66 0 0 0 1 0.000001 1 0 2.28766 -1 0.000001 0 -21.7156 0 0 1 1113.66 0 0 0 1 0.000001 1 0 2.28766 -1 0.000001 0 -21.8052 0 0 1 1113.66 0 0 0 1 0.000001 1 0 2.28766 -1 0.000001 0 -21.8933 0 0 1 1113.66 0 0 0 1 0.000001 1 0 2.28766 -1 0.000001 0 -21.9797 0 0 1 1113.66 0 0 0 1 0.000001 1 0 2.28766 -1 0.000001 0 -22.0643 0 0 1 1113.66 0 0 0 1 0.000001 1 0 2.28766 -1 0.000001 0 -22.1471 0 0 1 1113.66 0 0 0 1 0.000001 1 0 2.28766 -1 0.000001 0 -22.2281 0 0 1 1113.66 0 0 0 1 0.000001 1 0 2.28766 -1 0.000001 0 -22.3073 0 0 1 1113.66 0 0 0 1 0.000001 1 0 2.28766 -1 0.000001 0 -22.3788 0 0 1 1113.66 0 0 0 1 0.000001 1 0 2.28766 -1 0.000001 0 -22.4376 0 0 1 1113.66 0 0 0 1 0.000001 1 0 2.28766 -1 0.000001 0 -22.4846 0 0 1 1113.66 0 0 0 1 0.000001 1 0 2.28766 -1 0.000001 0 -22.5207 0 0 1 1113.66 0 0 0 1 0.000001 1 0 2.28766 -1 0.000001 0 -22.5467 0 0 1 1113.66 0 0 0 1 0.000001 1 0 2.28766 -1 0.000001 0 -22.5635 0 0 1 1113.66 0 0 0 1 0.000001 1 0 2.28766 -1 0.000001 0 -22.5721 0 0 1 1113.66 0 0 0 1 0.000001 1 0 2.28766 -1 0.000001 0 -22.5733 0 0 1 1113.66 0 0 0 1 0.000001 1 0 2.28766 -1 0.000001 0 -22.568 0 0 1 1113.66 0 0 0 1 0.000001 1 0 2.28766 -1 0.000001 0 -22.557 0 0 1 1113.66 0 0 0 1 0.000001 1 0 2.28766 -1 0.000001 0 -22.5414 0 0 1 1113.66 0 0 0 1 0.000001 1 0 2.28766 -1 0.000001 0 -22.5218 0 0 1 1113.66 0 0 0 1 0.000001 1 0 2.28766 -1 0.000001 0 -22.4994 0 0 1 1113.66 0 0 0 1 0.000001 1 0 2.28766 -1 0.000001 0 -22.4748 0 0 1 1113.66 0 0 0 1 0.000001 1 0 2.28766 -1 0.000001 0 -22.4491 0 0 1 1113.66 0 0 0 1 0.000001 1 0 2.28766 -1 0.000001 0 -22.4231 0 0 1 1113.66 0 0 0 1 0.000001 1 0 2.28766 -1 0.000001 0 -22.3977 0 0 1 1113.66 0 0 0 1 0.000001 1 0 2.28766 -1 0.000001 0 -22.3737 0 0 1 1113.66 0 0 0 1 0.000001 1 0 2.28766 -1 0.000001 0 -22.3522 0 0 1 1113.66 0 0 0 1 0.000001 1 0 2.28766 -1 0.000001 0 -22.3338 0 0 1 1113.66 0 0 0 1 0.000001 1 0 2.28766 -1 0.000001 0 -22.3197 0 0 1 1113.66 0 0 0 1 0.000001 1 0 2.28766 -1 0.000001 0 -22.3105 0 0 1 1113.66 0 0 0 1 0.000001 1 0 2.28766 -1 0.000001 0 -22.3072 0 0 1 1113.66 0 0 0 1 0.000001 1 0 2.28766 -1 0.000001 0 -22.3072 0 0 1 1113.66 0 0 0 1 0.000001 1 0 2.28766 -1 0.000001 0 -22.3072 0 0 1 1113.66 0 0 0 1 0.000001 1 0 -0.000078 0.34202 0.000001 0.939693 -1804.07 0.939693 0 -0.34202 334.215 0 0 0 1 0.000001 1 0 2.28766 -1 0.000001 0 -22.3072 0 0 1 1113.66 0 0 0 1 0.000001 1 0 2.28899 -1 0.000001 0 -22.3073 0 0 1 1113.66 0 0 0 1 0.000001 1 0 2.28899 -0.996195 0.000001 0.087155 -22.307 0.087155 0 0.996195 780.934 0 0 0 1 0.000001 1 0 2.28899 -0.996195 0.000001 0.087155 -22.307 0.087155 0 0.996195 780.934 0 0 0 1 0.000001 1 0 2.28899 -0.996195 0.000001 0.087155 -22.307 0.087155 0 0.996195 780.934 0 0 0 1 0.000001 1 0 2.28899 -0.996195 0.000001 0.087155 -22.307 0.087155 0 0.996195 753.206 0 0 0 1 0.000001 1 0 2.28899 -0.996195 0.000001 0.087155 -22.307 0.087155 0 0.996195 780.934 0 0 0 1 0.000001 1 0 2.28899 -0.996195 0.000001 0.087155 -22.307 0.087155 0 0.996195 1113.66 0 0 0 1 0.000001 1 0 2.28899 -0.996195 0.000001 0.087155 -22.307 0.087155 0 0.996195 1113.66 0 0 0 1 0.000001 1 0 2.28899 -0.996195 0.000001 0.087155 -22.307 0.087155 0 0.996195 1113.66 0 0 0 1 0.000001 1 0 2.28899 -0.996195 0.000001 0.087155 -22.307 0.087155 0 0.996195 1113.66 0 0 0 1 0.000001 1 0 2.28899 -0.996195 0.000001 0.087155 -22.307 0.087155 0 0.996195 1113.66 0 0 0 1</float_array>
        <technique_common>
          <accessor source="#Bip01-node-transform_Bip01-node_transform-output-array" count="146" stride="16">
            <param name="TRANSFORM" type="float4x4"/>
          </accessor>
        </technique_common>
      </source>
      <source id="Bip01-node-transform_Bip01-node_transform-interpolations">
        <Name_array id="Bip01-node-transform_Bip01-node_transform-interpolations-array" count="146">LINEAR LINEAR LINEAR LINEAR LINEAR LINEAR LINEAR LINEAR LINEAR LINEAR LINEAR LINEAR LINEAR LINEAR LINEAR LINEAR LINEAR LINEAR LINEAR LINEAR LINEAR LINEAR LINEAR LINEAR LINEAR LINEAR LINEAR LINEAR LINEAR LINEAR LINEAR LINEAR LINEAR LINEAR LINEAR LINEAR LINEAR LINEAR LINEAR LINEAR LINEAR LINEAR LINEAR LINEAR LINEAR LINEAR LINEAR LINEAR LINEAR LINEAR LINEAR LINEAR LINEAR LINEAR LINEAR LINEAR LINEAR LINEAR LINEAR LINEAR LINEAR LINEAR LINEAR LINEAR LINEAR LINEAR LINEAR LINEAR LINEAR LINEAR LINEAR LINEAR LINEAR LINEAR LINEAR LINEAR LINEAR LINEAR LINEAR LINEAR LINEAR LINEAR LINEAR LINEAR LINEAR LINEAR LINEAR LINEAR LINEAR LINEAR LINEAR LINEAR LINEAR LINEAR LINEAR LINEAR LINEAR LINEAR LINEAR LINEAR LINEAR LINEAR LINEAR LINEAR LINEAR LINEAR LINEAR LINEAR LINEAR LINEAR LINEAR LINEAR LINEAR LINEAR LINEAR LINEAR LINEAR LINEAR LINEAR LINEAR LINEAR LINEAR LINEAR LINEAR LINEAR LINEAR LINEAR LINEAR LINEAR LINEAR LINEAR LINEAR LINEAR LINEAR LINEAR LINEAR LINEAR LINEAR LINEAR LINEAR LINEAR LINEAR LINEAR LINEAR LINEAR LINEAR</Name_array>
        <technique_common>
          <accessor source="#Bip01-node-transform_Bip01-node_transform-interpolations-array" count="146" stride="1">
            <param name="INTERPOLATION" type="Name"/>
          </accessor>
        </technique_common>
      </source>
      <sampler id="Bip01-node-transform_Bip01-node_transform-sampler">
        <input semantic="INPUT" source="#Bip01-node-transform_Bip01-node_transform-input"/>
        <input semantic="OUTPUT" source="#Bip01-node-transform_Bip01-node_transform-output"/>
        <input semantic="INTERPOLATION" source="#Bip01-node-transform_Bip01-node_transform-interpolations"/>
      </sampler>
      <channel source="#Bip01-node-transform_Bip01-node_transform-sampler" target="Bip01-node/transform"/>
    </animation>
    <animation id="Bip01_Spine-node-transform">
      <source id="Bip01_Spine-node-transform_Bip01_Spine-node_transform-input">
        <float_array id="Bip01_Spine-node-transform_Bip01_Spine-node_transform-input-array" count="146">0 0.1 0.2 0.3 0.4 0.5 0.6 0.7 0.8 0.9 1 1.1 1.2 1.3 1.4 1.5 1.6 1.7 1.8 1.9 2 2.1 2.2 2.3 2.4 2.5 2.6 2.7 2.8 2.9 3 3.1 3.2 3.3 3.4 3.5 3.6 3.7 3.8 3.9 4 4.1 4.2 4.3 4.4 4.5 4.6 4.7 4.8 4.9 5 5.1 5.2 5.3 5.4 5.5 5.6 5.7 5.8 5.9 6 6.1 6.2 6.3 6.4 6.5 6.6 6.7 6.8 6.9 7 7.1 7.2 7.3 7.4 7.5 7.6 7.7 7.8 7.9 8 8.1 8.2 8.3 8.4 8.5 8.6 8.7 8.8 8.9 9 9.1 9.2 9.3 9.4 9.5 9.6 9.7 9.8 9.9 10 10.1 10.2 10.3 10.4 10.5 10.6 10.7 10.8 10.9 11 11.1 11.2 11.3 11.4 11.5 11.6 11.7 11.8 11.9 12 12.1 12.2 12.3 12.4 12.5 12.6 12.7 12.8 12.9 13 13.1 13.2 13.3 13.4 13.5 13.6 13.7 13.8 13.9 14 14.1 14.2 14.3 14.4 14.5</float_array>
        <technique_common>
          <accessor source="#Bip01_Spine-node-transform_Bip01_Spine-node_transform-input-array" count="146" stride="1">
            <param name="TIME" type="float"/>
          </accessor>
        </technique_common>
        <technique profile="MAYA">
          <pre_infinity>CONSTANT</pre_infinity>
          <post_infinity>CONSTANT</post_infinity>
        </technique>
      </source>
      <source id="Bip01_Spine-node-transform_Bip01_Spine-node_transform-output">
        <float_array id="Bip01_Spine-node-transform_Bip01_Spine-node_transform-output-array" count="2336">0.999991 -0.004243 -0.000001 221.669 0.004243 0.999991 0.000004 -0.731037 0.000001 -0.000004 1 0.000308 0 0 0 1 0.996186 -0.004241 0.087153 221.669 0.00423 0.999991 0.000304 -0.731031 -0.087154 0.000065 0.996195 0.000286 0 0 0 1 0.999991 -0.004243 -0.000001 221.669 0.004243 0.999991 0.000004 -0.731037 0.000001 -0.000004 1 0.000308 0 0 0 1 0.995525 -0.00424 -0.094398 221.669 0.004228 0.999991 -0.000321 -0.731031 0.094398 -0.000079 0.995534 0.000332 0 0 0 1 0.999991 -0.004243 -0.000001 221.669 0.004243 0.999991 0.000004 -0.731037 0.000001 -0.000004 1 0.000308 0 0 0 1 0.999962 -0.004243 0.007645 221.669 0.004243 0.999991 0.00003 -0.731039 -0.007645 0.000001 0.999971 0.000306 0 0 0 1 0.99997 -0.004243 0.006462 221.669 0.004243 0.999991 0.000026 -0.731037 -0.006462 0.000000 0.999979 0.000306 0 0 0 1 0.999991 -0.004243 0.000777 221.669 0.004243 0.999991 0.000006 -0.731035 -0.000777 -0.000003 1 0.000307 0 0 0 1 0.999978 -0.004243 -0.00508 221.669 0.004243 0.999991 -0.000013 -0.731037 0.00508 -0.000008 0.999987 0.000309 0 0 0 1 0.999968 -0.004243 -0.006782 221.669 0.004243 0.999991 -0.000019 -0.731039 0.006782 -0.000009 0.999977 0.00031 0 0 0 1 0.999991 -0.004243 -0.000001 221.669 0.004243 0.999991 0.000004 -0.731037 0.000001 -0.000004 1 0.000308 0 0 0 1 0.996186 -0.004241 0.087153 221.669 0.00423 0.999991 0.000304 -0.731031 -0.087154 0.000065 0.996195 0.000286 0 0 0 1 0.999991 -0.004243 -0.000001 221.669 0.004243 0.999991 0.000004 -0.731037 0.000001 -0.000004 1 0.000308 0 0 0 1 0.995525 -0.00424 -0.094398 221.669 0.004228 0.999991 -0.000321 -0.731031 0.094398 -0.000079 0.995534 0.000332 0 0 0 1 0.999991 -0.004243 -0.000001 221.669 0.004243 0.999991 0.000004 -0.731037 0.000001 -0.000004 1 0.000308 0 0 0 1 0.999934 -0.004243 0.010633 221.669 0.004243 0.999991 0.00004 -0.731037 -0.010634 0.000004 0.999943 0.000305 0 0 0 1 0.999946 -0.004243 0.009452 221.669 0.004243 0.999991 0.000036 -0.731037 -0.009452 0.000003 0.999955 0.000305 0 0 0 1 0.999985 -0.004243 0.003543 221.669 0.004243 0.999991 0.000016 -0.731039 -0.003543 -0.000001 0.999994 0.000307 0 0 0 1 0.999991 -0.004243 -0.000001 221.669 0.004243 0.999991 0.000004 -0.731037 0.000001 -0.000004 1 0.000308 0 0 0 1 0.999991 -0.004243 -0.000001 221.669 0.004243 0.999991 0.000004 -0.731031 0.000001 -0.000004 1 0.000308 0 0 0 1 0.999991 -0.004243 -0.000001 221.669 0.004243 0.999991 0.000004 -0.731035 0.000001 -0.000004 1 0.000308 0 0 0 1 0.999991 -0.004243 -0.000001 221.669 0.004243 0.999991 0.000004 -0.731031 0.000001 -0.000004 1 0.000308 0 0 0 1 0.999991 -0.004243 -0.000001 221.669 0.004243 0.999991 0.000004 -0.731035 0.000001 -0.000004 1 0.000308 0 0 0 1 0.999991 -0.004243 -0.000001 221.669 0.004243 0.999991 0.000004 -0.731035 0.000001 -0.000004 1 0.000308 0 0 0 1 0.999991 -0.004243 -0.000001 221.669 0.004243 0.999991 0.000004 -0.731035 0.000001 -0.000004 1 0.000308 0 0 0 1 0.999978 -0.00657 -0.000001 221.671 0.00657 0.999978 0.000004 -0.731026 0.000001 -0.000004 1 0.000308 0 0 0 1 0.999937 -0.011225 -0.000001 221.674 0.011225 0.999937 0.000004 -0.730997 0.000001 -0.000004 1 0.000308 0 0 0 1 0.999892 -0.014715 -0.000001 221.677 0.014715 0.999892 0.000004 -0.730963 0.000001 -0.000004 1 0.000308 0 0 0 1 0.999908 -0.013551 -0.000001 221.676 0.013551 0.999908 0.000004 -0.730978 0.000001 -0.000004 1 0.000308 0 0 0 1 0.999991 -0.004243 -0.000001 221.669 0.004243 0.999991 0.000004 -0.731033 0.000001 -0.000004 1 0.000308 0 0 0 1 0.996556 0.082927 -0.000001 221.605 -0.082927 0.996556 0.000004 -0.728487 0.000001 -0.000004 1 0.000308 0 0 0 1 0.996556 0.082927 -0.000001 221.605 -0.082927 0.996556 0.000004 -0.728487 0.000001 -0.000004 1 0.000308 0 0 0 1 0.996556 0.082927 -0.000001 221.605 -0.082927 0.996556 0.000004 -0.728487 0.000001 -0.000004 1 0.000308 0 0 0 1 0.996556 0.082927 -0.000001 221.605 -0.082927 0.996556 0.000004 -0.728487 0.000001 -0.000004 1 0.000308 0 0 0 1 0.996556 0.082927 -0.000001 221.605 -0.082927 0.996556 0.000004 -0.728487 0.000001 -0.000004 1 0.000308 0 0 0 1 0.996556 0.082927 -0.000001 221.605 -0.082927 0.996556 0.000004 -0.728485 0.000001 -0.000004 1 0.000308 0 0 0 1 0.996556 0.082927 -0.000001 221.605 -0.082927 0.996556 0.000004 -0.728485 0.000001 -0.000004 1 0.000308 0 0 0 1 0.996556 0.082927 -0.000001 221.605 -0.082927 0.996556 0.000004 -0.728485 0.000001 -0.000004 1 0.000308 0 0 0 1 0.996556 0.082927 -0.000001 221.605 -0.082927 0.996556 0.000004 -0.728485 0.000001 -0.000004 1 0.000308 0 0 0 1 0.996556 0.082927 -0.000001 221.605 -0.082927 0.996556 0.000004 -0.728485 0.000001 -0.000004 1 0.000308 0 0 0 1 0.996556 0.082927 -0.000001 221.605 -0.082927 0.996556 0.000004 -0.728485 0.000001 -0.000004 1 0.000308 0 0 0 1 0.996556 0.082927 -0.000001 221.605 -0.082927 0.996556 0.000004 -0.728485 0.000001 -0.000004 1 0.000308 0 0 0 1 0.996556 0.082927 -0.000001 221.605 -0.082927 0.996556 0.000004 -0.728485 0.000001 -0.000004 1 0.000308 0 0 0 1 0.996556 0.082927 -0.000001 221.605 -0.082927 0.996556 0.000004 -0.728485 0.000001 -0.000004 1 0.000308 0 0 0 1 0.999991 -0.004243 -0.000001 221.669 0.004243 0.999991 0.000004 -0.731036 0.000001 -0.000004 1 0.000308 0 0 0 1 0.999938 -0.011138 -0.000001 221.674 0.011138 0.999938 0.000004 -0.730999 0.000001 -0.000004 1 0.000308 0 0 0 1 0.999891 -0.014801 -0.000001 221.677 0.014801 0.99989 0.000004 -0.730968 0.000001 -0.000004 1 0.000308 0 0 0 1 0.999874 -0.015878 -0.000001 221.677 0.015878 0.999874 0.000004 -0.730954 0.000001 -0.000004 1 0.000308 0 0 0 1 0.999887 -0.015017 -0.000001 221.677 0.015017 0.999887 0.000004 -0.730964 0.000001 -0.000004 1 0.000308 0 0 0 1 0.999917 -0.012862 -0.000001 221.675 0.012862 0.999917 0.000004 -0.730987 0.000001 -0.000004 1 0.000308 0 0 0 1 0.999949 -0.010061 -0.000001 221.673 0.010061 0.999949 0.000004 -0.731008 0.000001 -0.000004 1 0.000308 0 0 0 1 0.999974 -0.00726 -0.000001 221.671 0.00726 0.999974 0.000004 -0.731025 0.000001 -0.000004 1 0.000308 0 0 0 1 0.999987 -0.005105 -0.000001 221.67 0.005105 0.999987 0.000004 -0.731033 0.000001 -0.000004 1 0.000308 0 0 0 1 0.999991 -0.004243 -0.000001 221.669 0.004243 0.999991 0.000004 -0.731035 0.000001 -0.000004 1 0.000308 0 0 0 1 0.999991 -0.004243 -0.000001 221.669 0.004243 0.999991 0.000004 -0.731035 0.000001 -0.000004 1 0.000308 0 0 0 1 0.999991 -0.004243 -0.000001 221.669 0.004243 0.999991 0.000004 -0.731033 0.000001 -0.000004 1 0.000308 0 0 0 1 0.999991 -0.004243 -0.000001 221.669 0.004243 0.999991 0.000004 -0.731035 0.000001 -0.000004 1 0.000308 0 0 0 1 0.999991 -0.004243 -0.000001 221.669 0.004243 0.999991 0.000004 -0.731035 0.000001 -0.000004 1 0.000308 0 0 0 1 0.999991 -0.004243 -0.000001 221.669 0.004243 0.999991 0.000004 -0.731031 0.000001 -0.000004 1 0.000308 0 0 0 1 0.999991 -0.004243 -0.000001 221.669 0.004243 0.999991 0.000004 -0.731031 0.000001 -0.000004 1 0.000308 0 0 0 1 0.999991 -0.004243 -0.000001 221.669 0.004243 0.999991 0.000004 -0.731033 0.000001 -0.000004 1 0.000308 0 0 0 1 0.999991 -0.004243 -0.000001 221.669 0.004243 0.999991 0.000004 -0.731033 0.000001 -0.000004 1 0.000308 0 0 0 1 0.999991 -0.004243 -0.000001 221.669 0.004243 0.999991 0.000004 -0.731031 0.000001 -0.000004 1 0.000308 0 0 0 1 0.999991 -0.004243 -0.000001 221.669 0.004243 0.999991 0.000004 -0.731033 0.000001 -0.000004 1 0.000308 0 0 0 1 0.999991 -0.004243 -0.000001 221.669 0.004243 0.999991 0.000004 -0.731033 0.000001 -0.000004 1 0.000308 0 0 0 1 0.999991 -0.004243 -0.000001 221.669 0.004243 0.999991 0.000004 -0.731033 0.000001 -0.000004 1 0.000308 0 0 0 1 0.999991 -0.004243 -0.000001 221.669 0.004243 0.999991 0.000004 -0.731033 0.000001 -0.000004 1 0.000308 0 0 0 1 0.999991 -0.004243 -0.000001 221.669 0.004243 0.999991 0.000004 -0.731033 0.000001 -0.000004 1 0.000308 0 0 0 1 0.999991 -0.004243 -0.000001 221.669 0.004243 0.999991 0.000004 -0.731033 0.000001 -0.000004 1 0.000308 0 0 0 1 0.999991 -0.004243 -0.000001 221.669 0.004243 0.999991 0.000004 -0.731037 0.000001 -0.000004 1 0.000308 0 0 0 1 0.999991 -0.004243 -0.000001 221.669 0.004243 0.999991 0.000004 -0.731037 0.000001 -0.000004 1 0.000308 0 0 0 1 0.999991 -0.004243 -0.000001 221.669 0.004243 0.999991 0.000004 -0.731035 0.000001 -0.000004 1 0.000308 0 0 0 1 0.999991 -0.004243 -0.000001 221.669 0.004243 0.999991 0.000004 -0.731033 0.000001 -0.000004 1 0.000308 0 0 0 1 0.995832 0.091207 -0.000001 221.599 -0.091207 0.995832 0.000004 -0.727962 0.000001 -0.000004 1 0.000308 0 0 0 1 0.985536 0.169468 -0.000000 221.542 -0.169468 0.985536 0.000004 -0.720407 0.000001 -0.000003 1 0.000308 0 0 0 1 0.982335 0.187132 -0.000000 221.529 -0.187132 0.982335 0.000004 -0.718065 0.000001 -0.000003 1 0.000308 0 0 0 1 0.981197 0.193007 -0.000000 221.525 -0.193007 0.981197 0.000004 -0.717226 0.000001 -0.000003 1 0.000308 0 0 0 1 0.981771 0.19007 -0.000000 221.527 -0.19007 0.981771 0.000004 -0.717653 0.000001 -0.000003 1 0.000308 0 0 0 1 0.983437 0.18125 -0.000000 221.533 -0.18125 0.983437 0.000004 -0.718874 0.000001 -0.000003 1 0.000308 0 0 0 1 0.985536 0.169468 -0.000000 221.542 -0.169468 0.985536 0.000004 -0.720415 0.000001 -0.000003 1 0.000308 0 0 0 1 0.987829 0.155543 -0.000000 221.552 -0.155543 0.987829 0.000004 -0.72209 0.000001 -0.000003 1 0.000308 0 0 0 1 0.990325 0.138764 -0.000001 221.564 -0.138764 0.990325 0.000004 -0.723919 0.000001 -0.000003 1 0.000308 0 0 0 1 0.992802 0.119765 -0.000001 221.578 -0.119765 0.992802 0.000004 -0.725746 0.000001 -0.000003 1 0.000308 0 0 0 1 0.995068 0.09919 -0.000001 221.593 -0.09919 0.995068 0.000004 -0.727407 0.000001 -0.000004 1 0.000308 0 0 0 1 0.996977 0.077694 -0.000001 221.609 -0.077694 0.996977 0.000004 -0.728806 0.000001 -0.000004 1 0.000308 0 0 0 1 0.998434 0.055936 -0.000001 221.625 -0.055936 0.998434 0.000004 -0.729874 0.000001 -0.000004 1 0.000308 0 0 0 1 0.999402 0.034582 -0.000001 221.641 -0.034582 0.999402 0.000004 -0.730591 0.000001 -0.000004 1 0.000308 0 0 0 1 0.999898 0.0143 -0.000001 221.655 -0.0143 0.999898 0.000004 -0.730961 0.000001 -0.000004 1 0.000308 0 0 0 1 0.999991 -0.004243 -0.000001 221.669 0.004243 0.999991 0.000004 -0.731033 0.000001 -0.000004 1 0.000308 0 0 0 1 0.999991 -0.004243 -0.000001 221.669 0.004243 0.999991 0.000004 -0.731033 0.000001 -0.000004 1 0.000308 0 0 0 1 0.999991 -0.004243 -0.000001 221.669 0.004243 0.999991 0.000004 -0.731033 0.000001 -0.000004 1 0.000308 0 0 0 1 0.999991 -0.004243 -0.000001 221.669 0.004243 0.999991 0.000004 -0.731033 0.000001 -0.000004 1 0.000308 0 0 0 1 0.998131 0.061119 -0.000001 221.621 -0.061119 0.998131 0.000004 -0.72965 0.000001 -0.000004 1 0.000308 0 0 0 1 0.990732 0.135834 -0.000001 221.566 -0.135834 0.990732 0.000004 -0.724205 0.000001 -0.000003 1 0.000308 0 0 0 1 0.985536 0.169468 -0.000000 221.542 -0.169468 0.985536 0.000004 -0.720409 0.000001 -0.000003 1 0.000308 0 0 0 1 0.989819 0.142329 -0.000000 221.562 -0.142329 0.989819 0.000004 -0.723532 0.000001 -0.000003 1 0.000308 0 0 0 1 0.996482 0.083801 -0.000001 221.604 -0.083801 0.996482 0.000004 -0.728434 0.000001 -0.000004 1 0.000308 0 0 0 1 0.999828 0.018567 -0.000001 221.652 -0.018567 0.999828 0.000004 -0.730906 0.000001 -0.000004 1 0.000308 0 0 0 1 0.999604 -0.028157 -0.000001 221.686 0.028157 0.999604 0.000004 -0.730757 0.000001 -0.000004 1 0.000308 0 0 0 1 0.999688 -0.024967 -0.000001 221.684 0.024967 0.999688 0.000004 -0.73082 0.000001 -0.000004 1 0.000308 0 0 0 1 0.999991 -0.004243 -0.000001 221.669 0.004243 0.999991 0.000004 -0.731033 0.000001 -0.000004 1 0.000308 0 0 0 1 0.999996 -0.002749 -0.000001 221.668 0.002749 0.999996 0.000004 -0.731035 0.000001 -0.000004 1 0.000308 0 0 0 1 0.999991 -0.004243 -0.000001 221.669 0.004243 0.999991 0.000004 -0.731033 0.000001 -0.000004 1 0.000308 0 0 0 1 0.999991 -0.004243 -0.000001 221.669 0.004243 0.999991 0.000004 -0.731033 0.000001 -0.000004 1 0.000308 0 0 0 1 0.998974 0.039625 0.021942 221.637 -0.039665 0.999212 0.001421 -0.73045 -0.021869 -0.00229 0.999758 0.001986 0 0 0 1 0.994563 0.092215 0.04838 221.598 -0.092412 0.995719 0.001848 -0.72788 -0.048003 -0.006309 0.998827 0.004933 0 0 0 1 0.987538 0.139742 0.072398 221.564 -0.140183 0.990125 0.00102 -0.723759 -0.07154 -0.011157 0.997375 0.008487 0 0 0 1 0.981785 0.168825 0.087155 221.542 -0.169464 0.985536 -0.000065 -0.720402 -0.085905 -0.014705 0.996195 0.011081 0 0 0 1 0.979096 0.180204 0.094323 221.534 -0.18093 0.983496 -0.00086 -0.718903 -0.092922 -0.016223 0.995541 0.012194 0 0 0 1 0.977731 0.184616 0.099792 221.531 -0.185377 0.982666 -0.001681 -0.718319 -0.098373 -0.016855 0.995007 0.012651 0 0 0 1 0.977502 0.183982 0.103153 221.531 -0.184733 0.982786 -0.002314 -0.718376 -0.101803 -0.016793 0.994663 0.012611 0 0 0 1 0.978118 0.180197 0.103992 221.534 -0.180911 0.983496 -0.002597 -0.718901 -0.102744 -0.016272 0.994575 0.012244 0 0 0 1 0.979256 0.175147 0.101889 221.538 -0.175821 0.984419 -0.002398 -0.719599 -0.100722 -0.015565 0.994793 0.011716 0 0 0 1 0.98059 0.170723 0.096419 221.541 -0.17137 0.985205 -0.0016 -0.720161 -0.095266 -0.014954 0.995339 0.011272 0 0 0 1 0.981785 0.168825 0.087155 221.542 -0.169464 0.985536 -0.000065 -0.720402 -0.085905 -0.014705 0.996195 0.011087 0 0 0 1 0.98564 0.168822 -0.00351 221.542 -0.168749 0.985536 0.015595 -0.720423 0.006092 -0.014778 0.999872 0.011108 0 0 0 1 0.982006 0.168825 -0.08463 221.542 -0.16689 0.985534 0.029499 -0.720409 0.088386 -0.014844 0.995975 0.011137 0 0 0 1 0.985607 0.168822 0.008831 221.542 -0.168931 0.985536 0.01347 -0.720411 -0.006429 -0.014768 0.99987 0.011105 0 0 0 1 0.981785 0.168825 0.087155 221.542 -0.169464 0.985536 -0.000065 -0.7204 -0.085905 -0.014705 0.996195 0.011093 0 0 0 1 0.985625 0.168822 -0.00653 221.542 -0.1687 0.985536 0.016114 -0.720421 0.009156 -0.014781 0.999849 0.011109 0 0 0 1 0.982006 0.168825 -0.08463 221.542 -0.16689 0.985534 0.029499 -0.720415 0.088386 -0.014844 0.995976 0.011134 0 0 0 1 0.984125 0.177408 0.004896 221.536 -0.177462 0.984015 0.014887 -0.719307 -0.002177 -0.01552 0.999877 0.011652 0 0 0 1 0.981785 0.168825 0.087155 221.542 -0.169464 0.985536 -0.000065 -0.720398 -0.085905 -0.014705 0.996195 0.01109 0 0 0 1 0.990615 0.11705 0.070575 221.58 -0.117353 0.99309 0.000148 -0.725946 -0.07007 -0.008429 0.997506 0.00649 0 0 0 1 0.995234 0.082512 0.05197 221.605 -0.082665 0.996577 0.000786 -0.728512 -0.051727 -0.005078 0.998648 0.004037 0 0 0 1 0.998255 0.049314 0.032469 221.63 -0.049371 0.99878 0.000973 -0.730129 -0.032381 -0.002575 0.999472 0.002199 0 0 0 1 0.999703 0.01966 0.014376 221.651 -0.019672 0.999806 0.000661 -0.73089 -0.014361 -0.000944 0.999896 0.000999 0 0 0 1 0.999991 -0.004243 -0.000001 221.669 0.004243 0.999991 0.000004 -0.731037 0.000001 -0.000004 1 0.000308 0 0 0 1 0.998953 -0.045636 -0.003064 221.699 0.045637 0.998958 0.000383 -0.730295 0.003043 -0.000523 0.999995 0.000687 0 0 0 1 0.999991 -0.004243 -0.000001 221.669 0.004243 0.999991 0.000004 -0.731035 0.000001 -0.000004 1 0.000308 0 0 0 1 0.908232 0.418466 -0.000304 221.36 -0.418456 0.908205 -0.007593 -0.663803 -0.002901 0.007023 0.999971 -0.004828 0 0 0 1 0.981391 0.082608 -0.173344 221.605 -0.082647 0.996554 0.007002 -0.728493 0.173325 0.007454 0.984836 -0.005188 0 0 0 1 0.996583 0.082595 -0.000305 221.605 -0.082595 0.996554 -0.007593 -0.728485 -0.000322 0.007592 0.999971 -0.005245 0 0 0 1 0.900608 -0.426766 -0.082323 221.978 0.424531 0.904351 -0.043854 -0.661316 0.093165 0.004547 0.99564 -0.003046 0 0 0 1 0.996583 0.082595 -0.000305 221.605 -0.082595 0.996554 -0.007593 -0.728485 -0.000322 0.007592 0.999971 -0.005245 0 0 0 1 0.996556 0.082927 -0.000001 221.605 -0.082927 0.996556 0.000004 -0.728487 0.000001 -0.000004 1 0.000308 0 0 0 1 0.984062 -0.177826 -0.000001 221.796 0.177826 0.984062 0.000004 -0.719437 0.000001 -0.000004 1 0.000308 0 0 0 1 0.968541 -0.248856 -0.000002 221.848 0.248856 0.968541 0.000004 -0.708138 0.000000 -0.000004 1 0.000308 0 0 0 1 0.964819 -0.262916 -0.000002 221.858 0.262916 0.964819 0.000004 -0.705414 0.000000 -0.000004 1 0.000308 0 0 0 1 0.973739 -0.227668 -0.000001 221.832 0.227668 0.973739 0.000004 -0.711929 0.000001 -0.000004 1 0.000308 0 0 0 1 0.984062 -0.177826 -0.000001 221.796 0.177826 0.984062 0.000004 -0.719437 0.000001 -0.000004 1 0.000308 0 0 0 1 0.984062 -0.177826 -0.000002 221.796 0.177826 0.984062 0.000004 -0.719437 0.000001 -0.000004 1 0.000308 0 0 0 1 0.973739 -0.227668 -0.000002 221.832 0.227668 0.973739 0.000004 -0.711929 0.000001 -0.000004 1 0.000308 0 0 0 1 0.964819 -0.262916 -0.000002 221.858 0.262916 0.964819 0.000004 -0.705421 0.000001 -0.000004 1 0.000308 0 0 0 1 0.972905 -0.231207 -0.000002 221.835 0.231207 0.972905 0.000004 -0.711319 0.000001 -0.000004 1 0.000308 0 0 0 1 0.984062 -0.177826 -0.000002 221.796 0.177826 0.984062 0.000004 -0.719437 0.000001 -0.000004 1 0.000308 0 0 0 1</float_array>
        <technique_common>
          <accessor source="#Bip01_Spine-node-transform_Bip01_Spine-node_transform-output-array" count="146" stride="16">
            <param name="TRANSFORM" type="float4x4"/>
          </accessor>
        </technique_common>
      </source>
      <source id="Bip01_Spine-node-transform_Bip01_Spine-node_transform-interpolations">
        <Name_array id="Bip01_Spine-node-transform_Bip01_Spine-node_transform-interpolations-array" count="146">LINEAR LINEAR LINEAR LINEAR LINEAR LINEAR LINEAR LINEAR LINEAR LINEAR LINEAR LINEAR LINEAR LINEAR LINEAR LINEAR LINEAR LINEAR LINEAR LINEAR LINEAR LINEAR LINEAR LINEAR LINEAR LINEAR LINEAR LINEAR LINEAR LINEAR LINEAR LINEAR LINEAR LINEAR LINEAR LINEAR LINEAR LINEAR LINEAR LINEAR LINEAR LINEAR LINEAR LINEAR LINEAR LINEAR LINEAR LINEAR LINEAR LINEAR LINEAR LINEAR LINEAR LINEAR LINEAR LINEAR LINEAR LINEAR LINEAR LINEAR LINEAR LINEAR LINEAR LINEAR LINEAR LINEAR LINEAR LINEAR LINEAR LINEAR LINEAR LINEAR LINEAR LINEAR LINEAR LINEAR LINEAR LINEAR LINEAR LINEAR LINEAR LINEAR LINEAR LINEAR LINEAR LINEAR LINEAR LINEAR LINEAR LINEAR LINEAR LINEAR LINEAR LINEAR LINEAR LINEAR LINEAR LINEAR LINEAR LINEAR LINEAR LINEAR LINEAR LINEAR LINEAR LINEAR LINEAR LINEAR LINEAR LINEAR LINEAR LINEAR LINEAR LINEAR LINEAR LINEAR LINEAR LINEAR LINEAR LINEAR LINEAR LINEAR LINEAR LINEAR LINEAR LINEAR LINEAR LINEAR LINEAR LINEAR LINEAR LINEAR LINEAR LINEAR LINEAR LINEAR LINEAR LINEAR LINEAR LINEAR LINEAR LINEAR LINEAR LINEAR LINEAR LINEAR</Name_array>
        <technique_common>
          <accessor source="#Bip01_Spine-node-transform_Bip01_Spine-node_transform-interpolations-array" count="146" stride="1">
            <param name="INTERPOLATION" type="Name"/>
          </accessor>
        </technique_common>
      </source>
      <sampler id="Bip01_Spine-node-transform_Bip01_Spine-node_transform-sampler">
        <input semantic="INPUT" source="#Bip01_Spine-node-transform_Bip01_Spine-node_transform-input"/>
        <input semantic="OUTPUT" source="#Bip01_Spine-node-transform_Bip01_Spine-node_transform-output"/>
        <input semantic="INTERPOLATION" source="#Bip01_Spine-node-transform_Bip01_Spine-node_transform-interpolations"/>
      </sampler>
      <channel source="#Bip01_Spine-node-transform_Bip01_Spine-node_transform-sampler" target="Bip01_Spine-node/transform"/>
    </animation>
    <animation id="Bip01_L_Thigh-node-transform">
      <source id="Bip01_L_Thigh-node-transform_Bip01_L_Thigh-node_transform-input">
        <float_array id="Bip01_L_Thigh-node-transform_Bip01_L_Thigh-node_transform-input-array" count="146">0 0.1 0.2 0.3 0.4 0.5 0.6 0.7 0.8 0.9 1 1.1 1.2 1.3 1.4 1.5 1.6 1.7 1.8 1.9 2 2.1 2.2 2.3 2.4 2.5 2.6 2.7 2.8 2.9 3 3.1 3.2 3.3 3.4 3.5 3.6 3.7 3.8 3.9 4 4.1 4.2 4.3 4.4 4.5 4.6 4.7 4.8 4.9 5 5.1 5.2 5.3 5.4 5.5 5.6 5.7 5.8 5.9 6 6.1 6.2 6.3 6.4 6.5 6.6 6.7 6.8 6.9 7 7.1 7.2 7.3 7.4 7.5 7.6 7.7 7.8 7.9 8 8.1 8.2 8.3 8.4 8.5 8.6 8.7 8.8 8.9 9 9.1 9.2 9.3 9.4 9.5 9.6 9.7 9.8 9.9 10 10.1 10.2 10.3 10.4 10.5 10.6 10.7 10.8 10.9 11 11.1 11.2 11.3 11.4 11.5 11.6 11.7 11.8 11.9 12 12.1 12.2 12.3 12.4 12.5 12.6 12.7 12.8 12.9 13 13.1 13.2 13.3 13.4 13.5 13.6 13.7 13.8 13.9 14 14.1 14.2 14.3 14.4 14.5</float_array>
        <technique_common>
          <accessor source="#Bip01_L_Thigh-node-transform_Bip01_L_Thigh-node_transform-input-array" count="146" stride="1">
            <param name="TIME" type="float"/>
          </accessor>
        </technique_common>
        <technique profile="MAYA">
          <pre_infinity>CONSTANT</pre_infinity>
          <post_infinity>CONSTANT</post_infinity>
        </technique>
      </source>
      <source id="Bip01_L_Thigh-node-transform_Bip01_L_Thigh-node_transform-output">
        <float_array id="Bip01_L_Thigh-node-transform_Bip01_L_Thigh-node_transform-output-array" count="2336">-0.916115 -0.400916 0 -221.664 -0.400916 0.916115 0.000002 1.67053 -0.000001 0.000002 -1 461.333 0 0 0 1 -0.935433 0.342592 0.087155 -261.028 0.343895 0.939008 -0.000066 1.70192 -0.081862 0.02991 -0.996195 440.258 0 0 0 1 -0.690068 0.723745 0 -221.664 0.723745 0.690068 0.000002 1.67053 0.000001 0.000001 -1 461.333 0 0 0 1 -0.980691 0.171271 -0.094397 -177.125 0.172032 0.985091 0.000077 1.63501 0.093003 -0.016163 -0.995535 480.197 0 0 0 1 -0.916115 -0.400916 0 -221.664 -0.400916 0.916115 0.000002 1.67053 -0.000001 0.000002 -1 461.333 0 0 0 1 -0.864815 -0.502033 0.007647 -225.185 -0.502047 0.86484 -0.000003 1.67334 -0.006611 -0.003842 -0.999971 459.624 0 0 0 1 -0.840842 -0.541243 0.006464 -224.641 -0.541254 0.840859 -0.000002 1.67291 -0.005434 -0.0035 -0.999979 459.89 0 0 0 1 -0.843523 -0.537092 0.000779 -222.023 -0.537092 0.843524 0.000002 1.67081 -0.000658 -0.000416 -1 461.16 0 0 0 1 -0.863948 -0.503556 -0.005078 -219.318 -0.503563 0.863959 0.000006 1.66866 0.004384 0.002563 -0.999987 462.453 0 0 0 1 -0.89123 -0.453501 -0.006781 -218.53 -0.453512 0.891251 0.000008 1.66803 0.00604 0.003082 -0.999977 462.825 0 0 0 1 -0.916115 -0.400916 0 -221.664 -0.400916 0.916115 0.000002 1.67053 -0.000001 0.000002 -1 461.333 0 0 0 1 -0.995405 -0.039651 0.087155 -261.028 -0.039808 0.999207 -0.000066 1.70192 -0.087083 -0.003535 -0.996195 440.258 0 0 0 1 -0.690068 0.723745 0 -221.664 0.723745 0.690068 0.000002 1.67053 0.000001 0.000001 -1 461.333 0 0 0 1 -0.991571 0.088752 -0.094397 -177.125 0.089143 0.996019 0.000077 1.63501 0.094028 -0.008337 -0.995535 480.197 0 0 0 1 -0.916115 -0.400916 0 -221.664 -0.400916 0.916115 0.000002 1.67053 -0.000001 0.000002 -1 461.333 0 0 0 1 -0.88294 -0.469365 0.010635 -226.558 -0.469392 0.88299 -0.000005 1.67443 -0.009388 -0.004997 -0.999943 458.949 0 0 0 1 -0.870227 -0.49256 0.009453 -226.015 -0.492582 0.870266 -0.000004 1.674 -0.008224 -0.00466 -0.999955 459.217 0 0 0 1 -0.882215 -0.470833 0.003545 -223.298 -0.470836 0.882221 0 1.67183 -0.003127 -0.001669 -0.999994 460.544 0 0 0 1 -0.916115 -0.400916 0 -221.664 -0.400916 0.916115 0.000002 1.67053 -0.000001 0.000002 -1 461.333 0 0 0 1 -0.993837 0.110854 0 -221.664 0.110854 0.993837 0.000002 1.67053 0.000000 0.000002 -1 461.333 0 0 0 1 -0.993837 0.110854 0 -221.664 0.110854 0.993837 0.000002 1.67053 0.000000 0.000002 -1 461.333 0 0 0 1 -0.993837 0.110854 0 -221.664 0.110854 0.993837 0.000002 1.67053 0.000000 0.000002 -1 461.333 0 0 0 1 -0.993837 0.110854 0 -221.664 0.110854 0.993837 0.000002 1.67053 0.000000 0.000002 -1 461.333 0 0 0 1 -0.993837 0.110854 0 -221.664 0.110854 0.993837 0.000002 1.67053 0.000000 0.000002 -1 461.333 0 0 0 1 -0.993837 0.110854 0 -221.664 0.110854 0.993837 0.000002 1.67053 0.000000 0.000002 -1 461.333 0 0 0 1 -0.993576 0.113166 0 -221.661 0.113166 0.993576 0.000002 2.18636 0.000000 0.000002 -1 461.333 0 0 0 1 -0.993039 0.11779 0 -221.652 0.11779 0.993039 0.000002 3.218 0.000000 0.000002 -1 461.333 0 0 0 1 -0.992621 0.121255 0 -221.642 0.121255 0.992621 0.000002 3.9917 0.000000 0.000002 -1 461.333 0 0 0 1 -0.992762 0.1201 0 -221.646 0.1201 0.992762 0.000002 3.73381 0.000000 0.000002 -1 461.333 0 0 0 1 -0.993837 0.110854 0 -221.664 0.110854 0.993837 0.000002 1.67053 0.000000 0.000002 -1 461.333 0 0 0 1 -0.999716 0.023813 0 -220.902 0.023813 0.999717 0.000002 -17.6524 0 0.000002 -1 461.333 0 0 0 1 -0.999716 0.023813 0 -220.902 0.023813 0.999717 0.000002 -17.6524 0 0.000002 -1 461.333 0 0 0 1 -0.999716 0.023813 0 -220.902 0.023813 0.999717 0.000002 -17.6524 0 0.000002 -1 461.333 0 0 0 1 -0.999716 0.023813 0 -220.902 0.023813 0.999717 0.000002 -17.6524 0 0.000002 -1 461.333 0 0 0 1 -0.999716 0.023813 0 -220.902 0.023813 0.999717 0.000002 -17.6524 0 0.000002 -1 461.333 0 0 0 1 -0.624363 0.781134 0 -220.902 0.781134 0.624363 0.000002 -17.6523 0.000002 0.000001 -1 461.333 0 0 0 1 -0.624363 0.781134 0 -220.902 0.781134 0.624363 0.000002 -17.6523 0.000002 0.000001 -1 461.333 0 0 0 1 -0.624363 0.781134 0 -220.902 0.781134 0.624363 0.000002 -17.6524 0.000002 0.000001 -1 461.333 0 0 0 1 -0.624363 0.781134 0 -220.902 0.781134 0.624363 0.000002 -17.6524 0.000002 0.000001 -1 461.333 0 0 0 1 -0.624363 0.781134 0 -220.902 0.781134 0.624363 0.000002 -17.6524 0.000002 0.000001 -1 461.333 0 0 0 1 -0.624363 0.781134 0 -220.902 0.781134 0.624363 0.000002 -17.6524 0.000002 0.000001 -1 461.333 0 0 0 1 -0.624363 0.781134 0 -220.902 0.781134 0.624363 0.000002 -17.6523 0.000002 0.000001 -1 461.333 0 0 0 1 -0.624363 0.781134 0 -220.902 0.781134 0.624363 0.000002 -17.6523 0.000002 0.000001 -1 461.333 0 0 0 1 -0.624363 0.781134 0 -220.902 0.781134 0.624363 0.000002 -17.6523 0.000002 0.000001 -1 461.333 0 0 0 1 -0.993837 0.110854 0 -221.664 0.110854 0.993837 0.000002 1.67053 0.000000 0.000002 -1 461.333 0 0 0 1 -0.993049 0.117704 0 -221.652 0.117704 0.993049 0.000002 3.1989 0.000000 0.000002 -1 461.333 0 0 0 1 -0.992611 0.121341 0 -221.641 0.121341 0.992611 0.000002 4.01081 0.000000 0.000002 -1 461.333 0 0 0 1 -0.99248 0.12241 0 -221.638 0.12241 0.99248 0.000002 4.24958 0.000000 0.000002 -1 461.333 0 0 0 1 -0.992585 0.121555 0 -221.641 0.121555 0.992585 0.000002 4.05856 0.000000 0.000002 -1 461.333 0 0 0 1 -0.992844 0.119416 0 -221.647 0.119416 0.992844 0.000002 3.58098 0.000000 0.000002 -1 461.333 0 0 0 1 -0.993175 0.116634 0 -221.655 0.116634 0.993175 0.000002 2.9601 0.000000 0.000002 -1 461.333 0 0 0 1 -0.993498 0.113852 0 -221.66 0.113852 0.993498 0.000002 2.3392 0.000000 0.000002 -1 461.333 0 0 0 1 -0.993741 0.111711 0 -221.663 0.111711 0.993741 0.000002 1.86158 0.000000 0.000002 -1 461.333 0 0 0 1 -0.993837 0.110854 0 -221.664 0.110854 0.993837 0.000002 1.67053 0.000000 0.000002 -1 461.333 0 0 0 1 -0.993837 0.110854 0 -221.664 0.110854 0.993837 0.000002 1.67053 0.000000 0.000002 -1 461.333 0 0 0 1 -0.993837 0.110854 0 -221.664 0.110854 0.993837 0.000002 1.67053 0.000000 0.000002 -1 461.333 0 0 0 1 -0.993837 0.110854 0 -221.664 0.110854 0.993837 0.000002 1.67053 0.000000 0.000002 -1 461.333 0 0 0 1 -0.993837 0.110854 0 -221.664 0.110854 0.993837 0.000002 1.67053 0.000000 0.000002 -1 461.333 0 0 0 1 -0.993837 0.110854 0 -221.664 0.110854 0.993837 0.000002 1.67053 0.000000 0.000002 -1 461.333 0 0 0 1 -0.993837 0.110854 0 -221.664 0.110854 0.993837 0.000002 1.67053 0.000000 0.000002 -1 461.333 0 0 0 1 -0.993837 0.110854 0 -221.664 0.110854 0.993837 0.000002 1.67053 0.000000 0.000002 -1 461.333 0 0 0 1 -0.993837 0.110854 0 -221.664 0.110854 0.993837 0.000002 1.67053 0.000000 0.000002 -1 461.333 0 0 0 1 -0.993837 0.110854 0 -221.664 0.110854 0.993837 0.000002 1.67053 0.000000 0.000002 -1 461.333 0 0 0 1 -0.993837 0.110854 0 -221.664 0.110854 0.993837 0.000002 1.67053 0.000000 0.000002 -1 461.333 0 0 0 1 -0.993837 0.110854 0 -221.664 0.110854 0.993837 0.000002 1.67053 0.000000 0.000002 -1 461.333 0 0 0 1 -0.993837 0.110854 0 -221.664 0.110854 0.993837 0.000002 1.67053 0.000000 0.000002 -1 461.333 0 0 0 1 -0.993837 0.110854 0 -221.664 0.110854 0.993837 0.000002 1.67053 0.000000 0.000002 -1 461.333 0 0 0 1 -0.993837 0.110854 0 -221.664 0.110854 0.993837 0.000002 1.67053 0.000000 0.000002 -1 461.333 0 0 0 1 -0.993837 0.110854 0 -221.664 0.110854 0.993837 0.000002 1.67053 0.000000 0.000002 -1 461.333 0 0 0 1 -0.993837 0.110854 0 -221.664 0.110854 0.993837 0.000002 1.67053 0.000000 0.000002 -1 461.333 0 0 0 1 -0.993837 0.110854 0 -221.664 0.110854 0.993837 0.000002 1.67053 0.000000 0.000002 -1 461.333 0 0 0 1 -0.993837 0.110854 0 -221.664 0.110854 0.993837 0.000002 1.67053 0.000000 0.000002 -1 461.333 0 0 0 1 -0.993837 0.110854 0 -221.664 0.110854 0.993837 0.000002 1.67053 0.000000 0.000002 -1 461.333 0 0 0 1 -0.99988 0.015503 0 -220.742 0.015503 0.99988 0.000002 -19.4877 0 0.000002 -1 461.333 0 0 0 1 -0.997988 -0.063408 0 -218.459 -0.063408 0.997988 0.000002 -36.8354 -0.000000 0.000002 -1 461.333 0 0 0 1 -0.996689 -0.081313 0 -217.75 -0.081313 0.996689 0.000002 -40.7509 -0.000000 0.000002 -1 461.333 0 0 0 1 -0.996184 -0.087275 0 -217.498 -0.087275 0.996184 0.000002 -42.0532 -0.000000 0.000002 -1 461.333 0 0 0 1 -0.996441 -0.084294 0 -217.625 -0.084294 0.996441 0.000002 -41.4023 -0.000000 0.000002 -1 461.333 0 0 0 1 -0.997157 -0.075347 0 -217.994 -0.075347 0.997157 0.000002 -39.4472 -0.000000 0.000002 -1 461.333 0 0 0 1 -0.997988 -0.063408 0 -218.46 -0.063408 0.997988 0.000002 -36.8354 -0.000000 0.000002 -1 461.333 0 0 0 1 -0.998783 -0.049319 0 -218.968 -0.049319 0.998783 0.000002 -33.7489 -0.000000 0.000002 -1 461.333 0 0 0 1 -0.999476 -0.032369 0 -219.521 -0.032369 0.999476 0.000002 -30.0295 -0.000000 0.000002 -1 461.333 0 0 0 1 -0.999913 -0.013214 0 -220.07 -0.013214 0.999913 0.000002 -25.8181 -0.000000 0.000002 -1 461.333 0 0 0 1 -0.999972 0.007484 0 -220.573 0.007484 0.999972 0.000002 -21.2574 0 0.000002 -1 461.333 0 0 0 1 -0.999578 0.029061 0 -220.996 0.029061 0.999578 0.000002 -16.4924 0 0.000002 -1 461.333 0 0 0 1 -0.998706 0.050851 0 -221.318 0.050851 0.998706 0.000002 -11.6694 0 0.000002 -1 461.333 0 0 0 1 -0.997391 0.072186 0 -221.533 0.072186 0.997391 0.000002 -6.93591 0 0.000002 -1 461.333 0 0 0 1 -0.995721 0.092405 0 -221.643 0.092405 0.995722 0.000002 -2.44002 0.000000 0.000002 -1 461.333 0 0 0 1 -0.993837 0.110854 0 -221.664 0.110854 0.993837 0.000002 1.67053 0.000000 0.000002 -1 461.333 0 0 0 1 -0.993837 0.110854 0 -221.664 0.110854 0.993837 0.000002 1.67053 0.000000 0.000002 -1 461.333 0 0 0 1 -0.993837 0.110854 0 -221.664 0.110854 0.993837 0.000002 1.67053 0.000000 0.000002 -1 461.333 0 0 0 1 -0.993837 0.110854 0 -221.664 0.110854 0.993837 0.000002 1.67053 0.000000 0.000002 -1 461.333 0 0 0 1 -0.998957 0.045665 0 -221.251 0.045665 0.998957 0.000002 -12.8183 0 0.000002 -1 461.333 0 0 0 1 -0.999567 -0.029412 0 -219.611 -0.029412 0.999567 0.000002 -29.3799 -0.000000 0.000002 -1 461.333 0 0 0 1 -0.997988 -0.063408 0 -218.46 -0.063408 0.997988 0.000002 -36.8354 -0.000000 0.000002 -1 461.333 0 0 0 1 -0.999353 -0.035967 0 -219.409 -0.035967 0.999353 0.000002 -30.8197 -0.000000 0.000002 -1 461.333 0 0 0 1 -0.999737 0.022936 0 -220.886 0.022936 0.999737 0.000002 -17.8462 0 0.000002 -1 461.333 0 0 0 1 -0.996107 0.088155 0 -221.628 0.088155 0.996107 0.000002 -3.38596 0.000000 0.000002 -1 461.333 0 0 0 1 -0.990901 0.13459 0 -221.578 0.13459 0.990901 0.000002 6.97138 0.000000 0.000002 -1 461.333 0 0 0 1 -0.991326 0.131427 0 -221.597 0.131427 0.991326 0.000002 6.26418 0.000000 0.000002 -1 461.333 0 0 0 1 -0.993837 0.110854 0 -221.664 0.110854 0.993837 0.000002 1.67053 0.000000 0.000002 -1 461.333 0 0 0 1 -0.994001 0.109368 0 -221.665 0.109368 0.994001 0.000002 1.33918 0.000000 0.000002 -1 461.333 0 0 0 1 -0.993837 0.110854 0 -221.664 0.110854 0.993837 0.000002 1.67053 0.000000 0.000002 -1 461.333 0 0 0 1 -0.993837 0.110854 0 -221.664 0.110854 0.993837 0.000002 1.67053 0.000000 0.000002 -1 461.333 0 0 0 1 -0.997507 0.067086 0.02187 -231.528 0.067152 0.99774 0.002289 -9.10867 -0.021667 0.003752 -0.999758 456.357 0 0 0 1 -0.998746 0.01417 0.048004 -242.607 0.014489 0.999875 0.006307 -22.62 -0.047909 0.006995 -0.998827 450.067 0 0 0 1 -0.996855 -0.034077 0.071542 -251.908 -0.033363 0.999381 0.011156 -35.3917 -0.071878 0.008734 -0.997375 444.073 0 0 0 1 -0.994258 -0.063805 0.085907 -257.26 -0.062769 0.99792 0.014704 -43.4753 -0.086666 0.009227 -0.996195 440.258 0 0 0 1 -0.992807 -0.075492 0.092923 -259.901 -0.0743 0.997104 0.016222 -46.6978 -0.093879 0.009201 -0.995541 438.367 0 0 0 1 -0.991924 -0.080059 0.098374 -262.113 -0.078776 0.99675 0.016854 -47.9676 -0.099404 0.008968 -0.995007 436.908 0 0 0 1 -0.991627 -0.079443 0.101805 -263.644 -0.078133 0.996802 0.016791 -47.7982 -0.102813 0.008696 -0.994663 436.005 0 0 0 1 -0.991832 -0.075577 0.102745 -264.215 -0.074294 0.997104 0.016271 -46.7191 -0.103677 0.008505 -0.994575 435.778 0 0 0 1 -0.992421 -0.070395 0.100723 -263.535 -0.069174 0.997483 0.015564 -45.2733 -0.101566 0.008478 -0.994793 436.345 0 0 0 1 -0.993273 -0.065827 0.095267 -261.313 -0.064692 0.997793 0.014953 -44.0109 -0.096041 0.008689 -0.995339 437.809 0 0 0 1 -0.994258 -0.063805 0.085907 -257.26 -0.062769 0.99792 0.014704 -43.4753 -0.086666 0.009227 -0.996195 440.258 0 0 0 1 -0.998015 -0.062682 -0.006091 -215.673 -0.062766 0.997919 0.014777 -43.5085 0.005152 0.01513 -0.999872 462.052 0 0 0 1 -0.994203 -0.061221 -0.088385 -176.902 -0.06277 0.997918 0.014843 -43.5395 0.087292 0.020305 -0.995976 478.236 0 0 0 1 -0.998001 -0.062867 0.006431 -221.443 -0.062766 0.997919 0.014767 -43.5039 -0.007346 0.014334 -0.99987 459.315 0 0 0 1 -0.994258 -0.063804 0.085907 -257.26 -0.062769 0.99792 0.014704 -43.4753 -0.086666 0.009227 -0.996195 440.258 0 0 0 1 -0.997995 -0.062635 -0.009154 -214.256 -0.062766 0.997919 0.01478 -43.5096 0.008209 0.015325 -0.999849 462.71 0 0 0 1 -0.994203 -0.061221 -0.088385 -176.902 -0.06277 0.997918 0.014843 -43.5395 0.087292 0.020305 -0.995976 478.236 0 0 0 1 -0.997438 -0.071507 0.002179 -219.152 -0.071465 0.997322 0.015519 -45.7537 -0.003283 0.015323 -0.999877 460.19 0 0 0 1 -0.994258 -0.063804 0.085907 -257.26 -0.062769 0.99792 0.014704 -43.4753 -0.086666 0.009227 -0.996195 440.258 0 0 0 1 -0.997481 -0.011049 0.070072 -251.912 -0.010484 0.99991 0.008428 -29.1032 -0.070159 0.007672 -0.997506 444.538 0 0 0 1 -0.998374 0.023933 0.051728 -244.474 0.024228 0.999694 0.005077 -19.9016 -0.051591 0.006322 -0.998648 449.189 0 0 0 1 -0.997828 0.057359 0.032382 -236.218 0.057472 0.998344 0.002573 -11.3876 -0.032181 0.004429 -0.999472 453.892 0 0 0 1 -0.996101 0.087043 0.014362 -228.226 0.087066 0.996202 0.000942 -4.06191 -0.014226 0.002189 -0.999896 458.098 0 0 0 1 -0.993837 0.110854 0 -221.664 0.110854 0.993837 0.000002 1.67053 0.000000 0.000002 -1 461.333 0 0 0 1 -0.988391 0.151901 -0.003042 -220.03 0.1519 0.988396 0.000521 10.6064 0.003086 0.000053 -0.999995 462.009 0 0 0 1 -0.993837 0.110854 0 -221.664 0.110854 0.993837 0.000002 1.67053 0.000000 0.000002 -1 461.333 0 0 0 1 -0.850363 0.523564 -0.052573 -202.663 0.510649 0.845215 0.15764 -88.7879 0.12697 0.107205 -0.986096 461.387 0 0 0 1 -0.984608 0.080399 -0.155184 -137.581 0.02413 0.941943 0.334905 -14.1409 0.173101 0.326006 -0.929385 492.762 0 0 0 1 -0.999708 0.023723 0.004512 -221.058 0.024143 0.985811 0.166114 -14.0744 -0.000507 0.166175 -0.986096 461.387 0 0 0 1 -0.984181 0.177159 -0.001773 -156.654 0.175068 0.974004 0.143761 97.4291 0.027196 0.141177 -0.989611 477.57 0 0 0 1 -0.999708 0.023723 0.004512 -221.058 0.024143 0.985811 0.166114 -14.0744 -0.000507 0.166175 -0.986096 461.387 0 0 0 1 -0.999716 0.023813 0 -220.902 0.023813 0.999717 0.000002 -17.6524 0 0.000002 -1 461.333 0 0 0 1 -0.997988 -0.063408 0 -218.133 -0.063408 0.997988 0.000002 40.1478 -0.000000 0.000002 -1 461.333 0 0 0 1 -0.999957 0.009271 0 -214.692 0.009271 0.999957 0.000002 55.8928 0 0.000002 -1 461.333 0 0 0 1 -0.999716 0.023813 0 -213.867 0.023813 0.999716 0.000002 59.0094 0 0.000002 -1 461.333 0 0 0 1 -0.999133 -0.041622 0 -215.845 -0.041622 0.999134 0.000002 51.1961 -0.000000 0.000002 -1 461.333 0 0 0 1 -0.997988 -0.063408 0 -218.133 -0.063408 0.997988 0.000002 40.1478 -0.000000 0.000002 -1 461.333 0 0 0 1 -0.959488 0.281748 -0.000000 -218.133 0.281748 0.959489 0.000002 40.1478 0.000000 0.000002 -1 461.333 0 0 0 1 -0.943909 0.330205 -0.000000 -215.844 0.330205 0.943909 0.000002 51.1961 0.000001 0.000002 -1 461.333 0 0 0 1 -0.931281 0.364301 -0.000000 -213.867 0.364301 0.931281 0.000002 59.0093 0.000001 0.000002 -1 461.333 0 0 0 1 -0.942702 0.333635 -0.000000 -215.66 0.333635 0.942702 0.000002 51.9806 0.000001 0.000002 -1 461.333 0 0 0 1 -0.959488 0.281748 -0.000000 -218.133 0.281748 0.959489 0.000002 40.1478 0.000000 0.000002 -1 461.333 0 0 0 1</float_array>
        <technique_common>
          <accessor source="#Bip01_L_Thigh-node-transform_Bip01_L_Thigh-node_transform-output-array" count="146" stride="16">
            <param name="TRANSFORM" type="float4x4"/>
          </accessor>
        </technique_common>
      </source>
      <source id="Bip01_L_Thigh-node-transform_Bip01_L_Thigh-node_transform-interpolations">
        <Name_array id="Bip01_L_Thigh-node-transform_Bip01_L_Thigh-node_transform-interpolations-array" count="146">LINEAR LINEAR LINEAR LINEAR LINEAR LINEAR LINEAR LINEAR LINEAR LINEAR LINEAR LINEAR LINEAR LINEAR LINEAR LINEAR LINEAR LINEAR LINEAR LINEAR LINEAR LINEAR LINEAR LINEAR LINEAR LINEAR LINEAR LINEAR LINEAR LINEAR LINEAR LINEAR LINEAR LINEAR LINEAR LINEAR LINEAR LINEAR LINEAR LINEAR LINEAR LINEAR LINEAR LINEAR LINEAR LINEAR LINEAR LINEAR LINEAR LINEAR LINEAR LINEAR LINEAR LINEAR LINEAR LINEAR LINEAR LINEAR LINEAR LINEAR LINEAR LINEAR LINEAR LINEAR LINEAR LINEAR LINEAR LINEAR LINEAR LINEAR LINEAR LINEAR LINEAR LINEAR LINEAR LINEAR LINEAR LINEAR LINEAR LINEAR LINEAR LINEAR LINEAR LINEAR LINEAR LINEAR LINEAR LINEAR LINEAR LINEAR LINEAR LINEAR LINEAR LINEAR LINEAR LINEAR LINEAR LINEAR LINEAR LINEAR LINEAR LINEAR LINEAR LINEAR LINEAR LINEAR LINEAR LINEAR LINEAR LINEAR LINEAR LINEAR LINEAR LINEAR LINEAR LINEAR LINEAR LINEAR LINEAR LINEAR LINEAR LINEAR LINEAR LINEAR LINEAR LINEAR LINEAR LINEAR LINEAR LINEAR LINEAR LINEAR LINEAR LINEAR LINEAR LINEAR LINEAR LINEAR LINEAR LINEAR LINEAR LINEAR LINEAR LINEAR LINEAR LINEAR</Name_array>
        <technique_common>
          <accessor source="#Bip01_L_Thigh-node-transform_Bip01_L_Thigh-node_transform-interpolations-array" count="146" stride="1">
            <param name="INTERPOLATION" type="Name"/>
          </accessor>
        </technique_common>
      </source>
      <sampler id="Bip01_L_Thigh-node-transform_Bip01_L_Thigh-node_transform-sampler">
        <input semantic="INPUT" source="#Bip01_L_Thigh-node-transform_Bip01_L_Thigh-node_transform-input"/>
        <input semantic="OUTPUT" source="#Bip01_L_Thigh-node-transform_Bip01_L_Thigh-node_transform-output"/>
        <input semantic="INTERPOLATION" source="#Bip01_L_Thigh-node-transform_Bip01_L_Thigh-node_transform-interpolations"/>
      </sampler>
      <channel source="#Bip01_L_Thigh-node-transform_Bip01_L_Thigh-node_transform-sampler" target="Bip01_L_Thigh-node/transform"/>
    </animation>
    <animation id="Bip01_L_Calf-node-transform">
      <source id="Bip01_L_Calf-node-transform_Bip01_L_Calf-node_transform-input">
        <float_array id="Bip01_L_Calf-node-transform_Bip01_L_Calf-node_transform-input-array" count="146">0 0.1 0.2 0.3 0.4 0.5 0.6 0.7 0.8 0.9 1 1.1 1.2 1.3 1.4 1.5 1.6 1.7 1.8 1.9 2 2.1 2.2 2.3 2.4 2.5 2.6 2.7 2.8 2.9 3 3.1 3.2 3.3 3.4 3.5 3.6 3.7 3.8 3.9 4 4.1 4.2 4.3 4.4 4.5 4.6 4.7 4.8 4.9 5 5.1 5.2 5.3 5.4 5.5 5.6 5.7 5.8 5.9 6 6.1 6.2 6.3 6.4 6.5 6.6 6.7 6.8 6.9 7 7.1 7.2 7.3 7.4 7.5 7.6 7.7 7.8 7.9 8 8.1 8.2 8.3 8.4 8.5 8.6 8.7 8.8 8.9 9 9.1 9.2 9.3 9.4 9.5 9.6 9.7 9.8 9.9 10 10.1 10.2 10.3 10.4 10.5 10.6 10.7 10.8 10.9 11 11.1 11.2 11.3 11.4 11.5 11.6 11.7 11.8 11.9 12 12.1 12.2 12.3 12.4 12.5 12.6 12.7 12.8 12.9 13 13.1 13.2 13.3 13.4 13.5 13.6 13.7 13.8 13.9 14 14.1 14.2 14.3 14.4 14.5</float_array>
        <technique_common>
          <accessor source="#Bip01_L_Calf-node-transform_Bip01_L_Calf-node_transform-input-array" count="146" stride="1">
            <param name="TIME" type="float"/>
          </accessor>
        </technique_common>
        <technique profile="MAYA">
          <pre_infinity>CONSTANT</pre_infinity>
          <post_infinity>CONSTANT</post_infinity>
        </technique>
      </source>
      <source id="Bip01_L_Calf-node-transform_Bip01_L_Calf-node_transform-output">
        <float_array id="Bip01_L_Calf-node-transform_Bip01_L_Calf-node_transform-output-array" count="2336">0.853013 0.521891 0 504.69 -0.521891 0.853012 0 0 0 0 1 0 0 0 0 1 0.317981 0.948097 0 504.69 -0.948097 0.317981 0 0.00003 0 0 1 0 0 0 0 1 0.853012 0.521891 0 504.69 -0.521891 0.853013 0 0 0 0 1 0 0 0 0 1 0.881914 0.47141 0 504.69 -0.47141 0.881915 0 0 0 0 1 0 0 0 0 1 0.853013 0.521891 0 504.69 -0.521891 0.853012 0 0 0 0 1 0 0 0 0 1 0.85787 0.513868 0 504.69 -0.513867 0.85787 0 0.00003 0 0 1 0 0 0 0 1 0.868289 0.496059 0 504.69 -0.496059 0.868289 0 -0.000061 0 0 1 0 0 0 0 1 0.878339 0.478038 0 504.69 -0.478038 0.878339 0 0.000061 0 0 1 0 0 0 0 1 0.882784 0.46978 0 504.69 -0.46978 0.882784 0 0 0 0 1 0 0 0 0 1 0.876539 0.48133 0 504.69 -0.48133 0.876539 0 0 0 0 1 0 0 0 0 1 0.853013 0.521891 0 504.69 -0.521891 0.853012 0 0 0 0 1 0 0 0 0 1 0.521866 0.853027 0 504.69 -0.853027 0.521866 0 -0.000003 0 0 1 0 0 0 0 1 0.853012 0.521891 0 504.69 -0.521891 0.853013 0 0 0 0 1 0 0 0 0 1 0.993652 0.112495 0 504.69 -0.112495 0.993652 0 0.000007 0 0 1 0 0 0 0 1 0.853013 0.521891 0 504.69 -0.521891 0.853012 0 0 0 0 1 0 0 0 0 1 0.826377 0.563117 0 504.69 -0.563117 0.826377 0 -0.00003 0 0 1 0 0 0 0 1 0.829436 0.558601 0 504.69 -0.558601 0.829436 0 0 0 0 1 0 0 0 0 1 0.844359 0.535777 0 504.69 -0.535777 0.844359 0 0.00003 0 0 1 0 0 0 0 1 0.853013 0.521891 0 504.69 -0.521891 0.853012 0 0 0 0 1 0 0 0 0 1 0.853012 0.521891 0 504.69 -0.521891 0.853012 0 0 0 0 1 0 0 0 0 1 0.853012 0.521891 0 504.69 -0.521891 0.853012 0 0.000015 0 0 1 0 0 0 0 1 0.853012 0.521891 0 504.69 -0.521891 0.853012 0 0 0 0 1 0 0 0 0 1 0.853012 0.521891 0 504.69 -0.521891 0.853012 0 0 0 0 1 0 0 0 0 1 0.853012 0.521891 0 504.69 -0.521891 0.853012 0 0.000015 0 0 1 0 0 0 0 1 0.853012 0.521891 0 504.69 -0.521891 0.853012 0 0.000015 0 0 1 0 0 0 0 1 0.853012 0.521891 0 504.69 -0.521891 0.853012 0 0 0 0 1 0 0 0 0 1 0.853012 0.521891 0 504.69 -0.521891 0.853012 0 0 0 0 1 0 0 0 0 1 0.853012 0.521891 0 504.69 -0.521891 0.853012 0 0 0 0 1 0 0 0 0 1 0.853012 0.521891 0 504.69 -0.521891 0.853012 0 0 0 0 1 0 0 0 0 1 0.853012 0.521891 0 504.69 -0.521891 0.853012 0 0 0 0 1 0 0 0 0 1 0.853012 0.521891 0 504.69 -0.521891 0.853012 0 0 0 0 1 0 0 0 0 1 0.853012 0.521891 0 504.69 -0.521891 0.853012 0 0 0 0 1 0 0 0 0 1 0.853012 0.521891 0 504.69 -0.521891 0.853012 0 0 0 0 1 0 0 0 0 1 0.853012 0.521891 0 504.69 -0.521891 0.853012 0 0 0 0 1 0 0 0 0 1 0.853012 0.521891 0 504.69 -0.521891 0.853012 0 0 0 0 1 0 0 0 0 1 0.853012 0.521891 0 504.69 -0.521891 0.853012 0 0 0 0 1 0 0 0 0 1 0.853012 0.521891 0 504.69 -0.521891 0.853012 0 0 0 0 1 0 0 0 0 1 0.853012 0.521891 0 504.69 -0.521891 0.853012 0 0.000122 0 0 1 0 0 0 0 1 0.853012 0.521891 0 504.69 -0.521891 0.853012 0 0 0 0 1 0 0 0 0 1 0.853012 0.521891 0 504.69 -0.521891 0.853012 0 0 0 0 1 0 0 0 0 1 0.853012 0.521891 0 504.69 -0.521891 0.853012 0 0 0 0 1 0 0 0 0 1 0.853012 0.521891 0 504.69 -0.521891 0.853012 0 0 0 0 1 0 0 0 0 1 0.853012 0.521891 0 504.69 -0.521891 0.853012 0 0 0 0 1 0 0 0 0 1 0.853012 0.521891 0 504.69 -0.521891 0.853012 0 0 0 0 1 0 0 0 0 1 0.853012 0.521891 0 504.69 -0.521891 0.853012 0 0.000015 0 0 1 0 0 0 0 1 0.853012 0.521891 0 504.69 -0.521891 0.853012 0 0 0 0 1 0 0 0 0 1 0.853012 0.521891 0 504.69 -0.521891 0.853012 0 0.000015 0 0 1 0 0 0 0 1 0.853012 0.521891 0 504.69 -0.521891 0.853012 0 0.000015 0 0 1 0 0 0 0 1 0.853013 0.52189 0 504.69 -0.52189 0.853013 0 0.000015 0 0 1 0 0 0 0 1 0.853012 0.521891 0 504.69 -0.521891 0.853012 0 0.000015 0 0 1 0 0 0 0 1 0.853012 0.521891 0 504.69 -0.521891 0.853012 0 0 0 0 1 0 0 0 0 1 0.853012 0.521891 0 504.69 -0.521891 0.853012 0 0.000015 0 0 1 0 0 0 0 1 0.853012 0.521891 0 504.69 -0.521891 0.853012 0 0.000015 0 0 1 0 0 0 0 1 0.853012 0.521891 0 504.69 -0.521891 0.853012 0 0.000015 0 0 1 0 0 0 0 1 0.853012 0.521891 0 504.69 -0.521891 0.853012 0 0.000015 0 0 1 0 0 0 0 1 0.853012 0.521891 0 504.69 -0.521891 0.853012 0 0 0 0 1 0 0 0 0 1 0.853012 0.521891 0 504.69 -0.521891 0.853012 0 0 0 0 1 0 0 0 0 1 0.853012 0.521891 0 504.69 -0.521891 0.853012 0 0.000015 0 0 1 0 0 0 0 1 0.853012 0.521891 0 504.69 -0.521891 0.853012 0 0 0 0 1 0 0 0 0 1 0.853012 0.521891 0 504.69 -0.521891 0.853012 0 0.000015 0 0 1 0 0 0 0 1 0.853012 0.521891 0 504.69 -0.521891 0.853012 0 0.000015 0 0 1 0 0 0 0 1 0.853012 0.521891 0 504.69 -0.521891 0.853012 0 0.000015 0 0 1 0 0 0 0 1 0.853012 0.521891 0 504.69 -0.521891 0.853012 0 0 0 0 1 0 0 0 0 1 0.853012 0.521891 0 504.69 -0.521891 0.853012 0 0.000015 0 0 1 0 0 0 0 1 0.853012 0.521891 0 504.69 -0.521891 0.853012 0 0.000015 0 0 1 0 0 0 0 1 0.853012 0.521891 0 504.69 -0.521891 0.853012 0 0 0 0 1 0 0 0 0 1 0.853012 0.521891 0 504.69 -0.521891 0.853012 0 0 0 0 1 0 0 0 0 1 0.853012 0.521891 0 504.69 -0.521891 0.853012 0 0.000015 0 0 1 0 0 0 0 1 0.853012 0.521891 0 504.69 -0.521891 0.853012 0 0 0 0 1 0 0 0 0 1 0.853012 0.521891 0 504.69 -0.521891 0.853012 0 0.000015 0 0 1 0 0 0 0 1 0.853012 0.521891 0 504.69 -0.521891 0.853012 0 0 0 0 1 0 0 0 0 1 0.853012 0.521891 0 504.69 -0.521891 0.853012 0 0 0 0 1 0 0 0 0 1 0.853012 0.521891 0 504.69 -0.521891 0.853012 0 0.000015 0 0 1 0 0 0 0 1 0.853012 0.521891 0 504.69 -0.521891 0.853012 0 0 0 0 1 0 0 0 0 1 0.853012 0.521891 0 504.69 -0.521891 0.853012 0 0 0 0 1 0 0 0 0 1 0.853012 0.521891 0 504.69 -0.521891 0.853012 0 0 0 0 1 0 0 0 0 1 0.853012 0.521891 0 504.69 -0.521891 0.853012 0 0 0 0 1 0 0 0 0 1 0.853012 0.521891 0 504.69 -0.521891 0.853012 0 0 0 0 1 0 0 0 0 1 0.853012 0.521891 0 504.69 -0.521891 0.853012 0 0 0 0 1 0 0 0 0 1 0.853012 0.521891 0 504.69 -0.521891 0.853012 0 0.000015 0 0 1 0 0 0 0 1 0.853012 0.521891 0 504.69 -0.521891 0.853012 0 0 0 0 1 0 0 0 0 1 0.853012 0.521891 0 504.69 -0.521891 0.853012 0 0.000015 0 0 1 0 0 0 0 1 0.853012 0.521891 0 504.69 -0.521891 0.853012 0 0 0 0 1 0 0 0 0 1 0.853012 0.521891 0 504.69 -0.521891 0.853012 0 0 0 0 1 0 0 0 0 1 0.853012 0.521891 0 504.69 -0.521891 0.853012 0 0.000015 0 0 1 0 0 0 0 1 0.853012 0.521891 0 504.69 -0.521891 0.853012 0 0.000015 0 0 1 0 0 0 0 1 0.853012 0.521891 0 504.69 -0.521891 0.853012 0 0.000015 0 0 1 0 0 0 0 1 0.853012 0.521891 0 504.69 -0.521891 0.853012 0 0 0 0 1 0 0 0 0 1 0.853012 0.521891 0 504.69 -0.521891 0.853012 0 0 0 0 1 0 0 0 0 1 0.853012 0.521891 0 504.69 -0.521891 0.853012 0 0.000015 0 0 1 0 0 0 0 1 0.853012 0.521891 0 504.69 -0.521891 0.853012 0 0.000015 0 0 1 0 0 0 0 1 0.853012 0.521891 0 504.69 -0.521891 0.853012 0 0.000015 0 0 1 0 0 0 0 1 0.853012 0.521891 0 504.69 -0.521891 0.853012 0 0.000015 0 0 1 0 0 0 0 1 0.853012 0.521891 0 504.69 -0.521891 0.853012 0 0.000015 0 0 1 0 0 0 0 1 0.853012 0.521891 0 504.69 -0.521891 0.853012 0 0 0 0 1 0 0 0 0 1 0.853012 0.521891 0 504.69 -0.521891 0.853012 0 0 0 0 1 0 0 0 0 1 0.853012 0.521891 0 504.69 -0.521891 0.853012 0 0 0 0 1 0 0 0 0 1 0.853012 0.521891 0 504.69 -0.521891 0.853012 0 0.000015 0 0 1 0 0 0 0 1 0.853012 0.521891 0 504.69 -0.521891 0.853012 0 0.000015 0 0 1 0 0 0 0 1 0.853012 0.521891 0 504.69 -0.521891 0.853012 0 0 0 0 1 0 0 0 0 1 0.853012 0.521891 0 504.69 -0.521891 0.853012 0 0 0 0 1 0 0 0 0 1 0.853012 0.521891 0 504.69 -0.521891 0.853012 0 0 0 0 1 0 0 0 0 1 0.853012 0.521891 0 504.69 -0.521891 0.853012 0 0.000015 0 0 1 0 0 0 0 1 0.853012 0.521891 0 504.69 -0.521891 0.853012 0 0.000015 0 0 1 0 0 0 0 1 0.853012 0.521891 0 504.69 -0.521891 0.853012 0 0.000015 0 0 1 0 0 0 0 1 0.853013 0.52189 0 504.69 -0.52189 0.853013 0 0 0 0 1 0 0 0 0 1 0.853012 0.521891 0 504.69 -0.521891 0.853012 0 0.000015 0 0 1 0 0 0 0 1 0.853012 0.521891 0 504.69 -0.521891 0.853012 0 0.000015 0 0 1 0 0 0 0 1 0.853012 0.521891 0 504.69 -0.521891 0.853012 0 0 0 0 1 0 0 0 0 1 0.853012 0.521891 0 504.69 -0.521891 0.853012 0 0.000015 0 0 1 0 0 0 0 1 0.853012 0.521891 0 504.69 -0.521891 0.853012 0 0.000015 0 0 1 0 0 0 0 1 0.853012 0.521891 0 504.69 -0.521891 0.853012 0 0 0 0 1 0 0 0 0 1 0.853012 0.521891 0 504.69 -0.521891 0.853012 0 0 0 0 1 0 0 0 0 1 0.853012 0.521891 0 504.69 -0.521891 0.853012 0 0 0 0 1 0 0 0 0 1 0.853012 0.521891 0 504.69 -0.521891 0.853012 0 0 0 0 1 0 0 0 0 1 0.853012 0.521891 0 504.69 -0.521891 0.853012 0 0.000015 0 0 1 0 0 0 0 1 0.853012 0.521891 0 504.69 -0.521891 0.853012 0 0 0 0 1 0 0 0 0 1 0.853012 0.521891 0 504.69 -0.521891 0.853012 0 0.000015 0 0 1 0 0 0 0 1 0.853012 0.521891 0 504.69 -0.521891 0.853012 0 0.000015 0 0 1 0 0 0 0 1 0.853012 0.521891 0 504.69 -0.521891 0.853012 0 0.000015 0 0 1 0 0 0 0 1 0.853012 0.521891 0 504.69 -0.521891 0.853012 0 0 0 0 1 0 0 0 0 1 0.853012 0.521891 0 504.69 -0.521891 0.853012 0 0.00003 0 0 1 0 0 0 0 1 0.853012 0.521891 0 504.69 -0.521891 0.853012 0 0.000015 0 0 1 0 0 0 0 1 0.853012 0.521891 0 504.69 -0.521891 0.853012 0 0.000015 0 0 1 0 0 0 0 1 0.853012 0.521891 0 504.69 -0.521891 0.853012 0 0 0 0 1 0 0 0 0 1 0.853012 0.521891 0 504.69 -0.521891 0.853012 0 0 0 0 1 0 0 0 0 1 0.853012 0.521891 0 504.69 -0.521891 0.853012 0 0.000015 0 0 1 0 0 0 0 1 0.853012 0.521891 0 504.69 -0.521891 0.853012 0 0.000015 0 0 1 0 0 0 0 1 0.853012 0.521891 0 504.69 -0.521891 0.853012 0 0 0 0 1 0 0 0 0 1 0.853012 0.521891 0 504.69 -0.521891 0.853012 0 0 0 0 1 0 0 0 0 1 0.853012 0.521891 0 504.69 -0.521891 0.853012 0 0 0 0 1 0 0 0 0 1 0.853012 0.521891 0 504.69 -0.521891 0.853012 0 0 0 0 1 0 0 0 0 1 0.853013 0.521891 0 504.69 -0.521891 0.853013 0 0 0 0 1 0 0 0 0 1 0.955109 0.296256 0 504.69 -0.296256 0.955108 0 0.00003 0 0 1 0 0 0 0 1 0.853013 0.521891 0 504.69 -0.521891 0.853013 0 0 0 0 1 0 0 0 0 1 0.853012 0.521891 0 504.69 -0.521891 0.853012 0 0 0 0 1 0 0 0 0 1 0.317981 0.948097 0 504.69 -0.948097 0.317981 0 -0.000007 0 0 1 0 0 0 0 1 0.317981 0.948097 0 504.69 -0.948097 0.317981 0 -0.000007 0 0 1 0 0 0 0 1 0.317981 0.948097 0 504.69 -0.948097 0.317981 0 -0.000007 0 0 1 0 0 0 0 1 0.262316 0.964982 0 504.69 -0.964982 0.262316 0 0.000015 0 0 1 0 0 0 0 1 0.317981 0.948097 0 504.69 -0.948097 0.317981 0 -0.000007 0 0 1 0 0 0 0 1 0.853012 0.521891 0 504.69 -0.521891 0.853012 0 0.000015 0 0 1 0 0 0 0 1 0.853012 0.521891 0 504.69 -0.521891 0.853012 0 0.000015 0 0 1 0 0 0 0 1 0.853012 0.521891 0 504.69 -0.521891 0.853012 0 0.000015 0 0 1 0 0 0 0 1 0.853012 0.521891 0 504.69 -0.521891 0.853012 0 0.000015 0 0 1 0 0 0 0 1 0.853012 0.521891 0 504.69 -0.521891 0.853012 0 0.000015 0 0 1 0 0 0 0 1</float_array>
        <technique_common>
          <accessor source="#Bip01_L_Calf-node-transform_Bip01_L_Calf-node_transform-output-array" count="146" stride="16">
            <param name="TRANSFORM" type="float4x4"/>
          </accessor>
        </technique_common>
      </source>
      <source id="Bip01_L_Calf-node-transform_Bip01_L_Calf-node_transform-interpolations">
        <Name_array id="Bip01_L_Calf-node-transform_Bip01_L_Calf-node_transform-interpolations-array" count="146">LINEAR LINEAR LINEAR LINEAR LINEAR LINEAR LINEAR LINEAR LINEAR LINEAR LINEAR LINEAR LINEAR LINEAR LINEAR LINEAR LINEAR LINEAR LINEAR LINEAR LINEAR LINEAR LINEAR LINEAR LINEAR LINEAR LINEAR LINEAR LINEAR LINEAR LINEAR LINEAR LINEAR LINEAR LINEAR LINEAR LINEAR LINEAR LINEAR LINEAR LINEAR LINEAR LINEAR LINEAR LINEAR LINEAR LINEAR LINEAR LINEAR LINEAR LINEAR LINEAR LINEAR LINEAR LINEAR LINEAR LINEAR LINEAR LINEAR LINEAR LINEAR LINEAR LINEAR LINEAR LINEAR LINEAR LINEAR LINEAR LINEAR LINEAR LINEAR LINEAR LINEAR LINEAR LINEAR LINEAR LINEAR LINEAR LINEAR LINEAR LINEAR LINEAR LINEAR LINEAR LINEAR LINEAR LINEAR LINEAR LINEAR LINEAR LINEAR LINEAR LINEAR LINEAR LINEAR LINEAR LINEAR LINEAR LINEAR LINEAR LINEAR LINEAR LINEAR LINEAR LINEAR LINEAR LINEAR LINEAR LINEAR LINEAR LINEAR LINEAR LINEAR LINEAR LINEAR LINEAR LINEAR LINEAR LINEAR LINEAR LINEAR LINEAR LINEAR LINEAR LINEAR LINEAR LINEAR LINEAR LINEAR LINEAR LINEAR LINEAR LINEAR LINEAR LINEAR LINEAR LINEAR LINEAR LINEAR LINEAR LINEAR LINEAR LINEAR LINEAR LINEAR LINEAR</Name_array>
        <technique_common>
          <accessor source="#Bip01_L_Calf-node-transform_Bip01_L_Calf-node_transform-interpolations-array" count="146" stride="1">
            <param name="INTERPOLATION" type="Name"/>
          </accessor>
        </technique_common>
      </source>
      <sampler id="Bip01_L_Calf-node-transform_Bip01_L_Calf-node_transform-sampler">
        <input semantic="INPUT" source="#Bip01_L_Calf-node-transform_Bip01_L_Calf-node_transform-input"/>
        <input semantic="OUTPUT" source="#Bip01_L_Calf-node-transform_Bip01_L_Calf-node_transform-output"/>
        <input semantic="INTERPOLATION" source="#Bip01_L_Calf-node-transform_Bip01_L_Calf-node_transform-interpolations"/>
      </sampler>
      <channel source="#Bip01_L_Calf-node-transform_Bip01_L_Calf-node_transform-sampler" target="Bip01_L_Calf-node/transform"/>
    </animation>
    <animation id="Bip01_L_Foot-node-transform">
      <source id="Bip01_L_Foot-node-transform_Bip01_L_Foot-node_transform-input">
        <float_array id="Bip01_L_Foot-node-transform_Bip01_L_Foot-node_transform-input-array" count="146">0 0.1 0.2 0.3 0.4 0.5 0.6 0.7 0.8 0.9 1 1.1 1.2 1.3 1.4 1.5 1.6 1.7 1.8 1.9 2 2.1 2.2 2.3 2.4 2.5 2.6 2.7 2.8 2.9 3 3.1 3.2 3.3 3.4 3.5 3.6 3.7 3.8 3.9 4 4.1 4.2 4.3 4.4 4.5 4.6 4.7 4.8 4.9 5 5.1 5.2 5.3 5.4 5.5 5.6 5.7 5.8 5.9 6 6.1 6.2 6.3 6.4 6.5 6.6 6.7 6.8 6.9 7 7.1 7.2 7.3 7.4 7.5 7.6 7.7 7.8 7.9 8 8.1 8.2 8.3 8.4 8.5 8.6 8.7 8.8 8.9 9 9.1 9.2 9.3 9.4 9.5 9.6 9.7 9.8 9.9 10 10.1 10.2 10.3 10.4 10.5 10.6 10.7 10.8 10.9 11 11.1 11.2 11.3 11.4 11.5 11.6 11.7 11.8 11.9 12 12.1 12.2 12.3 12.4 12.5 12.6 12.7 12.8 12.9 13 13.1 13.2 13.3 13.4 13.5 13.6 13.7 13.8 13.9 14 14.1 14.2 14.3 14.4 14.5</float_array>
        <technique_common>
          <accessor source="#Bip01_L_Foot-node-transform_Bip01_L_Foot-node_transform-input-array" count="146" stride="1">
            <param name="TIME" type="float"/>
          </accessor>
        </technique_common>
        <technique profile="MAYA">
          <pre_infinity>CONSTANT</pre_infinity>
          <post_infinity>CONSTANT</post_infinity>
        </technique>
      </source>
      <source id="Bip01_L_Foot-node-transform_Bip01_L_Foot-node_transform-output">
        <float_array id="Bip01_L_Foot-node-transform_Bip01_L_Foot-node_transform-output-array" count="2336">0.762242 -0.647292 0 433.391 0.647292 0.762242 0 0 0 0 1 0 0 0 0 1 0.903801 -0.427954 0 433.391 0.427954 0.903801 0 0.00003 0 0 1 0 0 0 0 1 0.999983 -0.005895 0 433.392 0.005895 0.999983 0 0 0 0 1 0 0 0 0 1 0.93766 -0.347554 0 433.391 0.347554 0.93766 0 0.000007 0 0 1 0 0 0 0 1 0.762242 -0.647292 0 433.391 0.647292 0.762242 0 0 0 0 1 0 0 0 0 1 0.712791 -0.701376 0 433.392 0.701376 0.712791 0 0 0 0 1 0 0 0 0 1 0.68059 -0.732665 0 433.391 0.732665 0.68059 0 0.000061 0 0 1 0 0 0 0 1 0.668919 -0.743336 0 433.392 0.743336 0.668919 0 0 0 0 1 0 0 0 0 1 0.679235 -0.73392 0 433.391 0.73392 0.679235 0 0 0 0 1 0 0 0 0 1 0.71117 -0.70302 0 433.392 0.70302 0.71117 0 0 0 0 1 0 0 0 0 1 0.762242 -0.647292 0 433.391 0.647292 0.762242 0 0 0 0 1 0 0 0 0 1 0.997948 -0.064028 0 433.391 0.064028 0.997948 0 0 0 0 1 0 0 0 0 1 0.999983 -0.005895 0 433.392 0.005895 0.999983 0 0 0 0 1 0 0 0 0 1 0.999983 -0.005895 0 433.392 0.005895 0.999983 0 -0.000003 0 0 1 0 0 0 0 1 0.762242 -0.647292 0 433.391 0.647292 0.762242 0 0 0 0 1 0 0 0 0 1 0.70215 -0.712029 0 433.392 0.712029 0.70215 0 -0.000122 0 0 1 0 0 0 0 1 0.696693 -0.71737 0 433.392 0.71737 0.696693 0 0 0 0 1 0 0 0 0 1 0.725071 -0.688674 0 433.392 0.688674 0.725071 0 0 0 0 1 0 0 0 0 1 0.762242 -0.647292 0 433.391 0.647292 0.762242 0 0 0 0 1 0 0 0 0 1 0.903801 -0.427954 0 433.391 0.427954 0.903801 0 0 0 0 1 0 0 0 0 1 0.903801 -0.427954 0 433.391 0.427954 0.903801 0 0.000015 0 0 1 0 0 0 0 1 0.903801 -0.427954 0 433.392 0.427954 0.903801 0 0 0 0 1 0 0 0 0 1 0.903801 -0.427954 0 433.391 0.427954 0.903801 0 0.00003 0 0 1 0 0 0 0 1 0.903801 -0.427954 0 433.392 0.427954 0.903801 0 0.000015 0 0 1 0 0 0 0 1 0.903801 -0.427954 0 433.392 0.427954 0.903801 0 0.000015 0 0 1 0 0 0 0 1 0.903801 -0.427954 0 433.392 0.427954 0.903801 0 0.000015 0 0 1 0 0 0 0 1 0.903801 -0.427954 0 433.392 0.427954 0.903801 0 0.000015 0 0 1 0 0 0 0 1 0.903801 -0.427954 0 433.392 0.427954 0.9038 0 0.000015 0 0 1 0 0 0 0 1 0.903801 -0.427954 0 433.392 0.427954 0.903801 0 0.000015 0 0 1 0 0 0 0 1 0.903801 -0.427954 0 433.392 0.427954 0.903801 0 0 0 0 1 0 0 0 0 1 0.903801 -0.427954 0 433.392 0.427954 0.903801 0 0 0 0 1 0 0 0 0 1 0.903801 -0.427954 0 433.392 0.427954 0.903801 0 0.000015 0 0 1 0 0 0 0 1 0.903801 -0.427954 0 433.392 0.427954 0.903801 0 0.000015 0 0 1 0 0 0 0 1 0.903801 -0.427954 0 433.392 0.427954 0.903801 0 0.000015 0 0 1 0 0 0 0 1 0.903801 -0.427954 0 433.392 0.427954 0.903801 0 0.000015 0 0 1 0 0 0 0 1 0.93766 -0.347554 0 433.392 0.347554 0.93766 0 0 0 0 1 0 0 0 0 1 0.93766 -0.347554 0 433.392 0.347554 0.93766 0 0 0 0 1 0 0 0 0 1 0.93766 -0.347554 0 433.392 0.347554 0.93766 0 0 0 0 1 0 0 0 0 1 0.93766 -0.347554 0 433.392 0.347554 0.93766 0 0 0 0 1 0 0 0 0 1 0.93766 -0.347554 0 433.392 0.347554 0.93766 0 0 0 0 1 0 0 0 0 1 0.93766 -0.347554 0 433.392 0.347554 0.93766 0 -0.000061 0 0 1 0 0 0 0 1 0.93766 -0.347554 0 433.392 0.347554 0.93766 0 0 0 0 1 0 0 0 0 1 0.93766 -0.347554 0 433.392 0.347554 0.93766 0 0 0 0 1 0 0 0 0 1 0.93766 -0.347554 0 433.392 0.347554 0.93766 0 0 0 0 1 0 0 0 0 1 0.903801 -0.427954 0 433.392 0.427954 0.903801 0 0.000015 0 0 1 0 0 0 0 1 0.903801 -0.427954 0 433.391 0.427954 0.903801 0 0.000015 0 0 1 0 0 0 0 1 0.903801 -0.427954 0 433.392 0.427954 0.903801 0 0.00003 0 0 1 0 0 0 0 1 0.903801 -0.427954 0 433.392 0.427954 0.9038 0 0.000015 0 0 1 0 0 0 0 1 0.903801 -0.427953 0 433.392 0.427953 0.903801 0 0 0 0 1 0 0 0 0 1 0.903801 -0.427954 0 433.392 0.427954 0.903801 0 0 0 0 1 0 0 0 0 1 0.903801 -0.427954 0 433.392 0.427954 0.9038 0 0.000015 0 0 1 0 0 0 0 1 0.903801 -0.427954 0 433.391 0.427954 0.903801 0 0 0 0 1 0 0 0 0 1 0.903801 -0.427954 0 433.392 0.427954 0.9038 0 0.000015 0 0 1 0 0 0 0 1 0.903801 -0.427954 0 433.392 0.427954 0.903801 0 0 0 0 1 0 0 0 0 1 0.903801 -0.427954 0 433.392 0.427954 0.903801 0 0.00003 0 0 1 0 0 0 0 1 0.9038 -0.427954 0 433.392 0.427954 0.9038 0 0 0 0 1 0 0 0 0 1 0.903801 -0.427954 0 433.392 0.427954 0.903801 0 0.00003 0 0 1 0 0 0 0 1 0.903801 -0.427954 0 433.392 0.427954 0.9038 0 0.000015 0 0 1 0 0 0 0 1 0.903801 -0.427954 0 433.392 0.427954 0.903801 0 0.000015 0 0 1 0 0 0 0 1 0.903801 -0.427954 0 433.391 0.427954 0.9038 0 0 0 0 1 0 0 0 0 1 0.903801 -0.427954 0 433.392 0.427954 0.9038 0 0.00003 0 0 1 0 0 0 0 1 0.903801 -0.427954 0 433.392 0.427954 0.903801 0 0.000015 0 0 1 0 0 0 0 1 0.903801 -0.427954 0 433.392 0.427954 0.9038 0 0 0 0 1 0 0 0 0 1 0.903801 -0.427954 0 433.391 0.427954 0.903801 0 0.00003 0 0 1 0 0 0 0 1 0.903801 -0.427954 0 433.392 0.427954 0.903801 0 0.000015 0 0 1 0 0 0 0 1 0.903801 -0.427954 0 433.392 0.427954 0.903801 0 0.000015 0 0 1 0 0 0 0 1 0.903801 -0.427954 0 433.392 0.427954 0.9038 0 0.00003 0 0 1 0 0 0 0 1 0.903801 -0.427954 0 433.392 0.427954 0.903801 0 0.00003 0 0 1 0 0 0 0 1 0.903801 -0.427954 0 433.392 0.427954 0.9038 0 0.00003 0 0 1 0 0 0 0 1 0.903801 -0.427954 0 433.392 0.427954 0.9038 0 0 0 0 1 0 0 0 0 1 0.903801 -0.427954 0 433.392 0.427954 0.9038 0 0.00003 0 0 1 0 0 0 0 1 0.903801 -0.427954 0 433.392 0.427954 0.903801 0 0.00003 0 0 1 0 0 0 0 1 0.903801 -0.427954 0 433.392 0.427954 0.903801 0 0.000015 0 0 1 0 0 0 0 1 0.903801 -0.427954 0 433.392 0.427954 0.9038 0 0.00003 0 0 1 0 0 0 0 1 0.903801 -0.427954 0 433.392 0.427954 0.903801 0 0.00003 0 0 1 0 0 0 0 1 0.903801 -0.427954 0 433.392 0.427954 0.903801 0 0.00003 0 0 1 0 0 0 0 1 0.903801 -0.427954 0 433.392 0.427954 0.903801 0 0.00003 0 0 1 0 0 0 0 1 0.903801 -0.427954 0 433.392 0.427954 0.9038 0 0 0 0 1 0 0 0 0 1 0.903801 -0.427954 0 433.392 0.427954 0.9038 0 0.000015 0 0 1 0 0 0 0 1 0.903801 -0.427954 0 433.392 0.427954 0.9038 0 0.000015 0 0 1 0 0 0 0 1 0.903801 -0.427954 0 433.392 0.427954 0.9038 0 0.000015 0 0 1 0 0 0 0 1 0.903801 -0.427954 0 433.392 0.427954 0.9038 0 0.00003 0 0 1 0 0 0 0 1 0.903801 -0.427954 0 433.392 0.427954 0.903801 0 0 0 0 1 0 0 0 0 1 0.903801 -0.427954 0 433.392 0.427954 0.903801 0 0.00003 0 0 1 0 0 0 0 1 0.903801 -0.427954 0 433.392 0.427954 0.903801 0 0.00003 0 0 1 0 0 0 0 1 0.903801 -0.427954 0 433.392 0.427954 0.9038 0 0.000015 0 0 1 0 0 0 0 1 0.903801 -0.427954 0 433.392 0.427954 0.903801 0 0.00003 0 0 1 0 0 0 0 1 0.903801 -0.427954 0 433.392 0.427954 0.9038 0 0.00003 0 0 1 0 0 0 0 1 0.903801 -0.427954 0 433.391 0.427954 0.9038 0 0 0 0 1 0 0 0 0 1 0.903801 -0.427954 0 433.392 0.427954 0.903801 0 0.00003 0 0 1 0 0 0 0 1 0.903801 -0.427954 0 433.392 0.427954 0.903801 0 0.00003 0 0 1 0 0 0 0 1 0.903801 -0.427954 0 433.392 0.427954 0.903801 0 0.00003 0 0 1 0 0 0 0 1 0.903801 -0.427954 0 433.392 0.427954 0.9038 0 0.00003 0 0 1 0 0 0 0 1 0.903801 -0.427954 0 433.392 0.427954 0.903801 0 0.00003 0 0 1 0 0 0 0 1 0.903801 -0.427954 0 433.392 0.427954 0.903801 0 0.000015 0 0 1 0 0 0 0 1 0.9038 -0.427954 0 433.391 0.427954 0.9038 0 0.00003 0 0 1 0 0 0 0 1 0.903801 -0.427954 0 433.392 0.427954 0.9038 0 0.00003 0 0 1 0 0 0 0 1 0.903801 -0.427954 0 433.392 0.427954 0.903801 0 0.000015 0 0 1 0 0 0 0 1 0.903801 -0.427954 0 433.392 0.427954 0.903801 0 0.00003 0 0 1 0 0 0 0 1 0.903801 -0.427954 0 433.392 0.427954 0.9038 0 0 0 0 1 0 0 0 0 1 0.903801 -0.427954 0 433.392 0.427954 0.903801 0 0.00003 0 0 1 0 0 0 0 1 0.903801 -0.427954 0 433.392 0.427954 0.9038 0 0.00003 0 0 1 0 0 0 0 1 0.903801 -0.427954 0 433.392 0.427954 0.903801 0 0.00003 0 0 1 0 0 0 0 1 0.903801 -0.427954 0 433.392 0.427954 0.903801 0 0.00003 0 0 1 0 0 0 0 1 0.903801 -0.427954 0 433.392 0.427954 0.9038 0 0.00003 0 0 1 0 0 0 0 1 0.903801 -0.427953 0 433.392 0.427953 0.903801 0 0 0 0 1 0 0 0 0 1 0.903801 -0.427954 0 433.392 0.427954 0.903801 0 0.00003 0 0 1 0 0 0 0 1 0.903801 -0.427954 0 433.392 0.427954 0.9038 0 0.00003 0 0 1 0 0 0 0 1 0.903801 -0.427954 0 433.392 0.427954 0.903801 0 0.00003 0 0 1 0 0 0 0 1 0.903801 -0.427954 0 433.392 0.427954 0.903801 0 0.00003 0 0 1 0 0 0 0 1 0.903801 -0.427954 0 433.392 0.427954 0.9038 0 0.000015 0 0 1 0 0 0 0 1 0.903801 -0.427954 0 433.392 0.427954 0.903801 0 0.00003 0 0 1 0 0 0 0 1 0.903801 -0.427954 0 433.392 0.427954 0.9038 0 0.00003 0 0 1 0 0 0 0 1 0.903801 -0.427954 0 433.392 0.427954 0.903801 0 0.00003 0 0 1 0 0 0 0 1 0.903801 -0.427954 0 433.392 0.427954 0.903801 0 0.00003 0 0 1 0 0 0 0 1 0.903801 -0.427954 0 433.392 0.427954 0.9038 0 0.000015 0 0 1 0 0 0 0 1 0.903801 -0.427954 0 433.392 0.427954 0.903801 0 0.00003 0 0 1 0 0 0 0 1 0.903801 -0.427954 0 433.392 0.427954 0.903801 0 0.00003 0 0 1 0 0 0 0 1 0.903801 -0.427954 0 433.392 0.427954 0.9038 0 0.00003 0 0 1 0 0 0 0 1 0.903801 -0.427954 0 433.392 0.427954 0.9038 0 0.00003 0 0 1 0 0 0 0 1 0.903801 -0.427954 0 433.392 0.427954 0.903801 0 0.00003 0 0 1 0 0 0 0 1 0.903801 -0.427954 0 433.392 0.427954 0.903801 0 0.000015 0 0 1 0 0 0 0 1 0.903801 -0.427954 0 433.392 0.427954 0.903801 0 0.00003 0 0 1 0 0 0 0 1 0.903801 -0.427954 0 433.392 0.427954 0.903801 0 0.000015 0 0 1 0 0 0 0 1 0.903801 -0.427954 0 433.392 0.427954 0.903801 0 0 0 0 1 0 0 0 0 1 0.903801 -0.427954 0 433.392 0.427954 0.903801 0 0.00003 0 0 1 0 0 0 0 1 0.903801 -0.427954 0 433.392 0.427954 0.903801 0 0.00003 0 0 1 0 0 0 0 1 0.903801 -0.427954 0 433.391 0.427954 0.903801 0 0.000015 0 0 1 0 0 0 0 1 0.903801 -0.427954 0 433.392 0.427954 0.903801 0 0.00003 0 0 1 0 0 0 0 1 0.903801 -0.427954 0 433.392 0.427954 0.903801 0 0.00003 0 0 1 0 0 0 0 1 0.981434 -0.183681 -0.055216 433.392 0.172494 0.971155 -0.164635 -0.000122 0.083864 0.152054 0.984808 0 0 0 0 1 0.900444 -0.396659 0.178497 433.392 0.433439 0.852651 -0.291747 0.000007 -0.036471 0.34007 0.939693 0 0 0 0 1 0.902955 -0.42007 0.090625 433.392 0.429336 0.890915 -0.148124 -0.000015 -0.018517 0.172658 0.984808 0 0 0 0 1 0.994058 0.003336 0.108796 433.392 0.011487 0.990732 -0.135341 0 -0.108239 0.135786 0.984808 0 0 0 0 1 0.902955 -0.42007 0.090625 433.392 0.429336 0.890915 -0.148124 -0.000015 -0.018517 0.172658 0.984808 0 0 0 0 1 0.903801 -0.427954 0 433.392 0.427954 0.903801 0 0.000015 0 0 1 0 0 0 0 1 0.995663 -0.093027 0 433.392 0.093027 0.995663 0 0 0 0 1 0 0 0 0 1 0.995663 -0.093027 0 433.392 0.093027 0.995663 0 0 0 0 1 0 0 0 0 1 0.995663 -0.093027 0 433.392 0.093027 0.995663 0 0 0 0 1 0 0 0 0 1 0.997948 -0.064028 0 433.392 0.064028 0.997948 0 0.00003 0 0 1 0 0 0 0 1 0.995663 -0.093027 0 433.392 0.093027 0.995663 0 0 0 0 1 0 0 0 0 1 0.903801 -0.427954 0 433.391 0.427954 0.903801 0 0 0 0 1 0 0 0 0 1 0.903801 -0.427954 0 433.391 0.427954 0.903801 0 0 0 0 1 0 0 0 0 1 0.903801 -0.427954 0 433.391 0.427954 0.903801 0 0 0 0 1 0 0 0 0 1 0.903801 -0.427954 0 433.391 0.427954 0.903801 0 0 0 0 1 0 0 0 0 1 0.903801 -0.427954 0 433.391 0.427954 0.903801 0 0 0 0 1 0 0 0 0 1</float_array>
        <technique_common>
          <accessor source="#Bip01_L_Foot-node-transform_Bip01_L_Foot-node_transform-output-array" count="146" stride="16">
            <param name="TRANSFORM" type="float4x4"/>
          </accessor>
        </technique_common>
      </source>
      <source id="Bip01_L_Foot-node-transform_Bip01_L_Foot-node_transform-interpolations">
        <Name_array id="Bip01_L_Foot-node-transform_Bip01_L_Foot-node_transform-interpolations-array" count="146">LINEAR LINEAR LINEAR LINEAR LINEAR LINEAR LINEAR LINEAR LINEAR LINEAR LINEAR LINEAR LINEAR LINEAR LINEAR LINEAR LINEAR LINEAR LINEAR LINEAR LINEAR LINEAR LINEAR LINEAR LINEAR LINEAR LINEAR LINEAR LINEAR LINEAR LINEAR LINEAR LINEAR LINEAR LINEAR LINEAR LINEAR LINEAR LINEAR LINEAR LINEAR LINEAR LINEAR LINEAR LINEAR LINEAR LINEAR LINEAR LINEAR LINEAR LINEAR LINEAR LINEAR LINEAR LINEAR LINEAR LINEAR LINEAR LINEAR LINEAR LINEAR LINEAR LINEAR LINEAR LINEAR LINEAR LINEAR LINEAR LINEAR LINEAR LINEAR LINEAR LINEAR LINEAR LINEAR LINEAR LINEAR LINEAR LINEAR LINEAR LINEAR LINEAR LINEAR LINEAR LINEAR LINEAR LINEAR LINEAR LINEAR LINEAR LINEAR LINEAR LINEAR LINEAR LINEAR LINEAR LINEAR LINEAR LINEAR LINEAR LINEAR LINEAR LINEAR LINEAR LINEAR LINEAR LINEAR LINEAR LINEAR LINEAR LINEAR LINEAR LINEAR LINEAR LINEAR LINEAR LINEAR LINEAR LINEAR LINEAR LINEAR LINEAR LINEAR LINEAR LINEAR LINEAR LINEAR LINEAR LINEAR LINEAR LINEAR LINEAR LINEAR LINEAR LINEAR LINEAR LINEAR LINEAR LINEAR LINEAR LINEAR LINEAR LINEAR LINEAR LINEAR LINEAR</Name_array>
        <technique_common>
          <accessor source="#Bip01_L_Foot-node-transform_Bip01_L_Foot-node_transform-interpolations-array" count="146" stride="1">
            <param name="INTERPOLATION" type="Name"/>
          </accessor>
        </technique_common>
      </source>
      <sampler id="Bip01_L_Foot-node-transform_Bip01_L_Foot-node_transform-sampler">
        <input semantic="INPUT" source="#Bip01_L_Foot-node-transform_Bip01_L_Foot-node_transform-input"/>
        <input semantic="OUTPUT" source="#Bip01_L_Foot-node-transform_Bip01_L_Foot-node_transform-output"/>
        <input semantic="INTERPOLATION" source="#Bip01_L_Foot-node-transform_Bip01_L_Foot-node_transform-interpolations"/>
      </sampler>
      <channel source="#Bip01_L_Foot-node-transform_Bip01_L_Foot-node_transform-sampler" target="Bip01_L_Foot-node/transform"/>
    </animation>
    <animation id="Bip01_R_Thigh-node-transform">
      <source id="Bip01_R_Thigh-node-transform_Bip01_R_Thigh-node_transform-input">
        <float_array id="Bip01_R_Thigh-node-transform_Bip01_R_Thigh-node_transform-input-array" count="146">0 0.1 0.2 0.3 0.4 0.5 0.6 0.7 0.8 0.9 1 1.1 1.2 1.3 1.4 1.5 1.6 1.7 1.8 1.9 2 2.1 2.2 2.3 2.4 2.5 2.6 2.7 2.8 2.9 3 3.1 3.2 3.3 3.4 3.5 3.6 3.7 3.8 3.9 4 4.1 4.2 4.3 4.4 4.5 4.6 4.7 4.8 4.9 5 5.1 5.2 5.3 5.4 5.5 5.6 5.7 5.8 5.9 6 6.1 6.2 6.3 6.4 6.5 6.6 6.7 6.8 6.9 7 7.1 7.2 7.3 7.4 7.5 7.6 7.7 7.8 7.9 8 8.1 8.2 8.3 8.4 8.5 8.6 8.7 8.8 8.9 9 9.1 9.2 9.3 9.4 9.5 9.6 9.7 9.8 9.9 10 10.1 10.2 10.3 10.4 10.5 10.6 10.7 10.8 10.9 11 11.1 11.2 11.3 11.4 11.5 11.6 11.7 11.8 11.9 12 12.1 12.2 12.3 12.4 12.5 12.6 12.7 12.8 12.9 13 13.1 13.2 13.3 13.4 13.5 13.6 13.7 13.8 13.9 14 14.1 14.2 14.3 14.4 14.5</float_array>
        <technique_common>
          <accessor source="#Bip01_R_Thigh-node-transform_Bip01_R_Thigh-node_transform-input-array" count="146" stride="1">
            <param name="TIME" type="float"/>
          </accessor>
        </technique_common>
        <technique profile="MAYA">
          <pre_infinity>CONSTANT</pre_infinity>
          <post_infinity>CONSTANT</post_infinity>
        </technique>
      </source>
      <source id="Bip01_R_Thigh-node-transform_Bip01_R_Thigh-node_transform-output">
        <float_array id="Bip01_R_Thigh-node-transform_Bip01_R_Thigh-node_transform-output-array" count="2336">-0.695001 0.719009 0 -221.664 0.719009 0.695001 0.000002 1.67309 0.000001 0.000001 -1 -461.333 0 0 0 1 -0.977982 0.18962 0.087155 -180.613 0.190339 0.981719 -0.000066 1.64045 -0.085574 0.016523 -0.996195 -478.896 0 0 0 1 -0.913352 -0.407171 0 -221.664 -0.407171 0.913352 0.000002 1.67309 -0.000001 0.000002 -1 -461.333 0 0 0 1 -0.977333 0.189495 -0.094397 -264.222 0.190338 0.981719 0.000077 1.70691 0.092686 -0.017891 -0.995535 -438.348 0 0 0 1 -0.695001 0.719009 0 -221.664 0.719009 0.695001 0.000002 1.67309 0.000001 0.000001 -1 -461.333 0 0 0 1 -0.69498 0.718988 0.007647 -218.13 0.719009 0.695001 -0.000003 1.67028 -0.005317 0.005496 -0.999971 -463.014 0 0 0 1 -0.694986 0.718994 0.006464 -218.677 0.719009 0.695001 -0.000002 1.67072 -0.004494 0.004646 -0.999979 -462.756 0 0 0 1 -0.695 0.719009 0.000779 -221.304 0.719009 0.695001 0.000002 1.6728 -0.00054 0.000561 -1 -461.505 0 0 0 1 -0.694992 0.719 -0.005078 -224.004 0.719009 0.695001 0.000006 1.67495 0.003534 -0.003647 -0.999987 -460.201 0 0 0 1 -0.694985 0.718993 -0.006781 -224.787 0.719009 0.695001 0.000008 1.67557 0.004718 -0.00487 -0.999977 -459.819 0 0 0 1 -0.695001 0.719009 0 -221.664 0.719009 0.695001 0.000002 1.67309 0.000001 0.000001 -1 -461.333 0 0 0 1 -0.995025 -0.048266 0.087155 -180.613 -0.048456 0.998825 -0.000066 1.64045 -0.087049 -0.004289 -0.996195 -478.896 0 0 0 1 -0.913352 -0.407171 0 -221.664 -0.407171 0.913352 0.000002 1.67309 -0.000001 0.000002 -1 -461.333 0 0 0 1 -0.993443 -0.064496 -0.094397 -264.222 -0.064793 0.997899 0.000077 1.70691 0.094194 0.006193 -0.995535 -438.348 0 0 0 1 -0.695001 0.719009 0 -221.664 0.719009 0.695001 0.000002 1.67309 0.000001 0.000001 -1 -461.333 0 0 0 1 -0.694961 0.718969 0.010635 -216.745 0.719009 0.695001 -0.000005 1.66918 -0.007395 0.007643 -0.999943 -463.664 0 0 0 1 -0.69497 0.718977 0.009453 -217.293 0.719009 0.695001 -0.000004 1.66961 -0.006573 0.006794 -0.999955 -463.408 0 0 0 1 -0.694996 0.719005 0.003545 -220.027 0.719009 0.695001 0 1.67179 -0.002464 0.002549 -0.999994 -462.116 0 0 0 1 -0.695001 0.719009 0 -221.664 0.719009 0.695001 0.000002 1.67309 0.000001 0.000001 -1 -461.333 0 0 0 1 -0.994572 0.104055 0 -221.664 0.104055 0.994572 0.000002 1.67309 0.000000 0.000002 -1 -461.333 0 0 0 1 -0.994572 0.104055 0 -221.664 0.104055 0.994572 0.000002 1.67309 0.000000 0.000002 -1 -461.333 0 0 0 1 -0.994572 0.104055 0 -221.664 0.104055 0.994572 0.000002 1.67309 0.000000 0.000002 -1 -461.333 0 0 0 1 -0.994572 0.104055 0 -221.664 0.104055 0.994572 0.000002 1.67309 0.000000 0.000002 -1 -461.333 0 0 0 1 -0.994572 0.104055 0 -221.664 0.104055 0.994572 0.000002 1.67309 0.000000 0.000002 -1 -461.333 0 0 0 1 -0.994572 0.104055 0 -221.664 0.104055 0.994572 0.000002 1.67309 0.000000 0.000002 -1 -461.333 0 0 0 1 -0.994327 0.106369 0 -221.661 0.106369 0.994327 0.000002 2.18892 0.000000 0.000002 -1 -461.333 0 0 0 1 -0.993821 0.110996 0 -221.652 0.110996 0.993821 0.000002 3.22056 0.000000 0.000002 -1 -461.333 0 0 0 1 -0.993427 0.114464 0 -221.642 0.114464 0.993427 0.000002 3.99426 0.000000 0.000002 -1 -461.333 0 0 0 1 -0.99356 0.113308 0 -221.645 0.113308 0.99356 0.000002 3.73637 0.000000 0.000002 -1 -461.333 0 0 0 1 -0.994572 0.104055 0 -221.664 0.104055 0.994572 0.000002 1.67309 0.000000 0.000002 -1 -461.333 0 0 0 1 -0.999856 0.016976 0 -220.902 0.016976 0.999856 0.000002 -17.6498 0 0.000002 -1 -461.333 0 0 0 1 -0.999856 0.016976 0 -220.902 0.016976 0.999856 0.000002 -17.6498 0 0.000002 -1 -461.333 0 0 0 1 -0.999856 0.016976 0 -220.902 0.016976 0.999856 0.000002 -17.6498 0 0.000002 -1 -461.333 0 0 0 1 -0.999856 0.016976 0 -220.902 0.016976 0.999856 0.000002 -17.6498 0 0.000002 -1 -461.333 0 0 0 1 -0.999856 0.016976 0 -220.902 0.016976 0.999856 0.000002 -17.6498 0 0.000002 -1 -461.333 0 0 0 1 -0.62969 0.776846 0 -220.902 0.776846 0.62969 0.000002 -17.6498 0.000002 0.000001 -1 -461.333 0 0 0 1 -0.62969 0.776846 0 -220.902 0.776846 0.62969 0.000002 -17.6498 0.000002 0.000001 -1 -461.333 0 0 0 1 -0.62969 0.776846 0 -220.902 0.776846 0.62969 0.000002 -17.6498 0.000002 0.000001 -1 -461.333 0 0 0 1 -0.62969 0.776846 0 -220.902 0.776846 0.62969 0.000002 -17.6498 0.000002 0.000001 -1 -461.333 0 0 0 1 -0.62969 0.776846 0 -220.902 0.776846 0.62969 0.000002 -17.6498 0.000002 0.000001 -1 -461.333 0 0 0 1 -0.62969 0.776846 0 -220.902 0.776846 0.62969 0.000002 -17.6498 0.000002 0.000001 -1 -461.333 0 0 0 1 -0.62969 0.776846 0 -220.902 0.776846 0.62969 0.000002 -17.6498 0.000002 0.000001 -1 -461.333 0 0 0 1 -0.62969 0.776846 0 -220.902 0.776846 0.62969 0.000002 -17.6498 0.000002 0.000001 -1 -461.333 0 0 0 1 -0.62969 0.776846 0 -220.902 0.776846 0.62969 0.000002 -17.6498 0.000002 0.000001 -1 -461.333 0 0 0 1 -0.994572 0.104055 0 -221.664 0.104055 0.994572 0.000002 1.67309 0.000000 0.000002 -1 -461.333 0 0 0 1 -0.99383 0.11091 0 -221.652 0.11091 0.99383 0.000002 3.20146 0.000000 0.000002 -1 -461.333 0 0 0 1 -0.993418 0.11455 0 -221.641 0.11455 0.993418 0.000002 4.01336 0.000000 0.000002 -1 -461.333 0 0 0 1 -0.993293 0.11562 0 -221.638 0.11562 0.993293 0.000002 4.25214 0.000000 0.000002 -1 -461.333 0 0 0 1 -0.993393 0.114764 0 -221.641 0.114764 0.993393 0.000002 4.06112 0.000000 0.000002 -1 -461.333 0 0 0 1 -0.993638 0.112623 0 -221.647 0.112623 0.993638 0.000002 3.58354 0.000000 0.000002 -1 -461.333 0 0 0 1 -0.993949 0.10984 0 -221.655 0.10984 0.993949 0.000002 2.96266 0.000000 0.000002 -1 -461.333 0 0 0 1 -0.994253 0.107055 0 -221.66 0.107055 0.994253 0.000002 2.34176 0.000000 0.000002 -1 -461.333 0 0 0 1 -0.994482 0.104912 0 -221.663 0.104912 0.994482 0.000002 1.86414 0.000000 0.000002 -1 -461.333 0 0 0 1 -0.994572 0.104055 0 -221.664 0.104055 0.994572 0.000002 1.67309 0.000000 0.000002 -1 -461.333 0 0 0 1 -0.994572 0.104055 0 -221.664 0.104055 0.994572 0.000002 1.67309 0.000000 0.000002 -1 -461.333 0 0 0 1 -0.994572 0.104055 0 -221.664 0.104055 0.994572 0.000002 1.67309 0.000000 0.000002 -1 -461.333 0 0 0 1 -0.994572 0.104055 0 -221.664 0.104055 0.994572 0.000002 1.67309 0.000000 0.000002 -1 -461.333 0 0 0 1 -0.994572 0.104055 0 -221.664 0.104055 0.994572 0.000002 1.67309 0.000000 0.000002 -1 -461.333 0 0 0 1 -0.994572 0.104055 0 -221.664 0.104055 0.994572 0.000002 1.67309 0.000000 0.000002 -1 -461.333 0 0 0 1 -0.994572 0.104055 0 -221.664 0.104055 0.994572 0.000002 1.67309 0.000000 0.000002 -1 -461.333 0 0 0 1 -0.994572 0.104055 0 -221.664 0.104055 0.994572 0.000002 1.67309 0.000000 0.000002 -1 -461.333 0 0 0 1 -0.994572 0.104055 0 -221.664 0.104055 0.994572 0.000002 1.67309 0.000000 0.000002 -1 -461.333 0 0 0 1 -0.994572 0.104055 0 -221.664 0.104055 0.994572 0.000002 1.67309 0.000000 0.000002 -1 -461.333 0 0 0 1 -0.994572 0.104055 0 -221.664 0.104055 0.994572 0.000002 1.67309 0.000000 0.000002 -1 -461.333 0 0 0 1 -0.994572 0.104055 0 -221.664 0.104055 0.994572 0.000002 1.67309 0.000000 0.000002 -1 -461.333 0 0 0 1 -0.994572 0.104055 0 -221.664 0.104055 0.994572 0.000002 1.67309 0.000000 0.000002 -1 -461.333 0 0 0 1 -0.994572 0.104055 0 -221.664 0.104055 0.994572 0.000002 1.67309 0.000000 0.000002 -1 -461.333 0 0 0 1 -0.994572 0.104055 0 -221.664 0.104055 0.994572 0.000002 1.67309 0.000000 0.000002 -1 -461.333 0 0 0 1 -0.994572 0.104055 0 -221.664 0.104055 0.994572 0.000002 1.67309 0.000000 0.000002 -1 -461.333 0 0 0 1 -0.994572 0.104055 0 -221.664 0.104055 0.994572 0.000002 1.67309 0.000000 0.000002 -1 -461.333 0 0 0 1 -0.994572 0.104055 0 -221.664 0.104055 0.994572 0.000002 1.67309 0.000000 0.000002 -1 -461.333 0 0 0 1 -0.994572 0.104055 0 -221.664 0.104055 0.994572 0.000002 1.67309 0.000000 0.000002 -1 -461.333 0 0 0 1 -0.994572 0.104055 0 -221.664 0.104055 0.994572 0.000002 1.67309 0.000000 0.000002 -1 -461.333 0 0 0 1 -0.999962 0.008665 0 -220.742 0.008665 0.999962 0.000002 -19.4851 0 0.000002 -1 -461.333 0 0 0 1 -0.997531 -0.070231 0 -218.46 -0.070231 0.997531 0.000002 -36.8329 -0.000000 0.000002 -1 -461.333 0 0 0 1 -0.996109 -0.088127 0 -217.75 -0.088127 0.996109 0.000002 -40.7484 -0.000000 0.000002 -1 -461.333 0 0 0 1 -0.995564 -0.094086 0 -217.498 -0.094086 0.995564 0.000002 -42.0506 -0.000000 0.000002 -1 -461.333 0 0 0 1 -0.995841 -0.091107 0 -217.625 -0.091107 0.995841 0.000002 -41.3997 -0.000000 0.000002 -1 -461.333 0 0 0 1 -0.996619 -0.082164 0 -217.994 -0.082164 0.996619 0.000002 -39.4446 -0.000000 0.000002 -1 -461.333 0 0 0 1 -0.997531 -0.070231 0 -218.46 -0.070231 0.997531 0.000002 -36.8328 -0.000000 0.000002 -1 -461.333 0 0 0 1 -0.998423 -0.056148 0 -218.968 -0.056148 0.998423 0.000002 -33.7463 -0.000000 0.000002 -1 -461.333 0 0 0 1 -0.999231 -0.039203 0 -219.521 -0.039203 0.999231 0.000002 -30.0269 -0.000000 0.000002 -1 -461.333 0 0 0 1 -0.999799 -0.020052 0 -220.07 -0.020052 0.999799 0.000002 -25.8155 -0.000000 0.000002 -1 -461.333 0 0 0 1 -1 0.000645 0 -220.573 0.000645 1 0.000002 -21.2549 0 0.000002 -1 -461.333 0 0 0 1 -0.999753 0.022225 0 -220.996 0.022225 0.999753 0.000002 -16.4898 0 0.000002 -1 -461.333 0 0 0 1 -0.999031 0.04402 0 -221.318 0.04402 0.999031 0.000002 -11.6668 0 0.000002 -1 -461.333 0 0 0 1 -0.997862 0.065364 0 -221.533 0.065364 0.997862 0.000002 -6.93335 0 0.000002 -1 -461.333 0 0 0 1 -0.99633 0.085594 0 -221.643 0.085594 0.99633 0.000002 -2.43746 0.000000 0.000002 -1 -461.333 0 0 0 1 -0.994572 0.104055 0 -221.664 0.104055 0.994572 0.000002 1.67309 0.000000 0.000002 -1 -461.333 0 0 0 1 -0.994572 0.104055 0 -221.664 0.104055 0.994572 0.000002 1.67309 0.000000 0.000002 -1 -461.333 0 0 0 1 -0.994572 0.104055 0 -221.664 0.104055 0.994572 0.000002 1.67309 0.000000 0.000002 -1 -461.333 0 0 0 1 -0.994572 0.104055 0 -221.664 0.104055 0.994572 0.000002 1.67309 0.000000 0.000002 -1 -461.333 0 0 0 1 -0.999246 0.038832 0 -221.251 0.038832 0.999246 0.000002 -12.8157 0 0.000002 -1 -461.333 0 0 0 1 -0.999343 -0.036247 0 -219.611 -0.036247 0.999343 0.000002 -29.3773 -0.000000 0.000002 -1 -461.333 0 0 0 1 -0.997531 -0.070231 0 -218.46 -0.070231 0.997531 0.000002 -36.8329 -0.000000 0.000002 -1 -461.333 0 0 0 1 -0.999084 -0.0428 0 -219.409 -0.0428 0.999084 0.000002 -30.8171 -0.000000 0.000002 -1 -461.333 0 0 0 1 -0.99987 0.016099 0 -220.886 0.016099 0.99987 0.000002 -17.8436 0 0.000002 -1 -461.333 0 0 0 1 -0.996686 0.081341 0 -221.628 0.081341 0.996686 0.000002 -3.3834 0.000000 0.000002 -1 -461.333 0 0 0 1 -0.991799 0.127811 0 -221.578 0.127811 0.991799 0.000002 6.97394 0.000000 0.000002 -1 -461.333 0 0 0 1 -0.992201 0.124645 0 -221.597 0.124645 0.992201 0.000002 6.26674 0.000000 0.000002 -1 -461.333 0 0 0 1 -0.994572 0.104055 0 -221.664 0.104055 0.994572 0.000002 1.67309 0.000000 0.000002 -1 -461.333 0 0 0 1 -0.994726 0.102568 0 -221.665 0.102568 0.994726 0.000002 1.34174 0.000000 0.000002 -1 -461.333 0 0 0 1 -0.994572 0.104055 0 -221.664 0.104055 0.994572 0.000002 1.67309 0.000000 0.000002 -1 -461.333 0 0 0 1 -0.994572 0.104055 0 -221.664 0.104055 0.994572 0.000002 1.67309 0.000000 0.000002 -1 -461.333 0 0 0 1 -0.997943 0.060263 0.02187 -211.349 0.060327 0.998176 0.002289 -6.99624 -0.021692 0.003604 -0.999758 -466.085 0 0 0 1 -0.99882 0.007339 0.048004 -198.314 0.007651 0.999951 0.006307 -16.7998 -0.047956 0.006667 -0.998827 -471.516 0 0 0 1 -0.996599 -0.040893 0.071542 -185.898 -0.040196 0.99913 0.011156 -25.0984 -0.071936 0.008242 -0.997375 -476.17 0 0 0 1 -0.993798 -0.070602 0.085907 -177.996 -0.069592 0.997467 0.014704 -29.908 -0.086727 0.008634 -0.996195 -478.897 0 0 0 1 -0.992268 -0.08228 0.092923 -174.163 -0.081117 0.996572 0.016222 -31.73 -0.09394 0.008559 -0.995541 -480.184 0 0 0 1 -0.991353 -0.08684 0.098374 -171.346 -0.085591 0.996188 0.016854 -32.4166 -0.099463 0.008288 -0.995007 -481.15 0 0 0 1 -0.991061 -0.086222 0.101805 -169.713 -0.084948 0.996244 0.016791 -32.3049 -0.10287 0.007993 -0.994663 -481.736 0 0 0 1 -0.991292 -0.082358 0.102745 -169.415 -0.08111 0.996572 0.016271 -31.7058 -0.103733 0.007796 -0.994575 -481.882 0 0 0 1 -0.991916 -0.07718 0.100723 -170.601 -0.075994 0.996987 0.015564 -30.9128 -0.101621 0.007784 -0.994793 -481.516 0 0 0 1 -0.9928 -0.072617 0.095267 -173.413 -0.071514 0.997328 0.014953 -30.2141 -0.096099 0.008032 -0.995339 -480.556 0 0 0 1 -0.993798 -0.070602 0.085907 -177.996 -0.069592 0.997467 0.014704 -29.9081 -0.086727 0.008634 -0.996195 -478.897 0 0 0 1 -0.997563 -0.069505 -0.006091 -221.293 -0.069589 0.997466 0.014777 -29.8736 0.005048 0.015165 -0.999872 -460.496 0 0 0 1 -0.993761 -0.068019 -0.088385 -258.452 -0.069592 0.997465 0.014843 -29.8441 0.087151 0.020901 -0.995976 -440.717 0 0 0 1 -0.997548 -0.06969 0.006431 -215.508 -0.069589 0.997466 0.014767 -29.8782 -0.007444 0.014284 -0.99987 -463.231 0 0 0 1 -0.993798 -0.070602 0.085907 -177.996 -0.069592 0.997467 0.014704 -29.9081 -0.086727 0.008634 -0.996195 -478.897 0 0 0 1 -0.997543 -0.069459 -0.009154 -222.703 -0.069589 0.997466 0.01478 -29.8725 0.008104 0.01538 -0.999849 -459.816 0 0 0 1 -0.993761 -0.068019 -0.088385 -258.452 -0.069592 0.997465 0.014843 -29.8441 0.087151 0.020901 -0.995976 -440.717 0 0 0 1 -0.996925 -0.078327 0.002179 -217.142 -0.078284 0.99681 0.015519 -31.4346 -0.003387 0.015301 -0.999877 -462.362 0 0 0 1 -0.993798 -0.070602 0.085907 -177.996 -0.069592 0.997467 0.014704 -29.9081 -0.086727 0.008634 -0.996195 -478.897 0 0 0 1 -0.997382 -0.01787 0.070072 -187.259 -0.017321 0.999814 0.008428 -21.3267 -0.07021 0.007192 -0.997506 -475.827 0 0 0 1 -0.998515 0.017105 0.051728 -196.745 0.017391 0.999836 0.005077 -15.2168 -0.051633 0.005969 -0.998648 -472.229 0 0 0 1 -0.998197 0.050534 0.032382 -206.34 0.050643 0.998713 0.002573 -9.01276 -0.032211 0.004209 -0.999472 -468.287 0 0 0 1 -0.996673 0.080229 0.014362 -214.974 0.080251 0.996774 0.000942 -3.19216 -0.01424 0.002092 -0.999896 -464.472 0 0 0 1 -0.994572 0.104055 0 -221.664 0.104055 0.994572 0.000002 1.67309 0.000000 0.000002 -1 -461.333 0 0 0 1 -0.989407 0.145138 -0.003042 -222.837 0.145138 0.989411 0.000521 11.0878 0.003085 0.000074 -0.999995 -460.652 0 0 0 1 -0.994572 0.104055 0 -221.664 0.104055 0.994572 0.000002 1.67309 0.000000 0.000002 -1 -461.333 0 0 0 1 -0.848156 0.522538 0.087099 -199.985 0.488822 0.83535 -0.251484 -95.2693 -0.204169 -0.170722 -0.963934 -461.252 0 0 0 1 -0.984739 -0.07303 -0.157973 -297.501 0.017293 0.862144 -0.506368 -21.0197 0.173176 -0.501372 -0.847724 -415.913 0 0 0 1 -0.99985 0.017102 -0.002686 -220.759 0.017306 0.983313 -0.181095 -21.0807 -0.000455 -0.181115 -0.983462 -461.252 0 0 0 1 -0.973545 0.139836 -0.180712 -242.614 0.168326 0.973732 -0.153336 93.2321 0.154524 -0.179698 -0.97151 -441.073 0 0 0 1 -0.99985 0.017102 -0.002686 -220.759 0.017306 0.983313 -0.181095 -21.0807 -0.000455 -0.181115 -0.983462 -461.252 0 0 0 1 -0.999856 0.016976 0 -220.902 0.016976 0.999856 0.000002 -17.6498 0 0.000002 -1 -461.333 0 0 0 1 -0.997531 -0.070231 0 -218.133 -0.070231 0.997531 0.000002 40.1503 -0.000000 0.000002 -1 -461.333 0 0 0 1 -0.999997 0.002432 0 -214.692 0.002432 0.999997 0.000002 55.8953 0 0.000002 -1 -461.333 0 0 0 1 -0.999856 0.016976 0 -213.867 0.016976 0.999856 0.000002 59.0119 0 0.000002 -1 -461.333 0 0 0 1 -0.998825 -0.048453 0 -215.845 -0.048453 0.998825 0.000002 51.1987 -0.000000 0.000002 -1 -461.333 0 0 0 1 -0.997531 -0.070231 0 -218.133 -0.070231 0.997531 0.000002 40.1503 -0.000000 0.000002 -1 -461.333 0 0 0 1 -0.961393 0.27518 -0.000000 -218.133 0.27518 0.961393 0.000002 40.1504 0.000000 0.000002 -1 -461.332 0 0 0 1 -0.946145 0.323742 -0.000000 -215.845 0.323742 0.946145 0.000002 51.1987 0.000001 0.000002 -1 -461.332 0 0 0 1 -0.933751 0.357924 -0.000000 -213.867 0.357924 0.933751 0.000002 59.0119 0.000001 0.000002 -1 -461.332 0 0 0 1 -0.944962 0.327181 -0.000000 -215.66 0.327181 0.944962 0.000002 51.9832 0.000001 0.000002 -1 -461.332 0 0 0 1 -0.961393 0.27518 -0.000000 -218.133 0.27518 0.961393 0.000002 40.1504 0.000000 0.000002 -1 -461.332 0 0 0 1</float_array>
        <technique_common>
          <accessor source="#Bip01_R_Thigh-node-transform_Bip01_R_Thigh-node_transform-output-array" count="146" stride="16">
            <param name="TRANSFORM" type="float4x4"/>
          </accessor>
        </technique_common>
      </source>
      <source id="Bip01_R_Thigh-node-transform_Bip01_R_Thigh-node_transform-interpolations">
        <Name_array id="Bip01_R_Thigh-node-transform_Bip01_R_Thigh-node_transform-interpolations-array" count="146">LINEAR LINEAR LINEAR LINEAR LINEAR LINEAR LINEAR LINEAR LINEAR LINEAR LINEAR LINEAR LINEAR LINEAR LINEAR LINEAR LINEAR LINEAR LINEAR LINEAR LINEAR LINEAR LINEAR LINEAR LINEAR LINEAR LINEAR LINEAR LINEAR LINEAR LINEAR LINEAR LINEAR LINEAR LINEAR LINEAR LINEAR LINEAR LINEAR LINEAR LINEAR LINEAR LINEAR LINEAR LINEAR LINEAR LINEAR LINEAR LINEAR LINEAR LINEAR LINEAR LINEAR LINEAR LINEAR LINEAR LINEAR LINEAR LINEAR LINEAR LINEAR LINEAR LINEAR LINEAR LINEAR LINEAR LINEAR LINEAR LINEAR LINEAR LINEAR LINEAR LINEAR LINEAR LINEAR LINEAR LINEAR LINEAR LINEAR LINEAR LINEAR LINEAR LINEAR LINEAR LINEAR LINEAR LINEAR LINEAR LINEAR LINEAR LINEAR LINEAR LINEAR LINEAR LINEAR LINEAR LINEAR LINEAR LINEAR LINEAR LINEAR LINEAR LINEAR LINEAR LINEAR LINEAR LINEAR LINEAR LINEAR LINEAR LINEAR LINEAR LINEAR LINEAR LINEAR LINEAR LINEAR LINEAR LINEAR LINEAR LINEAR LINEAR LINEAR LINEAR LINEAR LINEAR LINEAR LINEAR LINEAR LINEAR LINEAR LINEAR LINEAR LINEAR LINEAR LINEAR LINEAR LINEAR LINEAR LINEAR LINEAR LINEAR LINEAR LINEAR LINEAR LINEAR</Name_array>
        <technique_common>
          <accessor source="#Bip01_R_Thigh-node-transform_Bip01_R_Thigh-node_transform-interpolations-array" count="146" stride="1">
            <param name="INTERPOLATION" type="Name"/>
          </accessor>
        </technique_common>
      </source>
      <sampler id="Bip01_R_Thigh-node-transform_Bip01_R_Thigh-node_transform-sampler">
        <input semantic="INPUT" source="#Bip01_R_Thigh-node-transform_Bip01_R_Thigh-node_transform-input"/>
        <input semantic="OUTPUT" source="#Bip01_R_Thigh-node-transform_Bip01_R_Thigh-node_transform-output"/>
        <input semantic="INTERPOLATION" source="#Bip01_R_Thigh-node-transform_Bip01_R_Thigh-node_transform-interpolations"/>
      </sampler>
      <channel source="#Bip01_R_Thigh-node-transform_Bip01_R_Thigh-node_transform-sampler" target="Bip01_R_Thigh-node/transform"/>
    </animation>
    <animation id="Bip01_R_Calf-node-transform">
      <source id="Bip01_R_Calf-node-transform_Bip01_R_Calf-node_transform-input">
        <float_array id="Bip01_R_Calf-node-transform_Bip01_R_Calf-node_transform-input-array" count="146">0 0.1 0.2 0.3 0.4 0.5 0.6 0.7 0.8 0.9 1 1.1 1.2 1.3 1.4 1.5 1.6 1.7 1.8 1.9 2 2.1 2.2 2.3 2.4 2.5 2.6 2.7 2.8 2.9 3 3.1 3.2 3.3 3.4 3.5 3.6 3.7 3.8 3.9 4 4.1 4.2 4.3 4.4 4.5 4.6 4.7 4.8 4.9 5 5.1 5.2 5.3 5.4 5.5 5.6 5.7 5.8 5.9 6 6.1 6.2 6.3 6.4 6.5 6.6 6.7 6.8 6.9 7 7.1 7.2 7.3 7.4 7.5 7.6 7.7 7.8 7.9 8 8.1 8.2 8.3 8.4 8.5 8.6 8.7 8.8 8.9 9 9.1 9.2 9.3 9.4 9.5 9.6 9.7 9.8 9.9 10 10.1 10.2 10.3 10.4 10.5 10.6 10.7 10.8 10.9 11 11.1 11.2 11.3 11.4 11.5 11.6 11.7 11.8 11.9 12 12.1 12.2 12.3 12.4 12.5 12.6 12.7 12.8 12.9 13 13.1 13.2 13.3 13.4 13.5 13.6 13.7 13.8 13.9 14 14.1 14.2 14.3 14.4 14.5</float_array>
        <technique_common>
          <accessor source="#Bip01_R_Calf-node-transform_Bip01_R_Calf-node_transform-input-array" count="146" stride="1">
            <param name="TIME" type="float"/>
          </accessor>
        </technique_common>
        <technique profile="MAYA">
          <pre_infinity>CONSTANT</pre_infinity>
          <post_infinity>CONSTANT</post_infinity>
        </technique>
      </source>
      <source id="Bip01_R_Calf-node-transform_Bip01_R_Calf-node_transform-output">
        <float_array id="Bip01_R_Calf-node-transform_Bip01_R_Calf-node_transform-output-array" count="2336">0.895252 0.44556 0 504.69 -0.44556 0.895252 0 0.000061 0 0 1 0 0 0 0 1 0.874965 0.484186 0 504.69 -0.484186 0.874965 0 0.000061 0 0 1 0 0 0 0 1 0.853012 0.521891 0 504.69 -0.521891 0.853012 0 0.000061 0 0 1 0 0 0 0 1 0.359033 0.933325 0 504.69 -0.933325 0.359033 0 0.000061 0 0 1 0 0 0 0 1 0.895252 0.44556 0 504.69 -0.44556 0.895252 0 0.000061 0 0 1 0 0 0 0 1 0.895252 0.44556 0 504.69 -0.44556 0.895252 0 0.000061 0 0 1 0 0 0 0 1 0.895252 0.44556 0 504.69 -0.44556 0.895252 0 0.000061 0 0 1 0 0 0 0 1 0.895252 0.44556 0 504.69 -0.44556 0.895252 0 0.000061 0 0 1 0 0 0 0 1 0.895252 0.44556 0 504.69 -0.44556 0.895252 0 0.000061 0 0 1 0 0 0 0 1 0.895252 0.44556 0 504.69 -0.44556 0.895252 0 0.000061 0 0 1 0 0 0 0 1 0.895252 0.44556 0 504.69 -0.44556 0.895252 0 0.000061 0 0 1 0 0 0 0 1 0.996801 0.079923 0 504.69 -0.079923 0.996801 0 0.000061 0 0 1 0 0 0 0 1 0.853012 0.521891 0 504.69 -0.521891 0.853012 0 0.000061 0 0 1 0 0 0 0 1 0.478583 0.878042 0 504.69 -0.878042 0.478583 0 0.000061 0 0 1 0 0 0 0 1 0.895252 0.44556 0 504.69 -0.44556 0.895252 0 0.000061 0 0 1 0 0 0 0 1 0.895252 0.44556 0 504.69 -0.44556 0.895252 0 0.000061 0 0 1 0 0 0 0 1 0.895252 0.44556 0 504.69 -0.44556 0.895252 0 0.000061 0 0 1 0 0 0 0 1 0.895252 0.44556 0 504.69 -0.44556 0.895252 0 0.000061 0 0 1 0 0 0 0 1 0.895252 0.44556 0 504.69 -0.44556 0.895252 0 0.000061 0 0 1 0 0 0 0 1 0.853013 0.521891 0 504.69 -0.521891 0.853012 0 0.000061 0 0 1 0 0 0 0 1 0.853013 0.521891 0 504.69 -0.521891 0.853012 0 0.000061 0 0 1 0 0 0 0 1 0.853013 0.521891 0 504.69 -0.521891 0.853012 0 0.000061 0 0 1 0 0 0 0 1 0.853013 0.521891 0 504.69 -0.521891 0.853012 0 0.000061 0 0 1 0 0 0 0 1 0.853013 0.521891 0 504.69 -0.521891 0.853012 0 0.000061 0 0 1 0 0 0 0 1 0.853013 0.521891 0 504.69 -0.521891 0.853012 0 0.000061 0 0 1 0 0 0 0 1 0.853013 0.521891 0 504.69 -0.521891 0.853012 0 0.000061 0 0 1 0 0 0 0 1 0.853013 0.521891 0 504.69 -0.521891 0.853012 0 0.000061 0 0 1 0 0 0 0 1 0.853013 0.521891 0 504.69 -0.521891 0.853012 0 0.000061 0 0 1 0 0 0 0 1 0.853013 0.521891 0 504.69 -0.521891 0.853012 0 0.000061 0 0 1 0 0 0 0 1 0.853013 0.521891 0 504.69 -0.521891 0.853012 0 0.000061 0 0 1 0 0 0 0 1 0.853013 0.521891 0 504.69 -0.521891 0.853012 0 0.000061 0 0 1 0 0 0 0 1 0.853013 0.521891 0 504.69 -0.521891 0.853012 0 0.000061 0 0 1 0 0 0 0 1 0.853013 0.521891 0 504.69 -0.521891 0.853012 0 0.000061 0 0 1 0 0 0 0 1 0.853013 0.521891 0 504.69 -0.521891 0.853012 0 0.000061 0 0 1 0 0 0 0 1 0.853013 0.521891 0 504.69 -0.521891 0.853012 0 0.000061 0 0 1 0 0 0 0 1 0.853012 0.521891 0 504.69 -0.521891 0.853012 0 0.000061 0 0 1 0 0 0 0 1 0.853012 0.521891 0 504.69 -0.521891 0.853012 0 0.000061 0 0 1 0 0 0 0 1 0.853012 0.521891 0 504.69 -0.521891 0.853012 0 0.000061 0 0 1 0 0 0 0 1 0.853012 0.521891 0 504.69 -0.521891 0.853012 0 0.000061 0 0 1 0 0 0 0 1 0.853012 0.521891 0 504.69 -0.521891 0.853012 0 0.000061 0 0 1 0 0 0 0 1 0.853012 0.521891 0 504.69 -0.521891 0.853012 0 0.000061 0 0 1 0 0 0 0 1 0.853012 0.521891 0 504.69 -0.521891 0.853012 0 0.000061 0 0 1 0 0 0 0 1 0.853012 0.521891 0 504.69 -0.521891 0.853012 0 0.000061 0 0 1 0 0 0 0 1 0.853012 0.521891 0 504.69 -0.521891 0.853012 0 0.000061 0 0 1 0 0 0 0 1 0.853013 0.521891 0 504.69 -0.521891 0.853012 0 0.000061 0 0 1 0 0 0 0 1 0.853013 0.521891 0 504.69 -0.521891 0.853012 0 0.000061 0 0 1 0 0 0 0 1 0.853013 0.521891 0 504.69 -0.521891 0.853012 0 0.000061 0 0 1 0 0 0 0 1 0.853013 0.521891 0 504.69 -0.521891 0.853012 0 0.000061 0 0 1 0 0 0 0 1 0.853013 0.52189 0 504.69 -0.52189 0.853013 0 0.000061 0 0 1 0 0 0 0 1 0.853013 0.521891 0 504.69 -0.521891 0.853012 0 0.000061 0 0 1 0 0 0 0 1 0.853013 0.521891 0 504.69 -0.521891 0.853012 0 0.000061 0 0 1 0 0 0 0 1 0.853012 0.521891 0 504.69 -0.521891 0.853012 0 0.000061 0 0 1 0 0 0 0 1 0.853013 0.521891 0 504.69 -0.521891 0.853012 0 0.000061 0 0 1 0 0 0 0 1 0.853013 0.521891 0 504.69 -0.521891 0.853012 0 0.000061 0 0 1 0 0 0 0 1 0.853013 0.521891 0 504.69 -0.521891 0.853012 0 0.000061 0 0 1 0 0 0 0 1 0.853013 0.521891 0 504.69 -0.521891 0.853012 0 0.000061 0 0 1 0 0 0 0 1 0.853013 0.521891 0 504.69 -0.521891 0.853012 0 0.000061 0 0 1 0 0 0 0 1 0.853013 0.521891 0 504.69 -0.521891 0.853012 0 0.000061 0 0 1 0 0 0 0 1 0.853013 0.521891 0 504.69 -0.521891 0.853012 0 0.000061 0 0 1 0 0 0 0 1 0.853013 0.521891 0 504.69 -0.521891 0.853012 0 0.000061 0 0 1 0 0 0 0 1 0.853013 0.521891 0 504.69 -0.521891 0.853012 0 0.000061 0 0 1 0 0 0 0 1 0.853013 0.521891 0 504.69 -0.521891 0.853012 0 0.000061 0 0 1 0 0 0 0 1 0.853013 0.521891 0 504.69 -0.521891 0.853012 0 0.000061 0 0 1 0 0 0 0 1 0.853013 0.521891 0 504.69 -0.521891 0.853012 0 0.000061 0 0 1 0 0 0 0 1 0.853013 0.521891 0 504.69 -0.521891 0.853012 0 0.000061 0 0 1 0 0 0 0 1 0.853013 0.521891 0 504.69 -0.521891 0.853012 0 0.000061 0 0 1 0 0 0 0 1 0.853013 0.521891 0 504.69 -0.521891 0.853012 0 0.000061 0 0 1 0 0 0 0 1 0.853013 0.521891 0 504.69 -0.521891 0.853012 0 0.000061 0 0 1 0 0 0 0 1 0.853013 0.521891 0 504.69 -0.521891 0.853012 0 0.000061 0 0 1 0 0 0 0 1 0.853013 0.521891 0 504.69 -0.521891 0.853012 0 0.000061 0 0 1 0 0 0 0 1 0.853013 0.521891 0 504.69 -0.521891 0.853012 0 0.000061 0 0 1 0 0 0 0 1 0.853013 0.521891 0 504.69 -0.521891 0.853012 0 0.000061 0 0 1 0 0 0 0 1 0.853013 0.521891 0 504.69 -0.521891 0.853012 0 0.000061 0 0 1 0 0 0 0 1 0.853013 0.521891 0 504.69 -0.521891 0.853012 0 0.000061 0 0 1 0 0 0 0 1 0.853013 0.521891 0 504.69 -0.521891 0.853012 0 0.000061 0 0 1 0 0 0 0 1 0.853013 0.521891 0 504.69 -0.521891 0.853012 0 0.000061 0 0 1 0 0 0 0 1 0.853013 0.521891 0 504.69 -0.521891 0.853012 0 0.000061 0 0 1 0 0 0 0 1 0.853013 0.521891 0 504.69 -0.521891 0.853012 0 0.000061 0 0 1 0 0 0 0 1 0.853013 0.521891 0 504.69 -0.521891 0.853012 0 0.000061 0 0 1 0 0 0 0 1 0.853013 0.521891 0 504.69 -0.521891 0.853012 0 0.000061 0 0 1 0 0 0 0 1 0.853013 0.521891 0 504.69 -0.521891 0.853012 0 0.000061 0 0 1 0 0 0 0 1 0.853013 0.521891 0 504.69 -0.521891 0.853012 0 0.000061 0 0 1 0 0 0 0 1 0.853013 0.521891 0 504.69 -0.521891 0.853012 0 0.000061 0 0 1 0 0 0 0 1 0.853013 0.521891 0 504.69 -0.521891 0.853012 0 0.000061 0 0 1 0 0 0 0 1 0.853013 0.521891 0 504.69 -0.521891 0.853012 0 0.000061 0 0 1 0 0 0 0 1 0.853013 0.521891 0 504.69 -0.521891 0.853012 0 0.000061 0 0 1 0 0 0 0 1 0.853013 0.521891 0 504.69 -0.521891 0.853012 0 0.000061 0 0 1 0 0 0 0 1 0.853013 0.521891 0 504.69 -0.521891 0.853012 0 0.000061 0 0 1 0 0 0 0 1 0.853013 0.521891 0 504.69 -0.521891 0.853012 0 0.000061 0 0 1 0 0 0 0 1 0.853013 0.521891 0 504.69 -0.521891 0.853012 0 0.000061 0 0 1 0 0 0 0 1 0.853013 0.521891 0 504.69 -0.521891 0.853012 0 0.000061 0 0 1 0 0 0 0 1 0.853013 0.521891 0 504.69 -0.521891 0.853012 0 0.000061 0 0 1 0 0 0 0 1 0.853013 0.521891 0 504.69 -0.521891 0.853012 0 0.000061 0 0 1 0 0 0 0 1 0.853013 0.521891 0 504.69 -0.521891 0.853012 0 0.000061 0 0 1 0 0 0 0 1 0.853013 0.521891 0 504.69 -0.521891 0.853012 0 0.000061 0 0 1 0 0 0 0 1 0.853013 0.521891 0 504.69 -0.521891 0.853012 0 0.000061 0 0 1 0 0 0 0 1 0.853013 0.521891 0 504.69 -0.521891 0.853012 0 0.000061 0 0 1 0 0 0 0 1 0.853013 0.521891 0 504.69 -0.521891 0.853012 0 0.000061 0 0 1 0 0 0 0 1 0.853013 0.521891 0 504.69 -0.521891 0.853012 0 0.000061 0 0 1 0 0 0 0 1 0.853013 0.521891 0 504.69 -0.521891 0.853012 0 0.000061 0 0 1 0 0 0 0 1 0.853013 0.521891 0 504.69 -0.521891 0.853012 0 0.000061 0 0 1 0 0 0 0 1 0.853013 0.521891 0 504.69 -0.521891 0.853012 0 0.000061 0 0 1 0 0 0 0 1 0.853013 0.521891 0 504.69 -0.521891 0.853012 0 0.000061 0 0 1 0 0 0 0 1 0.853013 0.521891 0 504.69 -0.521891 0.853012 0 0.000061 0 0 1 0 0 0 0 1 0.853013 0.521891 0 504.69 -0.521891 0.853012 0 0.000061 0 0 1 0 0 0 0 1 0.853013 0.52189 0 504.69 -0.52189 0.853013 0 0.000061 0 0 1 0 0 0 0 1 0.853013 0.521891 0 504.69 -0.521891 0.853012 0 0.000061 0 0 1 0 0 0 0 1 0.853013 0.521891 0 504.69 -0.521891 0.853012 0 0.000061 0 0 1 0 0 0 0 1 0.853013 0.521891 0 504.69 -0.521891 0.853012 0 0.000061 0 0 1 0 0 0 0 1 0.853013 0.521891 0 504.69 -0.521891 0.853012 0 0.000061 0 0 1 0 0 0 0 1 0.853013 0.521891 0 504.69 -0.521891 0.853012 0 0.000061 0 0 1 0 0 0 0 1 0.853013 0.521891 0 504.69 -0.521891 0.853012 0 0.000061 0 0 1 0 0 0 0 1 0.853013 0.521891 0 504.69 -0.521891 0.853012 0 0.000061 0 0 1 0 0 0 0 1 0.853013 0.521891 0 504.69 -0.521891 0.853012 0 0.000061 0 0 1 0 0 0 0 1 0.853013 0.521891 0 504.69 -0.521891 0.853012 0 0.000061 0 0 1 0 0 0 0 1 0.853013 0.521891 0 504.69 -0.521891 0.853012 0 0.000061 0 0 1 0 0 0 0 1 0.853013 0.521891 0 504.69 -0.521891 0.853012 0 0.000061 0 0 1 0 0 0 0 1 0.853013 0.521891 0 504.69 -0.521891 0.853012 0 0.000061 0 0 1 0 0 0 0 1 0.853013 0.521891 0 504.69 -0.521891 0.853012 0 0.000061 0 0 1 0 0 0 0 1 0.853013 0.521891 0 504.69 -0.521891 0.853012 0 0.000061 0 0 1 0 0 0 0 1 0.853013 0.521891 0 504.69 -0.521891 0.853012 0 0.000061 0 0 1 0 0 0 0 1 0.853013 0.521891 0 504.69 -0.521891 0.853012 0 0.000061 0 0 1 0 0 0 0 1 0.853013 0.521891 0 504.69 -0.521891 0.853012 0 0.000061 0 0 1 0 0 0 0 1 0.853013 0.521891 0 504.69 -0.521891 0.853012 0 0.000061 0 0 1 0 0 0 0 1 0.853013 0.521891 0 504.69 -0.521891 0.853012 0 0.000061 0 0 1 0 0 0 0 1 0.853013 0.521891 0 504.69 -0.521891 0.853012 0 0.000061 0 0 1 0 0 0 0 1 0.853013 0.521891 0 504.69 -0.521891 0.853012 0 0.000061 0 0 1 0 0 0 0 1 0.853013 0.521891 0 504.69 -0.521891 0.853012 0 0.000061 0 0 1 0 0 0 0 1 0.853013 0.521891 0 504.69 -0.521891 0.853012 0 0.000061 0 0 1 0 0 0 0 1 0.853013 0.521891 0 504.69 -0.521891 0.853012 0 0.000061 0 0 1 0 0 0 0 1 0.853012 0.521891 0 504.69 -0.521891 0.853013 0 0.000061 0 0 1 0 0 0 0 1 0.853012 0.521891 0 504.69 -0.521891 0.853012 0 0.000061 0 0 1 0 0 0 0 1 0.853013 0.521891 0 504.69 -0.521891 0.853012 0 0.000061 0 0 1 0 0 0 0 1 0.959022 0.283332 0 504.69 -0.283332 0.959022 0 0.000061 0 0 1 0 0 0 0 1 0.853013 0.521891 0 504.69 -0.521891 0.853012 0 0.000061 0 0 1 0 0 0 0 1 0.853013 0.521891 0 504.69 -0.521891 0.853012 0 0.000061 0 0 1 0 0 0 0 1 0.317981 0.948097 0 504.69 -0.948097 0.317981 0 0.000061 0 0 1 0 0 0 0 1 0.317981 0.948097 0 504.69 -0.948097 0.317981 0 0.000061 0 0 1 0 0 0 0 1 0.317981 0.948097 0 504.69 -0.948097 0.317981 0 0.000061 0 0 1 0 0 0 0 1 0.262316 0.964982 0 504.69 -0.964982 0.262316 0 0.000061 0 0 1 0 0 0 0 1 0.317981 0.948097 0 504.69 -0.948097 0.317981 0 0.000061 0 0 1 0 0 0 0 1 0.853013 0.521891 0 504.69 -0.521891 0.853012 0 0.000061 0 0 1 0 0 0 0 1 0.853013 0.521891 0 504.69 -0.521891 0.853012 0 0.000061 0 0 1 0 0 0 0 1 0.853013 0.521891 0 504.69 -0.521891 0.853012 0 0.000061 0 0 1 0 0 0 0 1 0.853013 0.521891 0 504.69 -0.521891 0.853012 0 0.000061 0 0 1 0 0 0 0 1 0.853013 0.521891 0 504.69 -0.521891 0.853012 0 0.000061 0 0 1 0 0 0 0 1</float_array>
        <technique_common>
          <accessor source="#Bip01_R_Calf-node-transform_Bip01_R_Calf-node_transform-output-array" count="146" stride="16">
            <param name="TRANSFORM" type="float4x4"/>
          </accessor>
        </technique_common>
      </source>
      <source id="Bip01_R_Calf-node-transform_Bip01_R_Calf-node_transform-interpolations">
        <Name_array id="Bip01_R_Calf-node-transform_Bip01_R_Calf-node_transform-interpolations-array" count="146">LINEAR LINEAR LINEAR LINEAR LINEAR LINEAR LINEAR LINEAR LINEAR LINEAR LINEAR LINEAR LINEAR LINEAR LINEAR LINEAR LINEAR LINEAR LINEAR LINEAR LINEAR LINEAR LINEAR LINEAR LINEAR LINEAR LINEAR LINEAR LINEAR LINEAR LINEAR LINEAR LINEAR LINEAR LINEAR LINEAR LINEAR LINEAR LINEAR LINEAR LINEAR LINEAR LINEAR LINEAR LINEAR LINEAR LINEAR LINEAR LINEAR LINEAR LINEAR LINEAR LINEAR LINEAR LINEAR LINEAR LINEAR LINEAR LINEAR LINEAR LINEAR LINEAR LINEAR LINEAR LINEAR LINEAR LINEAR LINEAR LINEAR LINEAR LINEAR LINEAR LINEAR LINEAR LINEAR LINEAR LINEAR LINEAR LINEAR LINEAR LINEAR LINEAR LINEAR LINEAR LINEAR LINEAR LINEAR LINEAR LINEAR LINEAR LINEAR LINEAR LINEAR LINEAR LINEAR LINEAR LINEAR LINEAR LINEAR LINEAR LINEAR LINEAR LINEAR LINEAR LINEAR LINEAR LINEAR LINEAR LINEAR LINEAR LINEAR LINEAR LINEAR LINEAR LINEAR LINEAR LINEAR LINEAR LINEAR LINEAR LINEAR LINEAR LINEAR LINEAR LINEAR LINEAR LINEAR LINEAR LINEAR LINEAR LINEAR LINEAR LINEAR LINEAR LINEAR LINEAR LINEAR LINEAR LINEAR LINEAR LINEAR LINEAR LINEAR LINEAR LINEAR LINEAR</Name_array>
        <technique_common>
          <accessor source="#Bip01_R_Calf-node-transform_Bip01_R_Calf-node_transform-interpolations-array" count="146" stride="1">
            <param name="INTERPOLATION" type="Name"/>
          </accessor>
        </technique_common>
      </source>
      <sampler id="Bip01_R_Calf-node-transform_Bip01_R_Calf-node_transform-sampler">
        <input semantic="INPUT" source="#Bip01_R_Calf-node-transform_Bip01_R_Calf-node_transform-input"/>
        <input semantic="OUTPUT" source="#Bip01_R_Calf-node-transform_Bip01_R_Calf-node_transform-output"/>
        <input semantic="INTERPOLATION" source="#Bip01_R_Calf-node-transform_Bip01_R_Calf-node_transform-interpolations"/>
      </sampler>
      <channel source="#Bip01_R_Calf-node-transform_Bip01_R_Calf-node_transform-sampler" target="Bip01_R_Calf-node/transform"/>
    </animation>
    <animation id="Bip01_R_Foot-node-transform">
      <source id="Bip01_R_Foot-node-transform_Bip01_R_Foot-node_transform-input">
        <float_array id="Bip01_R_Foot-node-transform_Bip01_R_Foot-node_transform-input-array" count="146">0 0.1 0.2 0.3 0.4 0.5 0.6 0.7 0.8 0.9 1 1.1 1.2 1.3 1.4 1.5 1.6 1.7 1.8 1.9 2 2.1 2.2 2.3 2.4 2.5 2.6 2.7 2.8 2.9 3 3.1 3.2 3.3 3.4 3.5 3.6 3.7 3.8 3.9 4 4.1 4.2 4.3 4.4 4.5 4.6 4.7 4.8 4.9 5 5.1 5.2 5.3 5.4 5.5 5.6 5.7 5.8 5.9 6 6.1 6.2 6.3 6.4 6.5 6.6 6.7 6.8 6.9 7 7.1 7.2 7.3 7.4 7.5 7.6 7.7 7.8 7.9 8 8.1 8.2 8.3 8.4 8.5 8.6 8.7 8.8 8.9 9 9.1 9.2 9.3 9.4 9.5 9.6 9.7 9.8 9.9 10 10.1 10.2 10.3 10.4 10.5 10.6 10.7 10.8 10.9 11 11.1 11.2 11.3 11.4 11.5 11.6 11.7 11.8 11.9 12 12.1 12.2 12.3 12.4 12.5 12.6 12.7 12.8 12.9 13 13.1 13.2 13.3 13.4 13.5 13.6 13.7 13.8 13.9 14 14.1 14.2 14.3 14.4 14.5</float_array>
        <technique_common>
          <accessor source="#Bip01_R_Foot-node-transform_Bip01_R_Foot-node_transform-input-array" count="146" stride="1">
            <param name="TIME" type="float"/>
          </accessor>
        </technique_common>
        <technique profile="MAYA">
          <pre_infinity>CONSTANT</pre_infinity>
          <post_infinity>CONSTANT</post_infinity>
        </technique>
      </source>
      <source id="Bip01_R_Foot-node-transform_Bip01_R_Foot-node_transform-output">
        <float_array id="Bip01_R_Foot-node-transform_Bip01_R_Foot-node_transform-output-array" count="2336">0.999919 -0.012733 0 433.391 0.012733 0.999919 0 0 0 0 1 0 0 0 0 1 0.935261 -0.353958 0 433.392 0.353958 0.935261 0 0 0 0 1 0 0 0 0 1 0.757797 -0.65249 0 433.392 0.65249 0.757797 0 -0.000061 0 0 1 0 0 0 0 1 0.859589 -0.510987 0 433.391 0.510987 0.859589 0 0.00003 0 0 1 0 0 0 0 1 0.999919 -0.012733 0 433.391 0.012733 0.999919 0 0 0 0 1 0 0 0 0 1 0.999919 -0.012733 0 433.392 0.012733 0.999919 0 0.000061 0 0 1 0 0 0 0 1 0.999919 -0.012733 0 433.392 0.012733 0.999919 0 -0.000061 0 0 1 0 0 0 0 1 0.999919 -0.012733 0 433.391 0.012733 0.999919 0 0 0 0 1 0 0 0 0 1 0.999919 -0.012733 0 433.392 0.012733 0.999919 0 -0.000061 0 0 1 0 0 0 0 1 0.999919 -0.012733 0 433.392 0.012733 0.999919 0 -0.000061 0 0 1 0 0 0 0 1 0.999919 -0.012733 0 433.391 0.012733 0.999919 0 0 0 0 1 0 0 0 0 1 0.995004 -0.099833 0 433.392 0.099833 0.995004 0 0 0 0 1 0 0 0 0 1 0.757797 -0.65249 0 433.392 0.65249 0.757797 0 -0.000061 0 0 1 0 0 0 0 1 0.964498 -0.264091 0 433.391 0.264091 0.964498 0 0.000061 0 0 1 0 0 0 0 1 0.999919 -0.012733 0 433.391 0.012733 0.999919 0 0 0 0 1 0 0 0 0 1 0.999919 -0.012733 0 433.392 0.012733 0.999919 0 0 0 0 1 0 0 0 0 1 0.999919 -0.012733 0 433.391 0.012733 0.999919 0 0 0 0 1 0 0 0 0 1 0.999919 -0.012733 0 433.391 0.012733 0.999919 0 0 0 0 1 0 0 0 0 1 0.999919 -0.012733 0 433.391 0.012733 0.999919 0 0 0 0 1 0 0 0 0 1 0.900853 -0.434124 0 433.391 0.434124 0.900853 0 0 0 0 1 0 0 0 0 1 0.900853 -0.434124 0 433.391 0.434124 0.900853 0 0 0 0 1 0 0 0 0 1 0.900853 -0.434124 0 433.391 0.434124 0.900853 0 0 0 0 1 0 0 0 0 1 0.900853 -0.434124 0 433.391 0.434124 0.900853 0 0 0 0 1 0 0 0 0 1 0.900853 -0.434124 0 433.391 0.434124 0.900853 0 0 0 0 1 0 0 0 0 1 0.900853 -0.434124 0 433.391 0.434124 0.900853 0 0 0 0 1 0 0 0 0 1 0.900853 -0.434124 0 433.391 0.434124 0.900853 0 0 0 0 1 0 0 0 0 1 0.900853 -0.434124 0 433.391 0.434124 0.900853 0 0 0 0 1 0 0 0 0 1 0.900853 -0.434124 0 433.391 0.434124 0.900853 0 -0.000015 0 0 1 0 0 0 0 1 0.900853 -0.434124 0 433.391 0.434124 0.900853 0 0 0 0 1 0 0 0 0 1 0.900853 -0.434124 0 433.391 0.434124 0.900853 0 0 0 0 1 0 0 0 0 1 0.900853 -0.434124 0 433.392 0.434124 0.900853 0 0 0 0 1 0 0 0 0 1 0.900853 -0.434124 0 433.392 0.434124 0.900853 0 0 0 0 1 0 0 0 0 1 0.900853 -0.434124 0 433.392 0.434124 0.900853 0 0 0 0 1 0 0 0 0 1 0.900853 -0.434124 0 433.392 0.434124 0.900853 0 0 0 0 1 0 0 0 0 1 0.900853 -0.434124 0 433.392 0.434124 0.900853 0 0 0 0 1 0 0 0 0 1 0.935261 -0.353958 0 433.392 0.353958 0.935261 0 -0.000061 0 0 1 0 0 0 0 1 0.935261 -0.353958 0 433.392 0.353958 0.935261 0 -0.000061 0 0 1 0 0 0 0 1 0.935261 -0.353958 0 433.392 0.353958 0.935261 0 -0.000122 0 0 1 0 0 0 0 1 0.935261 -0.353958 0 433.392 0.353958 0.935261 0 -0.000122 0 0 1 0 0 0 0 1 0.935261 -0.353958 0 433.392 0.353958 0.935261 0 -0.000122 0 0 1 0 0 0 0 1 0.935261 -0.353958 0 433.392 0.353958 0.935261 0 -0.000122 0 0 1 0 0 0 0 1 0.935261 -0.353958 0 433.392 0.353958 0.935261 0 -0.000061 0 0 1 0 0 0 0 1 0.935261 -0.353958 0 433.392 0.353958 0.935261 0 -0.000061 0 0 1 0 0 0 0 1 0.935261 -0.353958 0 433.392 0.353958 0.935261 0 -0.000061 0 0 1 0 0 0 0 1 0.900853 -0.434124 0 433.391 0.434124 0.900853 0 0.000015 0 0 1 0 0 0 0 1 0.900853 -0.434124 0 433.391 0.434124 0.900853 0 0 0 0 1 0 0 0 0 1 0.900853 -0.434124 0 433.391 0.434124 0.900853 0 -0.000015 0 0 1 0 0 0 0 1 0.900853 -0.434124 0 433.391 0.434124 0.900853 0 0 0 0 1 0 0 0 0 1 0.900853 -0.434124 0 433.392 0.434124 0.900853 0 -0.000015 0 0 1 0 0 0 0 1 0.900853 -0.434124 0 433.391 0.434124 0.900853 0 -0.000015 0 0 1 0 0 0 0 1 0.900853 -0.434124 0 433.391 0.434124 0.900853 0 0 0 0 1 0 0 0 0 1 0.900853 -0.434124 0 433.392 0.434124 0.900853 0 0.000015 0 0 1 0 0 0 0 1 0.900853 -0.434124 0 433.391 0.434124 0.900853 0 -0.00003 0 0 1 0 0 0 0 1 0.900853 -0.434124 0 433.391 0.434124 0.900853 0 -0.000015 0 0 1 0 0 0 0 1 0.900853 -0.434124 0 433.391 0.434124 0.900853 0 -0.000015 0 0 1 0 0 0 0 1 0.900853 -0.434124 0 433.392 0.434124 0.900853 0 -0.00003 0 0 1 0 0 0 0 1 0.900853 -0.434124 0 433.391 0.434124 0.900853 0 -0.000015 0 0 1 0 0 0 0 1 0.900853 -0.434124 0 433.391 0.434124 0.900853 0 0 0 0 1 0 0 0 0 1 0.900853 -0.434124 0 433.391 0.434124 0.900853 0 -0.000015 0 0 1 0 0 0 0 1 0.900853 -0.434124 0 433.392 0.434124 0.900853 0 -0.000015 0 0 1 0 0 0 0 1 0.900853 -0.434124 0 433.391 0.434124 0.900853 0 -0.000015 0 0 1 0 0 0 0 1 0.900853 -0.434124 0 433.391 0.434124 0.900853 0 -0.000015 0 0 1 0 0 0 0 1 0.900853 -0.434124 0 433.391 0.434124 0.900853 0 -0.00003 0 0 1 0 0 0 0 1 0.900853 -0.434124 0 433.391 0.434124 0.900853 0 0 0 0 1 0 0 0 0 1 0.900853 -0.434124 0 433.392 0.434124 0.900853 0 -0.000015 0 0 1 0 0 0 0 1 0.900853 -0.434124 0 433.391 0.434124 0.900853 0 -0.000015 0 0 1 0 0 0 0 1 0.900853 -0.434124 0 433.391 0.434124 0.900853 0 0 0 0 1 0 0 0 0 1 0.900853 -0.434124 0 433.391 0.434124 0.900853 0 -0.00003 0 0 1 0 0 0 0 1 0.900853 -0.434124 0 433.392 0.434124 0.900853 0 -0.000015 0 0 1 0 0 0 0 1 0.900853 -0.434124 0 433.392 0.434124 0.900853 0 0 0 0 1 0 0 0 0 1 0.900853 -0.434124 0 433.391 0.434124 0.900853 0 -0.00003 0 0 1 0 0 0 0 1 0.900853 -0.434124 0 433.391 0.434124 0.900853 0 -0.000015 0 0 1 0 0 0 0 1 0.900853 -0.434124 0 433.391 0.434124 0.900853 0 -0.000015 0 0 1 0 0 0 0 1 0.900853 -0.434124 0 433.391 0.434124 0.900853 0 -0.000015 0 0 1 0 0 0 0 1 0.900853 -0.434124 0 433.391 0.434124 0.900853 0 0 0 0 1 0 0 0 0 1 0.900853 -0.434124 0 433.391 0.434124 0.900853 0 -0.000015 0 0 1 0 0 0 0 1 0.900853 -0.434124 0 433.391 0.434124 0.900853 0 -0.000015 0 0 1 0 0 0 0 1 0.900853 -0.434124 0 433.391 0.434124 0.900853 0 -0.00003 0 0 1 0 0 0 0 1 0.900853 -0.434124 0 433.391 0.434124 0.900853 0 -0.000015 0 0 1 0 0 0 0 1 0.900853 -0.434124 0 433.391 0.434124 0.900853 0 -0.000015 0 0 1 0 0 0 0 1 0.900853 -0.434124 0 433.391 0.434124 0.900853 0 -0.000015 0 0 1 0 0 0 0 1 0.900853 -0.434124 0 433.391 0.434124 0.900853 0 -0.000015 0 0 1 0 0 0 0 1 0.900853 -0.434124 0 433.391 0.434124 0.900853 0 -0.00003 0 0 1 0 0 0 0 1 0.900853 -0.434124 0 433.391 0.434124 0.900853 0 -0.00003 0 0 1 0 0 0 0 1 0.900853 -0.434124 0 433.391 0.434124 0.900853 0 0 0 0 1 0 0 0 0 1 0.900853 -0.434124 0 433.391 0.434124 0.900853 0 -0.000015 0 0 1 0 0 0 0 1 0.900853 -0.434124 0 433.391 0.434124 0.900853 0 -0.000015 0 0 1 0 0 0 0 1 0.900853 -0.434124 0 433.392 0.434124 0.900853 0 -0.00003 0 0 1 0 0 0 0 1 0.900853 -0.434124 0 433.391 0.434124 0.900853 0 -0.00003 0 0 1 0 0 0 0 1 0.900853 -0.434124 0 433.391 0.434124 0.900853 0 -0.000015 0 0 1 0 0 0 0 1 0.900853 -0.434124 0 433.392 0.434124 0.900853 0 -0.000015 0 0 1 0 0 0 0 1 0.900853 -0.434124 0 433.391 0.434124 0.900853 0 -0.00003 0 0 1 0 0 0 0 1 0.900853 -0.434124 0 433.391 0.434124 0.900853 0 -0.00003 0 0 1 0 0 0 0 1 0.900853 -0.434124 0 433.391 0.434124 0.900853 0 -0.000015 0 0 1 0 0 0 0 1 0.900853 -0.434124 0 433.392 0.434124 0.900853 0 0 0 0 1 0 0 0 0 1 0.900853 -0.434124 0 433.391 0.434124 0.900853 0 0 0 0 1 0 0 0 0 1 0.900853 -0.434124 0 433.391 0.434124 0.900853 0 -0.000015 0 0 1 0 0 0 0 1 0.900853 -0.434124 0 433.392 0.434124 0.900853 0 -0.000015 0 0 1 0 0 0 0 1 0.900853 -0.434124 0 433.391 0.434124 0.900853 0 -0.00003 0 0 1 0 0 0 0 1 0.900853 -0.434124 0 433.392 0.434124 0.900853 0 -0.00003 0 0 1 0 0 0 0 1 0.900853 -0.434124 0 433.391 0.434124 0.900853 0 0 0 0 1 0 0 0 0 1 0.900853 -0.434124 0 433.392 0.434124 0.900853 0 0 0 0 1 0 0 0 0 1 0.900853 -0.434124 0 433.391 0.434124 0.900853 0 -0.000015 0 0 1 0 0 0 0 1 0.900853 -0.434124 0 433.391 0.434124 0.900853 0 -0.000015 0 0 1 0 0 0 0 1 0.900853 -0.434124 0 433.391 0.434124 0.900853 0 -0.00003 0 0 1 0 0 0 0 1 0.900853 -0.434124 0 433.392 0.434124 0.900853 0 0.000015 0 0 1 0 0 0 0 1 0.900853 -0.434124 0 433.391 0.434124 0.900853 0 0 0 0 1 0 0 0 0 1 0.900853 -0.434124 0 433.392 0.434124 0.900853 0 -0.000015 0 0 1 0 0 0 0 1 0.900853 -0.434124 0 433.391 0.434124 0.900853 0 -0.000015 0 0 1 0 0 0 0 1 0.900853 -0.434124 0 433.391 0.434124 0.900853 0 -0.000015 0 0 1 0 0 0 0 1 0.900853 -0.434124 0 433.392 0.434124 0.900853 0 0 0 0 1 0 0 0 0 1 0.900853 -0.434124 0 433.392 0.434124 0.900853 0 -0.00003 0 0 1 0 0 0 0 1 0.900853 -0.434124 0 433.392 0.434124 0.900853 0 -0.00003 0 0 1 0 0 0 0 1 0.900853 -0.434124 0 433.392 0.434124 0.900853 0 -0.00003 0 0 1 0 0 0 0 1 0.900853 -0.434124 0 433.391 0.434124 0.900853 0 -0.000015 0 0 1 0 0 0 0 1 0.900853 -0.434124 0 433.391 0.434124 0.900853 0 0 0 0 1 0 0 0 0 1 0.900853 -0.434124 0 433.392 0.434124 0.900853 0 -0.00003 0 0 1 0 0 0 0 1 0.900853 -0.434124 0 433.391 0.434124 0.900853 0 0 0 0 1 0 0 0 0 1 0.900853 -0.434124 0 433.391 0.434124 0.900853 0 0 0 0 1 0 0 0 0 1 0.900853 -0.434124 0 433.392 0.434124 0.900853 0 -0.00003 0 0 1 0 0 0 0 1 0.900853 -0.434124 0 433.391 0.434124 0.900853 0 -0.000015 0 0 1 0 0 0 0 1 0.900853 -0.434124 0 433.391 0.434124 0.900853 0 0 0 0 1 0 0 0 0 1 0.900853 -0.434124 0 433.391 0.434124 0.900853 0 -0.000015 0 0 1 0 0 0 0 1 0.900853 -0.434124 0 433.391 0.434124 0.900853 0 -0.000015 0 0 1 0 0 0 0 1 0.900853 -0.434124 0 433.391 0.434124 0.900853 0 0 0 0 1 0 0 0 0 1 0.900853 -0.434124 0 433.391 0.434124 0.900853 0 0 0 0 1 0 0 0 0 1 0.900853 -0.434124 0 433.391 0.434124 0.900853 0 0 0 0 1 0 0 0 0 1 0.900853 -0.434124 0 433.391 0.434124 0.900853 0 -0.000015 0 0 1 0 0 0 0 1 0.900853 -0.434124 0 433.391 0.434124 0.900853 0 0 0 0 1 0 0 0 0 1 0.900853 -0.434124 0 433.391 0.434124 0.900853 0 0.000015 0 0 1 0 0 0 0 1 0.977219 -0.195625 0.082299 433.391 0.170378 0.954336 0.245386 -0.000061 -0.126545 -0.225773 0.965926 0 0 0 0 1 0.893873 -0.364553 -0.260945 433.392 0.445533 0.787142 0.426506 0.000015 0.049916 -0.497502 0.866025 0 0 0 0 1 0.900061 -0.426235 -0.090625 433.392 0.435418 0.887959 0.148124 -0.00003 0.017335 -0.172781 0.984808 0 0 0 0 1 0.993707 -0.032995 -0.107043 433.392 0.047583 0.989465 0.136732 0 0.101404 -0.140965 0.984808 0 0 0 0 1 0.900061 -0.426235 -0.090625 433.392 0.435418 0.887959 0.148124 -0.00003 0.017335 -0.172781 0.984808 0 0 0 0 1 0.900853 -0.434124 0 433.392 0.434124 0.900853 0 0 0 0 1 0 0 0 0 1 0.995004 -0.099833 0 433.391 0.099833 0.995004 0 0.00003 0 0 1 0 0 0 0 1 0.995004 -0.099833 0 433.391 0.099833 0.995004 0 0.00003 0 0 1 0 0 0 0 1 0.995004 -0.099833 0 433.391 0.099833 0.995004 0 0.00003 0 0 1 0 0 0 0 1 0.997487 -0.070851 0 433.392 0.070851 0.997487 0 0 0 0 1 0 0 0 0 1 0.995004 -0.099833 0 433.391 0.099833 0.995004 0 0.00003 0 0 1 0 0 0 0 1 0.900853 -0.434124 0 433.392 0.434124 0.900853 0 0.000007 0 0 1 0 0 0 0 1 0.900853 -0.434124 0 433.392 0.434124 0.900853 0 0.000007 0 0 1 0 0 0 0 1 0.900853 -0.434124 0 433.392 0.434124 0.900853 0 0.000007 0 0 1 0 0 0 0 1 0.900853 -0.434124 0 433.392 0.434124 0.900853 0 0.000007 0 0 1 0 0 0 0 1 0.900853 -0.434124 0 433.392 0.434124 0.900853 0 0.000007 0 0 1 0 0 0 0 1</float_array>
        <technique_common>
          <accessor source="#Bip01_R_Foot-node-transform_Bip01_R_Foot-node_transform-output-array" count="146" stride="16">
            <param name="TRANSFORM" type="float4x4"/>
          </accessor>
        </technique_common>
      </source>
      <source id="Bip01_R_Foot-node-transform_Bip01_R_Foot-node_transform-interpolations">
        <Name_array id="Bip01_R_Foot-node-transform_Bip01_R_Foot-node_transform-interpolations-array" count="146">LINEAR LINEAR LINEAR LINEAR LINEAR LINEAR LINEAR LINEAR LINEAR LINEAR LINEAR LINEAR LINEAR LINEAR LINEAR LINEAR LINEAR LINEAR LINEAR LINEAR LINEAR LINEAR LINEAR LINEAR LINEAR LINEAR LINEAR LINEAR LINEAR LINEAR LINEAR LINEAR LINEAR LINEAR LINEAR LINEAR LINEAR LINEAR LINEAR LINEAR LINEAR LINEAR LINEAR LINEAR LINEAR LINEAR LINEAR LINEAR LINEAR LINEAR LINEAR LINEAR LINEAR LINEAR LINEAR LINEAR LINEAR LINEAR LINEAR LINEAR LINEAR LINEAR LINEAR LINEAR LINEAR LINEAR LINEAR LINEAR LINEAR LINEAR LINEAR LINEAR LINEAR LINEAR LINEAR LINEAR LINEAR LINEAR LINEAR LINEAR LINEAR LINEAR LINEAR LINEAR LINEAR LINEAR LINEAR LINEAR LINEAR LINEAR LINEAR LINEAR LINEAR LINEAR LINEAR LINEAR LINEAR LINEAR LINEAR LINEAR LINEAR LINEAR LINEAR LINEAR LINEAR LINEAR LINEAR LINEAR LINEAR LINEAR LINEAR LINEAR LINEAR LINEAR LINEAR LINEAR LINEAR LINEAR LINEAR LINEAR LINEAR LINEAR LINEAR LINEAR LINEAR LINEAR LINEAR LINEAR LINEAR LINEAR LINEAR LINEAR LINEAR LINEAR LINEAR LINEAR LINEAR LINEAR LINEAR LINEAR LINEAR LINEAR LINEAR LINEAR LINEAR LINEAR</Name_array>
        <technique_common>
          <accessor source="#Bip01_R_Foot-node-transform_Bip01_R_Foot-node_transform-interpolations-array" count="146" stride="1">
            <param name="INTERPOLATION" type="Name"/>
          </accessor>
        </technique_common>
      </source>
      <sampler id="Bip01_R_Foot-node-transform_Bip01_R_Foot-node_transform-sampler">
        <input semantic="INPUT" source="#Bip01_R_Foot-node-transform_Bip01_R_Foot-node_transform-input"/>
        <input semantic="OUTPUT" source="#Bip01_R_Foot-node-transform_Bip01_R_Foot-node_transform-output"/>
        <input semantic="INTERPOLATION" source="#Bip01_R_Foot-node-transform_Bip01_R_Foot-node_transform-interpolations"/>
      </sampler>
      <channel source="#Bip01_R_Foot-node-transform_Bip01_R_Foot-node_transform-sampler" target="Bip01_R_Foot-node/transform"/>
    </animation>
    <animation id="Bip01_Spine1-node-transform">
      <source id="Bip01_Spine1-node-transform_Bip01_Spine1-node_transform-input">
        <float_array id="Bip01_Spine1-node-transform_Bip01_Spine1-node_transform-input-array" count="146">0 0.1 0.2 0.3 0.4 0.5 0.6 0.7 0.8 0.9 1 1.1 1.2 1.3 1.4 1.5 1.6 1.7 1.8 1.9 2 2.1 2.2 2.3 2.4 2.5 2.6 2.7 2.8 2.9 3 3.1 3.2 3.3 3.4 3.5 3.6 3.7 3.8 3.9 4 4.1 4.2 4.3 4.4 4.5 4.6 4.7 4.8 4.9 5 5.1 5.2 5.3 5.4 5.5 5.6 5.7 5.8 5.9 6 6.1 6.2 6.3 6.4 6.5 6.6 6.7 6.8 6.9 7 7.1 7.2 7.3 7.4 7.5 7.6 7.7 7.8 7.9 8 8.1 8.2 8.3 8.4 8.5 8.6 8.7 8.8 8.9 9 9.1 9.2 9.3 9.4 9.5 9.6 9.7 9.8 9.9 10 10.1 10.2 10.3 10.4 10.5 10.6 10.7 10.8 10.9 11 11.1 11.2 11.3 11.4 11.5 11.6 11.7 11.8 11.9 12 12.1 12.2 12.3 12.4 12.5 12.6 12.7 12.8 12.9 13 13.1 13.2 13.3 13.4 13.5 13.6 13.7 13.8 13.9 14 14.1 14.2 14.3 14.4 14.5</float_array>
        <technique_common>
          <accessor source="#Bip01_Spine1-node-transform_Bip01_Spine1-node_transform-input-array" count="146" stride="1">
            <param name="TIME" type="float"/>
          </accessor>
        </technique_common>
        <technique profile="MAYA">
          <pre_infinity>CONSTANT</pre_infinity>
          <post_infinity>CONSTANT</post_infinity>
        </technique>
      </source>
      <source id="Bip01_Spine1-node-transform_Bip01_Spine1-node_transform-output">
        <float_array id="Bip01_Spine1-node-transform_Bip01_Spine1-node_transform-output-array" count="2336">0.999991 0.004309 0 918.145 -0.004309 0.999991 0 -0.683581 0 0 1 -0.000001 0 0 0 1 0.999991 0.004309 0 918.145 -0.004309 0.999991 0 -0.683584 0 0 1 0.00003 0 0 0 1 0.999991 0.004309 0 918.145 -0.004309 0.999991 0 -0.683581 0 0 1 -0.000001 0 0 0 1 0.999991 0.004309 0 918.146 -0.004309 0.999991 0 -0.683581 0 0 1 -0.000015 0 0 0 1 0.999991 0.004309 0 918.145 -0.004309 0.999991 0 -0.683581 0 0 1 -0.000001 0 0 0 1 0.999991 0.004309 0 918.145 -0.004309 0.999991 0 -0.683579 0 0 1 0 0 0 0 1 0.999991 0.004309 0 918.145 -0.004309 0.999991 0 -0.68358 0 0 1 -0.000001 0 0 0 1 0.999991 0.004309 0 918.145 -0.004309 0.999991 0 -0.683585 0 0 1 -0.000001 0 0 0 1 0.999991 0.004309 0 918.145 -0.004309 0.999991 0 -0.683579 0 0 1 -0.000001 0 0 0 1 0.999991 0.004309 0 918.145 -0.004309 0.999991 0 -0.683579 0 0 1 -0.000002 0 0 0 1 0.999991 0.004309 0 918.145 -0.004309 0.999991 0 -0.683581 0 0 1 -0.000001 0 0 0 1 0.999991 0.004309 0 918.145 -0.004309 0.999991 0 -0.683584 0 0 1 0.00003 0 0 0 1 0.999991 0.004309 0 918.145 -0.004309 0.999991 0 -0.683581 0 0 1 -0.000001 0 0 0 1 0.999991 0.004309 0 918.146 -0.004309 0.999991 0 -0.683581 0 0 1 -0.000015 0 0 0 1 0.999991 0.004309 0 918.145 -0.004309 0.999991 0 -0.683581 0 0 1 -0.000001 0 0 0 1 0.999991 0.004309 0 918.145 -0.004309 0.999991 0 -0.683578 0 0 1 -0.000001 0 0 0 1 0.999991 0.004309 0 918.145 -0.004309 0.999991 0 -0.683581 0 0 1 -0.000003 0 0 0 1 0.999991 0.004309 0 918.145 -0.004309 0.999991 0 -0.683579 0 0 1 -0.000001 0 0 0 1 0.999991 0.004309 0 918.145 -0.004309 0.999991 0 -0.683581 0 0 1 -0.000001 0 0 0 1 0.999991 0.004309 0 918.145 -0.004309 0.999991 0 -0.683583 0 0 1 -0.000001 0 0 0 1 0.999991 0.004309 0 918.145 -0.004309 0.999991 0 -0.683579 0 0 1 -0.000002 0 0 0 1 0.999991 0.004302 -0.000256 918.145 -0.00431 0.998695 -0.050882 -0.682696 0.000037 0.050883 0.998705 -0.034785 0 0 0 1 0.999991 0.00429 -0.000439 918.145 -0.004312 0.996185 -0.087154 -0.680978 0.000063 0.087155 0.996195 -0.05958 0 0 0 1 0.999991 0.004303 -0.000235 918.145 -0.00431 0.998898 -0.046732 -0.682832 0.000034 0.046732 0.998907 -0.031948 0 0 0 1 0.999991 0.004309 0 918.145 -0.004309 0.999991 0 -0.683579 0 0 1 -0.000002 0 0 0 1 0.99996 0.008963 0.000058 918.142 -0.008963 0.999928 0.007979 -0.683537 0.000012 -0.007979 0.999968 0.005452 0 0 0 1 0.999833 0.018271 0.000107 918.136 -0.018271 0.999793 0.008976 -0.683445 0.000056 -0.008977 0.99996 0.006134 0 0 0 1 0.999681 0.025251 0.000092 918.131 -0.025251 0.999663 0.005984 -0.68335 0.000058 -0.005985 0.999982 0.004089 0 0 0 1 0.999737 0.022924 0.000028 918.132 -0.022924 0.999735 0.001995 -0.683403 0.000017 -0.001995 0.999998 0.001361 0 0 0 1 0.999991 0.004309 0 918.145 -0.004309 0.999991 0 -0.68358 0 0 1 -0.000002 0 0 0 1 0.985547 -0.169402 -0.000000 918.264 0.169402 0.985547 0 -0.673767 0.000000 0 1 -0.000001 0 0 0 1 0.985547 -0.169402 -0.000000 918.264 0.169402 0.985547 0 -0.673767 0.000000 0 1 -0.000001 0 0 0 1 0.985547 -0.169402 -0.000000 918.264 0.169402 0.985547 0 -0.673767 0.000000 0 1 -0.000001 0 0 0 1 0.985547 -0.169402 -0.000000 918.264 0.169402 0.985547 0 -0.673767 0.000000 0 1 -0.000001 0 0 0 1 0.985547 -0.169402 -0.000000 918.264 0.169402 0.985547 0 -0.673767 0.000000 0 1 -0.000001 0 0 0 1 0.985547 -0.169402 -0.000000 918.264 0.169402 0.985547 0 -0.673767 0.000000 0 1 -0.000001 0 0 0 1 0.985547 -0.169402 -0.000000 918.264 0.169402 0.985547 0 -0.673767 0.000000 0 1 -0.000001 0 0 0 1 0.985547 -0.169402 -0.000000 918.264 0.169402 0.985547 0 -0.673798 0.000000 0 1 -0.000001 0 0 0 1 0.985547 -0.169402 -0.000000 918.264 0.169402 0.985547 0 -0.673798 0.000000 0 1 -0.000001 0 0 0 1 0.985547 -0.169402 -0.000000 918.264 0.169402 0.985547 0 -0.673767 0.000000 0 1 -0.000001 0 0 0 1 0.985547 -0.169402 -0.000000 918.264 0.169402 0.985547 0 -0.673798 0.000000 0 1 -0.000001 0 0 0 1 0.985547 -0.169402 -0.000000 918.264 0.169402 0.985547 0 -0.673767 0.000000 0 1 -0.000001 0 0 0 1 0.985547 -0.169402 -0.000000 918.264 0.169402 0.985547 0 -0.673767 0.000000 0 1 -0.000001 0 0 0 1 0.985547 -0.169402 -0.000000 918.264 0.169402 0.985547 0 -0.673767 0.000000 0 1 -0.000001 0 0 0 1 0.999991 0.004309 0 918.145 -0.004309 0.999991 0 -0.683577 0 0 1 -0.000001 0 0 0 1 0.999836 0.018101 0.000124 918.136 -0.018101 0.999782 0.010367 -0.683432 0.000063 -0.010368 0.999946 0.007085 0 0 0 1 0.999677 0.025428 0.000364 918.131 -0.02543 0.999406 0.023247 -0.683174 0.000227 -0.023249 0.99973 0.015891 0 0 0 1 0.999619 0.027582 0.000628 918.13 -0.027586 0.998916 0.037486 -0.682837 0.000406 -0.037489 0.999297 0.025625 0 0 0 1 0.999665 0.025855 0.000825 918.131 -0.025863 0.998316 0.051933 -0.682434 0.000518 -0.051937 0.99865 0.035501 0 0 0 1 0.999768 0.02154 0.000898 918.134 -0.021552 0.997624 0.065436 -0.681955 0.000512 -0.06544 0.997856 0.044732 0 0 0 1 0.999873 0.015931 0.00084 918.137 -0.015949 0.996915 0.076851 -0.681468 0.000386 -0.076855 0.997042 0.052535 0 0 0 1 0.999946 0.010324 0.000691 918.141 -0.010346 0.996324 0.085035 -0.681072 0.000189 -0.085037 0.996378 0.058128 0 0 0 1 0.999982 0.006013 0.00053 918.144 -0.006036 0.996027 0.088849 -0.680868 0.000005 -0.08885 0.996045 0.060735 0 0 0 1 0.999991 0.004289 0.000444 918.145 -0.004312 0.996185 0.087154 -0.680979 -0.000069 -0.087155 0.996195 0.059576 0 0 0 1 0.999991 0.004293 0.000397 918.145 -0.004311 0.996956 0.077849 -0.681504 -0.000062 -0.07785 0.996965 0.053215 0 0 0 1 0.999991 0.004299 0.000311 918.145 -0.00431 0.998128 0.061011 -0.682306 -0.000048 -0.061012 0.998137 0.041705 0 0 0 1 0.999991 0.004305 0.000197 918.145 -0.00431 0.999239 0.038774 -0.683065 -0.00003 -0.038775 0.999248 0.026504 0 0 0 1 0.999991 0.004308 0.000067 918.145 -0.004309 0.999902 0.013286 -0.683517 -0.00001 -0.013287 0.999912 0.009081 0 0 0 1 0.999991 0.004308 -0.000067 918.145 -0.004309 0.999902 -0.013286 -0.683522 0.00001 0.013287 0.999912 -0.009084 0 0 0 1 0.999991 0.004305 -0.000197 918.145 -0.00431 0.999239 -0.038774 -0.683068 0.00003 0.038775 0.999248 -0.026508 0 0 0 1 0.999991 0.004299 -0.000311 918.145 -0.00431 0.998128 -0.061011 -0.682309 0.000048 0.061012 0.998137 -0.041709 0 0 0 1 0.999991 0.004293 -0.000397 918.145 -0.004311 0.996956 -0.077849 -0.681506 0.000061 0.07785 0.996965 -0.053219 0 0 0 1 0.999991 0.004289 -0.000444 918.145 -0.004312 0.996185 -0.087154 -0.680984 0.000069 0.087155 0.996195 -0.05958 0 0 0 1 0.999991 0.004289 -0.000453 918.145 -0.004312 0.996036 -0.088847 -0.68088 0.00007 0.088848 0.996045 -0.060738 0 0 0 1 0.999991 0.00429 -0.000434 918.145 -0.004312 0.996369 -0.085031 -0.681104 0.000067 0.085032 0.996378 -0.058129 0 0 0 1 0.999991 0.004294 -0.000392 918.145 -0.004311 0.997034 -0.076846 -0.681558 0.000061 0.076847 0.997043 -0.052534 0 0 0 1 0.999991 0.004298 -0.000334 918.145 -0.004311 0.997848 -0.065432 -0.682116 0.000052 0.065433 0.997857 -0.04473 0 0 0 1 0.999991 0.004302 -0.000265 918.145 -0.00431 0.998641 -0.051928 -0.682658 0.000041 0.051929 0.998651 -0.0355 0 0 0 1 0.999991 0.004305 -0.000191 918.145 -0.004309 0.999288 -0.037483 -0.683099 0.000029 0.037483 0.999297 -0.025625 0 0 0 1 0.999991 0.004308 -0.000118 918.145 -0.004309 0.999721 -0.023244 -0.683394 0.000018 0.023245 0.99973 -0.015892 0 0 0 1 0.999991 0.004309 -0.000052 918.145 -0.004309 0.999937 -0.010366 -0.683541 0.000008 0.010366 0.999946 -0.007088 0 0 0 1 0.999991 0.004309 0 918.145 -0.004309 0.999991 0 -0.683584 0 0 1 -0.000001 0 0 0 1 0.999991 0.004309 0 918.145 -0.004309 0.999991 0 -0.683582 0 0 1 -0.000001 0 0 0 1 0.999055 -0.043465 -0.000000 918.177 0.043465 0.999055 0 -0.682968 0.000000 0 1 -0.000002 0 0 0 1 0.996561 -0.082862 -0.000000 918.205 0.082862 0.996561 0 -0.681244 0.000000 0 1 -0.000001 0 0 0 1 0.995777 -0.091803 -0.000000 918.211 0.091803 0.995777 0 -0.680695 0.000000 0 1 -0.000001 0 0 0 1 0.995498 -0.094782 -0.000000 918.213 0.094782 0.995498 0 -0.680481 0.000000 0 1 -0.000001 0 0 0 1 0.995639 -0.093293 -0.000000 918.212 0.093293 0.995639 0 -0.680664 0.000000 0 1 -0.000001 0 0 0 1 0.996047 -0.088823 -0.000000 918.209 0.088823 0.996047 0 -0.680847 0.000000 0 1 -0.000001 0 0 0 1 0.996561 -0.082862 -0.000000 918.205 0.082862 0.996561 0 -0.681244 0.000000 0 1 -0.000002 0 0 0 1 0.997121 -0.075828 -0.000000 918.2 0.075828 0.997121 0 -0.681656 0.000000 0 1 -0.000001 0 0 0 1 0.997728 -0.067368 -0.000000 918.194 0.067368 0.997728 0 -0.682037 0.000000 0 1 -0.000002 0 0 0 1 0.998328 -0.057806 -0.000000 918.188 0.057806 0.998328 0 -0.682449 0.000000 0 1 -0.000002 0 0 0 1 0.998873 -0.047471 -0.000000 918.181 0.047471 0.998873 0 -0.682831 0.000000 0 1 -0.000001 0 0 0 1 0.999327 -0.03669 0 918.173 0.03669 0.999327 0 -0.683136 0 0 1 -0.000001 0 0 0 1 0.999667 -0.025792 0 918.166 0.025792 0.999667 0 -0.683372 0 0 1 -0.000002 0 0 0 1 0.999886 -0.015106 0 918.159 0.015106 0.999886 0 -0.683502 0 0 1 -0.000001 0 0 0 1 0.999988 -0.004962 0 918.152 0.004962 0.999988 0 -0.683575 0 0 1 -0.000001 0 0 0 1 0.999991 0.004309 0 918.145 -0.004309 0.999991 0 -0.683581 0 0 1 -0.000001 0 0 0 1 0.999991 0.004309 0 918.145 -0.004309 0.999991 0 -0.683579 0 0 1 -0.000001 0 0 0 1 0.999991 0.004309 0 918.145 -0.004309 0.999991 0 -0.683581 0 0 1 -0.000001 0 0 0 1 0.999991 0.004309 0 918.145 -0.004309 0.999991 0 -0.683579 0 0 1 -0.000001 0 0 0 1 0.997881 -0.065067 -0.000000 918.193 0.065067 0.997881 0 -0.682159 0.000000 0 1 -0.000001 0 0 0 1 0.989617 -0.143733 -0.000000 918.246 0.143733 0.989617 0 -0.676529 0.000000 0 1 -0.000001 0 0 0 1 0.985547 -0.169402 -0.000000 918.264 0.169402 0.985547 0 -0.673737 0.000000 0 1 -0.000002 0 0 0 1 0.993648 -0.112531 -0.000000 918.225 0.112531 0.993648 0 -0.679291 0.000000 0 1 -0.000002 0 0 0 1 0.999935 -0.011434 0 918.156 0.011434 0.999935 0 -0.683533 0 0 1 -0.000002 0 0 0 1 0.99579 0.091663 0.000000 918.085 -0.091663 0.99579 0 -0.680687 -0.000000 0 1 -0.000001 0 0 0 1 0.988023 0.154306 0.000000 918.043 -0.154306 0.988023 0 -0.675362 -0.000000 0 1 -0.000001 0 0 0 1 0.995366 0.096154 0.000000 918.082 -0.096154 0.995366 0 -0.680395 -0.000000 0 1 -0.000001 0 0 0 1 0.999991 0.004309 0 918.145 -0.004309 0.999991 0 -0.683578 0 0 1 -0.000001 0 0 0 1 0.999987 -0.005104 0 918.151 0.005104 0.999987 0 -0.683578 0 0 1 -0.000001 0 0 0 1 0.999991 0.004309 0 918.145 -0.004309 0.999991 0 -0.683578 0 0 1 -0.000001 0 0 0 1 0.999991 0.004309 0 918.145 -0.004309 0.999991 0 -0.683578 0 0 1 -0.000001 0 0 0 1 0.999215 -0.03961 -0.000000 918.175 0.03961 0.999215 0 -0.68306 0.000000 0 1 0.000003 0 0 0 1 0.995727 -0.092345 -0.000000 918.211 0.092345 0.995727 0 -0.680695 0.000000 0 1 0 0 0 0 1 0.990136 -0.14011 -0.000000 918.244 0.14011 0.990136 0 -0.676895 0.000000 0 1 0.000007 0 0 0 1 0.985547 -0.169402 -0.000000 918.264 0.169402 0.985547 0 -0.673721 0.000000 -0.000000 1 0.000022 0 0 0 1 0.983504 -0.180879 -0.001316 918.272 0.180879 0.983505 -0.000232 -0.672363 0.001336 -0.000009 0.999999 0.000015 0 0 0 1 0.982665 -0.185336 -0.004383 918.275 0.185334 0.982675 -0.000786 -0.671783 0.004453 -0.000039 0.99999 0.000015 0 0 0 1 0.982763 -0.1847 -0.00789 918.275 0.184694 0.982795 -0.001412 -0.671906 0.008015 -0.000068 0.999968 0.000045 0 0 0 1 0.983449 -0.180879 -0.010523 918.272 0.18087 0.983505 -0.001863 -0.672333 0.010687 -0.00007 0.999943 0.000076 0 0 0 1 0.984368 -0.175781 -0.010966 918.268 0.175771 0.984429 -0.001912 -0.672989 0.011132 -0.000045 0.999938 0.00003 0 0 0 1 0.985184 -0.171317 -0.007899 918.266 0.171311 0.985216 -0.001359 -0.673492 0.008015 -0.000014 0.999968 0.000015 0 0 0 1 0.985547 -0.169402 -0.000000 918.264 0.169402 0.985547 0 -0.673737 0.000000 -0.000000 1 0.00003 0 0 0 1 0.981796 -0.1694 0.085907 918.264 0.168761 0.985547 0.014696 -0.673752 -0.087155 0.000069 0.996195 -0.000022 0 0 0 1 0.985547 -0.169402 -0.000000 918.264 0.169402 0.985547 0 -0.673782 0.000000 -0.000000 1 0.000007 0 0 0 1 0.981145 -0.169399 -0.093047 918.264 0.168649 0.985548 -0.015917 -0.673782 0.094398 -0.000075 0.995535 0.000006 0 0 0 1 0.985547 -0.169402 -0.000000 918.264 0.169402 0.985547 0 -0.673782 0.000000 -0.000000 1 0 0 0 0 1 0.981089 -0.169399 0.09364 918.264 0.16864 0.985548 0.016019 -0.673721 -0.095 0.000075 0.995477 -0.000029 0 0 0 1 0.985547 -0.169402 -0.000000 918.264 0.169402 0.985547 0 -0.673767 0.000000 -0.000000 1 -0.000015 0 0 0 1 0.979574 -0.177993 -0.093554 918.27 0.177198 0.984032 -0.01681 -0.672668 0.095052 -0.00011 0.995472 0.000036 0 0 0 1 0.985547 -0.169402 -0.000000 918.264 0.169402 0.985547 0 -0.673721 0.000000 -0.000000 1 0.000007 0 0 0 1 0.988353 -0.117266 0.096989 918.228 0.116681 0.993101 0.011696 -0.678894 -0.097692 -0.000243 0.995217 0.000213 0 0 0 1 0.992946 -0.082585 0.085081 918.204 0.082137 0.996582 0.008756 -0.681274 -0.085513 -0.001706 0.996336 0.001182 0 0 0 1 0.997165 -0.049282 0.056858 918.182 0.049083 0.998783 0.004894 -0.68277 -0.05703 -0.00209 0.99837 0.001449 0 0 0 1 0.99951 -0.019586 0.02441 918.162 0.019549 0.999807 0.001737 -0.683456 -0.024439 -0.001258 0.9997 0.000869 0 0 0 1 0.999991 0.004309 0 918.145 -0.004309 0.999991 0 -0.683578 0 0 1 -0.000001 0 0 0 1 0.998957 0.045509 -0.003682 918.117 -0.0455 0.998962 0.002353 -0.682865 0.003786 -0.002183 0.99999 0.001489 0 0 0 1 0.999991 0.004309 0 918.145 -0.004309 0.999991 0 -0.683579 0 0 1 -0.000001 0 0 0 1 0.909235 -0.416277 0.002442 918.433 0.416155 0.908793 -0.030166 -0.621277 0.010337 0.028445 0.999542 -0.019449 0 0 0 1 0.970588 -0.166753 0.173645 918.262 0.169479 0.985533 -0.000886 -0.673721 -0.170985 0.030289 0.984808 -0.02069 0 0 0 1 0.996776 -0.080195 0.002443 918.203 0.080232 0.99632 -0.030166 -0.681091 -0.000015 0.030265 0.999542 -0.02069 0 0 0 1 0.903549 0.006908 -0.428429 918.143 -0.018131 0.999591 -0.022119 -0.683258 0.428101 0.027754 0.903305 -0.018997 0 0 0 1 0.996776 -0.080195 0.002443 918.203 0.080232 0.99632 -0.030166 -0.681091 -0.000015 0.030265 0.999542 -0.02069 0 0 0 1 0.985547 -0.169402 -0.000000 918.264 0.169402 0.985547 0 -0.673767 0.000000 0 1 -0.000001 0 0 0 1 0.967032 -0.254654 -0.000000 918.322 0.254654 0.967032 0 -0.661118 0.000000 0 1 -0.000002 0 0 0 1 0.95059 -0.310451 -0.000000 918.36 0.310451 0.95059 -0.000000 -0.649902 0.000000 -0.000000 1 -0.000001 0 0 0 1 0.941158 -0.337967 -0.000000 918.379 0.337967 0.941158 -0.000000 -0.643463 0.000000 -0.000000 1 -0.000001 0 0 0 1 0.945974 -0.324243 -0.000000 918.37 0.324243 0.945974 -0.000000 -0.646866 0.000000 -0.000000 1 -0.000002 0 0 0 1 0.967032 -0.254654 -0.000000 918.322 0.254654 0.967032 0 -0.661118 0.000000 0 1 -0.000002 0 0 0 1 0.999991 0.004309 0 918.145 -0.004309 0.999991 0 -0.683571 0 0 1 -0.000001 0 0 0 1 0.999659 0.026123 0 918.13 -0.026123 0.999659 0 -0.683395 0 0 1 -0.000001 0 0 0 1 0.999991 0.004309 0 918.145 -0.004309 0.999991 0 -0.683609 0 0 1 -0.000001 0 0 0 1 0.999991 0.004309 0 918.145 -0.004309 0.999991 0 -0.683594 0 0 1 -0.000001 0 0 0 1 0.999991 0.004309 0 918.145 -0.004309 0.999991 0 -0.683571 0 0 1 -0.000001 0 0 0 1</float_array>
        <technique_common>
          <accessor source="#Bip01_Spine1-node-transform_Bip01_Spine1-node_transform-output-array" count="146" stride="16">
            <param name="TRANSFORM" type="float4x4"/>
          </accessor>
        </technique_common>
      </source>
      <source id="Bip01_Spine1-node-transform_Bip01_Spine1-node_transform-interpolations">
        <Name_array id="Bip01_Spine1-node-transform_Bip01_Spine1-node_transform-interpolations-array" count="146">LINEAR LINEAR LINEAR LINEAR LINEAR LINEAR LINEAR LINEAR LINEAR LINEAR LINEAR LINEAR LINEAR LINEAR LINEAR LINEAR LINEAR LINEAR LINEAR LINEAR LINEAR LINEAR LINEAR LINEAR LINEAR LINEAR LINEAR LINEAR LINEAR LINEAR LINEAR LINEAR LINEAR LINEAR LINEAR LINEAR LINEAR LINEAR LINEAR LINEAR LINEAR LINEAR LINEAR LINEAR LINEAR LINEAR LINEAR LINEAR LINEAR LINEAR LINEAR LINEAR LINEAR LINEAR LINEAR LINEAR LINEAR LINEAR LINEAR LINEAR LINEAR LINEAR LINEAR LINEAR LINEAR LINEAR LINEAR LINEAR LINEAR LINEAR LINEAR LINEAR LINEAR LINEAR LINEAR LINEAR LINEAR LINEAR LINEAR LINEAR LINEAR LINEAR LINEAR LINEAR LINEAR LINEAR LINEAR LINEAR LINEAR LINEAR LINEAR LINEAR LINEAR LINEAR LINEAR LINEAR LINEAR LINEAR LINEAR LINEAR LINEAR LINEAR LINEAR LINEAR LINEAR LINEAR LINEAR LINEAR LINEAR LINEAR LINEAR LINEAR LINEAR LINEAR LINEAR LINEAR LINEAR LINEAR LINEAR LINEAR LINEAR LINEAR LINEAR LINEAR LINEAR LINEAR LINEAR LINEAR LINEAR LINEAR LINEAR LINEAR LINEAR LINEAR LINEAR LINEAR LINEAR LINEAR LINEAR LINEAR LINEAR LINEAR LINEAR LINEAR LINEAR LINEAR</Name_array>
        <technique_common>
          <accessor source="#Bip01_Spine1-node-transform_Bip01_Spine1-node_transform-interpolations-array" count="146" stride="1">
            <param name="INTERPOLATION" type="Name"/>
          </accessor>
        </technique_common>
      </source>
      <sampler id="Bip01_Spine1-node-transform_Bip01_Spine1-node_transform-sampler">
        <input semantic="INPUT" source="#Bip01_Spine1-node-transform_Bip01_Spine1-node_transform-input"/>
        <input semantic="OUTPUT" source="#Bip01_Spine1-node-transform_Bip01_Spine1-node_transform-output"/>
        <input semantic="INTERPOLATION" source="#Bip01_Spine1-node-transform_Bip01_Spine1-node_transform-interpolations"/>
      </sampler>
      <channel source="#Bip01_Spine1-node-transform_Bip01_Spine1-node_transform-sampler" target="Bip01_Spine1-node/transform"/>
    </animation>
    <animation id="Bip01_Neck-node-transform">
      <source id="Bip01_Neck-node-transform_Bip01_Neck-node_transform-input">
        <float_array id="Bip01_Neck-node-transform_Bip01_Neck-node_transform-input-array" count="146">0 0.1 0.2 0.3 0.4 0.5 0.6 0.7 0.8 0.9 1 1.1 1.2 1.3 1.4 1.5 1.6 1.7 1.8 1.9 2 2.1 2.2 2.3 2.4 2.5 2.6 2.7 2.8 2.9 3 3.1 3.2 3.3 3.4 3.5 3.6 3.7 3.8 3.9 4 4.1 4.2 4.3 4.4 4.5 4.6 4.7 4.8 4.9 5 5.1 5.2 5.3 5.4 5.5 5.6 5.7 5.8 5.9 6 6.1 6.2 6.3 6.4 6.5 6.6 6.7 6.8 6.9 7 7.1 7.2 7.3 7.4 7.5 7.6 7.7 7.8 7.9 8 8.1 8.2 8.3 8.4 8.5 8.6 8.7 8.8 8.9 9 9.1 9.2 9.3 9.4 9.5 9.6 9.7 9.8 9.9 10 10.1 10.2 10.3 10.4 10.5 10.6 10.7 10.8 10.9 11 11.1 11.2 11.3 11.4 11.5 11.6 11.7 11.8 11.9 12 12.1 12.2 12.3 12.4 12.5 12.6 12.7 12.8 12.9 13 13.1 13.2 13.3 13.4 13.5 13.6 13.7 13.8 13.9 14 14.1 14.2 14.3 14.4 14.5</float_array>
        <technique_common>
          <accessor source="#Bip01_Neck-node-transform_Bip01_Neck-node_transform-input-array" count="146" stride="1">
            <param name="TIME" type="float"/>
          </accessor>
        </technique_common>
        <technique profile="MAYA">
          <pre_infinity>CONSTANT</pre_infinity>
          <post_infinity>CONSTANT</post_infinity>
        </technique>
      </source>
      <source id="Bip01_Neck-node-transform_Bip01_Neck-node_transform-output">
        <float_array id="Bip01_Neck-node-transform_Bip01_Neck-node_transform-output-array" count="2336">1 0 0 858.483 0 1 0 -0.115114 0 0 1 -0.000000 0 0 0 1 1 0 0 858.483 0 1 0 -0.115114 0 0 1 -0.000000 0 0 0 1 1 0 0 858.483 0 1 0 -0.115114 0 0 1 -0.000000 0 0 0 1 1 0 0 858.484 0 1 0 -0.115116 0 0 1 -0.000000 0 0 0 1 1 0 0 858.483 0 1 0 -0.115114 0 0 1 -0.000000 0 0 0 1 1 0 0 858.483 0 1 0 -0.115114 0 0 1 -0.000000 0 0 0 1 1 0 0 858.484 0 1 0 -0.115114 0 0 1 -0.000000 0 0 0 1 1 0 0 858.484 0 1 0 -0.115118 0 0 1 -0.000000 0 0 0 1 1 0 0 858.483 0 1 0 -0.115116 0 0 1 -0.000000 0 0 0 1 1 0 0 858.483 0 1 0 -0.11511 0 0 1 -0.000000 0 0 0 1 1 0 0 858.483 0 1 0 -0.115114 0 0 1 -0.000000 0 0 0 1 1 0 0 858.483 0 1 0 -0.115114 0 0 1 -0.000000 0 0 0 1 1 0 0 858.483 0 1 0 -0.115114 0 0 1 -0.000000 0 0 0 1 1 0 0 858.484 0 1 0 -0.115116 0 0 1 -0.000000 0 0 0 1 1 0 0 858.483 0 1 0 -0.115114 0 0 1 -0.000000 0 0 0 1 1 0 0 858.483 0 1 0 -0.115114 0 0 1 -0.000000 0 0 0 1 1 0 0 858.483 0 1 0 -0.115114 0 0 1 -0.000000 0 0 0 1 1 0 0 858.484 0 1 0 -0.115112 0 0 1 -0.000000 0 0 0 1 1 0 0 858.483 0 1 0 -0.115114 0 0 1 -0.000000 0 0 0 1 1 0 0 858.483 0 1 0 -0.115114 0 0 1 -0.000000 0 0 0 1 1 0 0 858.483 0 1 0 -0.115114 0 0 1 -0.000000 0 0 0 1 1 0 0 858.484 0 1 0 -0.115114 0 0 1 -0.000000 0 0 0 1 1 0 0 858.483 0 1 0 -0.115114 0 0 1 -0.000000 0 0 0 1 1 0 0 858.483 0 1 0 -0.115114 0 0 1 -0.000000 0 0 0 1 1 0 0 858.483 0 1 0 -0.115114 0 0 1 -0.000000 0 0 0 1 1 0 0 858.483 0 1 0 -0.115116 0 0 1 -0.000000 0 0 0 1 1 0 0 858.483 0 1 0 -0.115116 0 0 1 -0.000000 0 0 0 1 1 0 0 858.483 0 1 0 -0.115112 0 0 1 -0.000000 0 0 0 1 1 0 0 858.483 0 1 0 -0.115112 0 0 1 -0.000000 0 0 0 1 1 0 0 858.483 0 1 0 -0.115116 0 0 1 -0.000000 0 0 0 1 1 0 0 858.483 0 1 0 -0.115112 0 0 1 -0.000000 0 0 0 1 1 0 0 858.483 0 1 0 -0.115112 0 0 1 -0.000000 0 0 0 1 1 0 0 858.483 0 1 0 -0.115112 0 0 1 -0.000000 0 0 0 1 1 0 0 858.483 0 1 0 -0.115112 0 0 1 -0.000000 0 0 0 1 1 0 0 858.483 0 1 0 -0.115112 0 0 1 -0.000000 0 0 0 1 1 0 0 858.483 0 1 0 -0.11512 0 0 1 -0.000000 0 0 0 1 1 0 0 858.484 0 1 0 -0.115112 0 0 1 -0.000000 0 0 0 1 1 0 0 858.484 0 1 0 -0.115105 0 0 1 -0.000000 0 0 0 1 1 0 0 858.484 0 1 0 -0.115105 0 0 1 -0.000000 0 0 0 1 1 0 0 858.484 0 1 0 -0.115112 0 0 1 -0.000000 0 0 0 1 1 0 0 858.484 0 1 0 -0.115105 0 0 1 -0.000000 0 0 0 1 1 0 0 858.484 0 1 0 -0.115112 0 0 1 -0.000000 0 0 0 1 1 0 0 858.484 0 1 0 -0.115112 0 0 1 -0.000000 0 0 0 1 1 0 0 858.484 0 1 0 -0.115112 0 0 1 -0.000000 0 0 0 1 1 0 0 858.483 0 1 0 -0.115116 0 0 1 -0.000000 0 0 0 1 1 0 0 858.483 0 1 0 -0.115112 0 0 1 -0.000000 0 0 0 1 1 0 0 858.483 0 1 0 -0.115116 0 0 1 -0.000000 0 0 0 1 1 0 0 858.483 0 1 0 -0.115112 0 0 1 -0.000000 0 0 0 1 1 0 0 858.483 0 1 0 -0.115116 0 0 1 -0.000000 0 0 0 1 1 0 0 858.483 0 1 0 -0.115112 0 0 1 -0.000000 0 0 0 1 1 0 0 858.483 0 1 0 -0.115112 0 0 1 -0.000000 0 0 0 1 1 0 0 858.483 0 1 0 -0.115114 0 0 1 -0.000000 0 0 0 1 1 0 0 858.483 0 1 0 -0.115112 0 0 1 -0.000000 0 0 0 1 1 0 0 858.484 0 1 0 -0.115114 0 0 1 -0.000000 0 0 0 1 1 0 0 858.484 0 1 0 -0.115116 0 0 1 -0.000000 0 0 0 1 1 0 0 858.484 0 1 0 -0.115116 0 0 1 -0.000000 0 0 0 1 1 0 0 858.484 0 1 0 -0.115112 0 0 1 -0.000000 0 0 0 1 1 0 0 858.483 0 1 0 -0.115116 0 0 1 -0.000000 0 0 0 1 1 0 0 858.483 0 1 0 -0.115112 0 0 1 -0.000000 0 0 0 1 1 0 0 858.483 0 1 0 -0.115114 0 0 1 -0.000000 0 0 0 1 1 0 0 858.483 0 1 0 -0.115116 0 0 1 -0.000000 0 0 0 1 1 0 0 858.484 0 1 0 -0.115116 0 0 1 -0.000000 0 0 0 1 1 0 0 858.483 0 1 0 -0.115114 0 0 1 -0.000000 0 0 0 1 1 0 0 858.484 0 1 0 -0.115114 0 0 1 -0.000000 0 0 0 1 1 0 0 858.483 0 1 0 -0.115116 0 0 1 -0.000000 0 0 0 1 1 0 0 858.484 0 1 0 -0.115114 0 0 1 -0.000000 0 0 0 1 1 0 0 858.484 0 1 0 -0.115112 0 0 1 -0.000000 0 0 0 1 1 0 0 858.483 0 1 0 -0.115114 0 0 1 -0.000000 0 0 0 1 1 0 0 858.483 0 1 0 -0.115116 0 0 1 -0.000000 0 0 0 1 1 0 0 858.483 0 1 0 -0.115116 0 0 1 -0.000000 0 0 0 1 1 0 0 858.483 0 1 0 -0.115114 0 0 1 -0.000000 0 0 0 1 1 0 0 858.483 0 1 0 -0.115116 0 0 1 -0.000000 0 0 0 1 1 0 0 858.483 0 1 0 -0.115114 0 0 1 -0.000000 0 0 0 1 1 0 0 858.483 0 1 0 -0.11512 0 0 1 -0.000000 0 0 0 1 1 0 0 858.483 0 1 0 -0.115082 0 0 1 -0.000000 0 0 0 1 1 0 0 858.483 0 1 0 -0.115082 0 0 1 -0.000000 0 0 0 1 1 0 0 858.483 0 1 0 -0.115082 0 0 1 -0.000000 0 0 0 1 1 0 0 858.483 0 1 0 -0.115112 0 0 1 -0.000000 0 0 0 1 1 0 0 858.483 0 1 0 -0.115082 0 0 1 -0.000000 0 0 0 1 1 0 0 858.483 0 1 0 -0.115082 0 0 1 -0.000000 0 0 0 1 1 0 0 858.483 0 1 0 -0.115112 0 0 1 -0.000000 0 0 0 1 1 0 0 858.483 0 1 0 -0.115105 0 0 1 -0.000000 0 0 0 1 1 0 0 858.484 0 1 0 -0.115082 0 0 1 -0.000000 0 0 0 1 1 0 0 858.484 0 1 0 -0.115082 0 0 1 -0.000000 0 0 0 1 1 0 0 858.484 0 1 0 -0.115124 0 0 1 -0.000000 0 0 0 1 1 0 0 858.483 0 1 0 -0.115112 0 0 1 -0.000000 0 0 0 1 1 0 0 858.483 0 1 0 -0.115114 0 0 1 -0.000000 0 0 0 1 1 0 0 858.483 0 1 0 -0.115116 0 0 1 -0.000000 0 0 0 1 1 0 0 858.483 0 1 0 -0.115114 0 0 1 -0.000000 0 0 0 1 1 0 0 858.483 0 1 0 -0.115114 0 0 1 -0.000000 0 0 0 1 1 0 0 858.483 0 1 0 -0.115114 0 0 1 -0.000000 0 0 0 1 1 0 0 858.483 0 1 0 -0.115114 0 0 1 -0.000000 0 0 0 1 1 0 0 858.483 0 1 0 -0.115108 0 0 1 -0.000000 0 0 0 1 1 0 0 858.483 0 1 0 -0.115112 0 0 1 -0.000000 0 0 0 1 1 0 0 858.483 0 1 0 -0.115097 0 0 1 -0.000000 0 0 0 1 1 0 0 858.483 0 1 0 -0.115112 0 0 1 -0.000000 0 0 0 1 1 0 0 858.483 0 1 0 -0.115105 0 0 1 -0.000000 0 0 0 1 1 0 0 858.483 0 1 0 -0.115097 0 0 1 -0.000000 0 0 0 1 1 0 0 858.484 0 1 0 -0.115082 0 0 1 -0.000000 0 0 0 1 1 0 0 858.483 0 1 0 -0.115128 0 0 1 -0.000000 0 0 0 1 1 0 0 858.483 0 1 0 -0.115114 0 0 1 -0.000000 0 0 0 1 1 0 0 858.483 0 1 0 -0.115116 0 0 1 -0.000000 0 0 0 1 1 0 0 858.483 0 1 0 -0.115114 0 0 1 -0.000000 0 0 0 1 1 0 0 858.483 0 1 0 -0.115114 0 0 1 -0.000000 0 0 0 1 1 0 0 858.483 0 1 0 -0.115112 0 0 1 -0.000000 0 0 0 1 1 0 0 858.483 0 1 0 -0.115112 0 0 1 -0.000000 0 0 0 1 1 0 0 858.483 0 1 0 -0.115112 0 0 1 -0.000000 0 0 0 1 1 0 0 858.483 0 1 0 -0.115097 0 0 1 -0.000000 0 0 0 1 1 0 0 858.483 0 1 0 -0.115097 0 0 1 -0.000000 0 0 0 1 1 0 0 858.484 0 1 0 -0.115097 0 0 1 -0.000000 0 0 0 1 1 0 0 858.484 0 1 0 -0.115097 0 0 1 -0.000000 0 0 0 1 1 0 0 858.483 0 1 0 -0.115097 0 0 1 -0.000000 0 0 0 1 1 0 0 858.483 0 1 0 -0.115112 0 0 1 -0.000000 0 0 0 1 1 0 0 858.483 0 1 0 -0.115097 0 0 1 -0.000000 0 0 0 1 1 0 0 858.483 0 1 0 -0.115097 0 0 1 -0.000000 0 0 0 1 1 0 0 858.483 0 1 0 -0.115112 0 0 1 -0.000000 0 0 0 1 1 0 0 858.483 0 1 0 -0.115112 0 0 1 -0.000000 0 0 0 1 1 0 0 858.483 0 1 0 -0.115082 0 0 1 -0.000000 0 0 0 1 1 0 0 858.483 0 1 0 -0.115082 0 0 1 -0.000000 0 0 0 1 1 0 0 858.483 0 1 0 -0.115112 0 0 1 -0.000000 0 0 0 1 1 0 0 858.484 0 1 0 -0.115112 0 0 1 -0.000000 0 0 0 1 1 0 0 858.483 0 1 0 -0.115112 0 0 1 -0.000000 0 0 0 1 1 0 0 858.483 0 1 0 -0.115112 0 0 1 -0.000000 0 0 0 1 1 0 0 858.483 0 1 0 -0.115112 0 0 1 -0.000000 0 0 0 1 1 0 0 858.483 0 1 0 -0.115116 0 0 1 -0.000000 0 0 0 1 1 0 0 858.483 0 1 0 -0.115114 0 0 1 -0.000000 0 0 0 1 1 0 0 858.483 0 1 0 -0.115113 0 0 1 -0.000000 0 0 0 1 1 0 0 858.483 0 1 0 -0.115114 0 0 1 -0.000000 0 0 0 1 1 0 0 858.483 0 1 0 -0.115112 0 0 1 -0.000000 0 0 0 1 1 0 0 858.483 0 1 0 -0.115114 0 0 1 -0.000000 0 0 0 1 1 0 0 858.483 0 1 0 -0.115173 0 0 1 -0.000000 0 0 0 1 1 0 0 858.483 0 1 0 -0.115128 0 0 1 -0.000000 0 0 0 1 1 0 0 858.483 0 1 0 -0.115108 0 0 1 -0.000000 0 0 0 1 1 0 0 858.483 0 1 0 -0.115112 0 0 1 -0.000000 0 0 0 1 1 0 0 858.483 0 1 0 -0.115108 0 0 1 -0.000000 0 0 0 1 1 0 0 858.483 0 1 0 -0.115112 0 0 1 -0.000000 0 0 0 1 1 0 0 858.483 0 1 0 -0.115051 0 0 1 -0.000000 0 0 0 1 1 0 0 858.483 0 1 0 -0.115112 0 0 1 -0.000000 0 0 0 1 1 0 0 858.483 0 1 0 -0.115051 0 0 1 -0.000000 0 0 0 1 1 0 0 858.483 0 1 0 -0.11499 0 0 1 -0.000000 0 0 0 1 1 0 0 858.483 0 1 0 -0.115051 0 0 1 -0.000000 0 0 0 1 1 0 0 858.483 0 1 0 -0.11512 0 0 1 -0.000000 0 0 0 1 1 0 0 858.483 0 1 0 -0.115097 0 0 1 -0.000000 0 0 0 1 1 0 0 858.484 0 1 0 -0.115143 0 0 1 -0.000000 0 0 0 1 1 0 0 858.483 0 1 0 -0.115097 0 0 1 -0.000000 0 0 0 1 1 0 0 858.483 0 1 0 -0.11512 0 0 1 -0.000000 0 0 0 1</float_array>
        <technique_common>
          <accessor source="#Bip01_Neck-node-transform_Bip01_Neck-node_transform-output-array" count="146" stride="16">
            <param name="TRANSFORM" type="float4x4"/>
          </accessor>
        </technique_common>
      </source>
      <source id="Bip01_Neck-node-transform_Bip01_Neck-node_transform-interpolations">
        <Name_array id="Bip01_Neck-node-transform_Bip01_Neck-node_transform-interpolations-array" count="146">LINEAR LINEAR LINEAR LINEAR LINEAR LINEAR LINEAR LINEAR LINEAR LINEAR LINEAR LINEAR LINEAR LINEAR LINEAR LINEAR LINEAR LINEAR LINEAR LINEAR LINEAR LINEAR LINEAR LINEAR LINEAR LINEAR LINEAR LINEAR LINEAR LINEAR LINEAR LINEAR LINEAR LINEAR LINEAR LINEAR LINEAR LINEAR LINEAR LINEAR LINEAR LINEAR LINEAR LINEAR LINEAR LINEAR LINEAR LINEAR LINEAR LINEAR LINEAR LINEAR LINEAR LINEAR LINEAR LINEAR LINEAR LINEAR LINEAR LINEAR LINEAR LINEAR LINEAR LINEAR LINEAR LINEAR LINEAR LINEAR LINEAR LINEAR LINEAR LINEAR LINEAR LINEAR LINEAR LINEAR LINEAR LINEAR LINEAR LINEAR LINEAR LINEAR LINEAR LINEAR LINEAR LINEAR LINEAR LINEAR LINEAR LINEAR LINEAR LINEAR LINEAR LINEAR LINEAR LINEAR LINEAR LINEAR LINEAR LINEAR LINEAR LINEAR LINEAR LINEAR LINEAR LINEAR LINEAR LINEAR LINEAR LINEAR LINEAR LINEAR LINEAR LINEAR LINEAR LINEAR LINEAR LINEAR LINEAR LINEAR LINEAR LINEAR LINEAR LINEAR LINEAR LINEAR LINEAR LINEAR LINEAR LINEAR LINEAR LINEAR LINEAR LINEAR LINEAR LINEAR LINEAR LINEAR LINEAR LINEAR LINEAR LINEAR LINEAR LINEAR LINEAR LINEAR</Name_array>
        <technique_common>
          <accessor source="#Bip01_Neck-node-transform_Bip01_Neck-node_transform-interpolations-array" count="146" stride="1">
            <param name="INTERPOLATION" type="Name"/>
          </accessor>
        </technique_common>
      </source>
      <sampler id="Bip01_Neck-node-transform_Bip01_Neck-node_transform-sampler">
        <input semantic="INPUT" source="#Bip01_Neck-node-transform_Bip01_Neck-node_transform-input"/>
        <input semantic="OUTPUT" source="#Bip01_Neck-node-transform_Bip01_Neck-node_transform-output"/>
        <input semantic="INTERPOLATION" source="#Bip01_Neck-node-transform_Bip01_Neck-node_transform-interpolations"/>
      </sampler>
      <channel source="#Bip01_Neck-node-transform_Bip01_Neck-node_transform-sampler" target="Bip01_Neck-node/transform"/>
    </animation>
    <animation id="Bip01_Head-node-transform">
      <source id="Bip01_Head-node-transform_Bip01_Head-node_transform-input">
        <float_array id="Bip01_Head-node-transform_Bip01_Head-node_transform-input-array" count="146">0 0.1 0.2 0.3 0.4 0.5 0.6 0.7 0.8 0.9 1 1.1 1.2 1.3 1.4 1.5 1.6 1.7 1.8 1.9 2 2.1 2.2 2.3 2.4 2.5 2.6 2.7 2.8 2.9 3 3.1 3.2 3.3 3.4 3.5 3.6 3.7 3.8 3.9 4 4.1 4.2 4.3 4.4 4.5 4.6 4.7 4.8 4.9 5 5.1 5.2 5.3 5.4 5.5 5.6 5.7 5.8 5.9 6 6.1 6.2 6.3 6.4 6.5 6.6 6.7 6.8 6.9 7 7.1 7.2 7.3 7.4 7.5 7.6 7.7 7.8 7.9 8 8.1 8.2 8.3 8.4 8.5 8.6 8.7 8.8 8.9 9 9.1 9.2 9.3 9.4 9.5 9.6 9.7 9.8 9.9 10 10.1 10.2 10.3 10.4 10.5 10.6 10.7 10.8 10.9 11 11.1 11.2 11.3 11.4 11.5 11.6 11.7 11.8 11.9 12 12.1 12.2 12.3 12.4 12.5 12.6 12.7 12.8 12.9 13 13.1 13.2 13.3 13.4 13.5 13.6 13.7 13.8 13.9 14 14.1 14.2 14.3 14.4 14.5</float_array>
        <technique_common>
          <accessor source="#Bip01_Head-node-transform_Bip01_Head-node_transform-input-array" count="146" stride="1">
            <param name="TIME" type="float"/>
          </accessor>
        </technique_common>
        <technique profile="MAYA">
          <pre_infinity>CONSTANT</pre_infinity>
          <post_infinity>CONSTANT</post_infinity>
        </technique>
      </source>
      <source id="Bip01_Head-node-transform_Bip01_Head-node_transform-output">
        <float_array id="Bip01_Head-node-transform_Bip01_Head-node_transform-output-array" count="2336">0.965909 -0.258881 -0.000000 144.565 0.258881 0.965909 0 0 0.000000 0 1 0 0 0 0 1 0.940124 -0.340791 -0.005238 144.565 0.340793 0.939675 0.029508 0.000001 -0.005133 -0.029526 0.999551 0 0 0 0 1 0.965909 -0.258881 -0.000000 144.565 0.258881 0.965909 0 0 0.000000 0 1 0 0 0 0 1 0.940137 -0.340568 0.012505 144.565 0.340793 0.939676 -0.029482 0 -0.00171 0.031979 0.999487 0 0 0 0 1 0.965909 -0.258881 -0.000000 144.565 0.258881 0.965909 0 0 0.000000 0 1 0 0 0 0 1 0.968547 -0.24883 -0.001029 144.565 0.248831 0.968545 0.002022 -0.000001 0.000494 -0.002215 0.999997 0 0 0 0 1 0.970077 -0.242793 -0.001165 144.565 0.242795 0.970076 0.0016 0 0.000741 -0.001835 0.999998 0 0 0 0 1 0.970578 -0.240784 -0.000779 144.565 0.240784 0.970579 -0.000002 0.000001 0.000757 -0.000185 1 0 0 0 0 1 0.970078 -0.242795 -0.000221 144.565 0.242795 0.970076 -0.001605 0 0.000604 0.001503 0.999999 0 0 0 0 1 0.968547 -0.248831 0.000162 144.565 0.248831 0.968545 -0.002025 0 0.000346 0.002002 0.999998 0 0 0 0 1 0.965909 -0.258881 -0.000000 144.565 0.258881 0.965909 0 0 0.000000 0 1 0 0 0 0 1 0.940124 -0.340791 -0.005238 144.565 0.340793 0.939675 0.029508 0.000001 -0.005133 -0.029526 0.999551 0 0 0 0 1 0.965909 -0.258881 -0.000000 144.565 0.258881 0.965909 0 0 0.000000 0 1 0 0 0 0 1 0.940137 -0.340568 0.012505 144.565 0.340793 0.939676 -0.029482 0 -0.00171 0.031979 0.999487 0 0 0 0 1 0.965909 -0.258881 -0.000000 144.565 0.258881 0.965909 0 0 0.000000 0 1 0 0 0 0 1 0.967585 -0.252543 -0.00126 144.565 0.252546 0.967581 0.002885 0.000001 0.00049 -0.00311 0.999995 0 0 0 0 1 0.965911 -0.258873 -0.001128 144.565 0.258875 0.965907 0.002592 0.000001 0.000418 -0.002796 0.999996 0 0 0 0 1 0.964194 -0.265198 -0.000426 144.565 0.265198 0.964194 0.000982 0 0.00015 -0.00106 0.999999 0 0 0 0 1 0.965909 -0.258881 -0.000000 144.565 0.258881 0.965909 0 0 0.000000 0 1 0 0 0 0 1 0.984797 -0.173711 -0.000000 144.565 0.173711 0.984797 0 0.000001 0.000000 0 1 0 0 0 0 1 0.984797 -0.173711 -0.000000 144.565 0.173711 0.984797 0 0.000001 0.000000 0 1 0 0 0 0 1 0.984797 -0.17371 0.00004 144.565 0.17371 0.984797 0 0.000001 -0.000039 0.000006 1 0 0 0 0 1 0.984797 -0.173708 0.000069 144.565 0.173708 0.984797 0 0.000001 -0.000068 0.000012 1 0 0 0 0 1 0.984797 -0.173711 0.000036 144.565 0.173711 0.984797 0 0.000001 -0.000036 0.000006 1 0 0 0 0 1 0.984797 -0.173711 -0.000000 144.565 0.173711 0.984797 0 0.000001 0.000000 0 1 0 0 0 0 1 0.985198 -0.171419 0.000011 144.565 0.171419 0.985198 0 0 -0.000011 0.000002 1 0 0 0 0 1 0.985985 -0.166832 0.000055 144.565 0.166832 0.985985 0.000000 0 -0.000054 0.000009 1 0 0 0 0 1 0.986562 -0.163389 0.000057 144.565 0.163389 0.986562 0.000000 0 -0.000056 0.000009 1 0 0 0 0 1 0.986371 -0.164537 0.000016 144.565 0.164537 0.986371 0 0.000003 -0.000016 0.000002 1 0 0 0 0 1 0.984797 -0.173711 -0.000000 144.565 0.173711 0.984797 0 0.000001 0.000000 0 1 0 0 0 0 1 0.965909 -0.258882 -0.000000 144.565 0.258882 0.965909 0 -0.000015 0.000000 0 1 0 0 0 0 1 0.939671 -0.342081 -0.000000 144.565 0.342081 0.939671 -0.000000 -0.000015 0.000000 -0.000000 1 0 0 0 0 1 0.965909 -0.258882 -0.000000 144.565 0.258882 0.965909 0 -0.000015 0.000000 0 1 0 0 0 0 1 0.984797 -0.173712 -0.000000 144.565 0.173712 0.984797 0 -0.000015 0.000000 0 1 0 0 0 0 1 0.965909 -0.258882 -0.000000 144.565 0.258882 0.965909 0 -0.000015 0.000000 0 1 0 0 0 0 1 0.996189 -0.08722 -0.000000 144.565 0.08722 0.996189 0 0 0 0 1 0 0 0 0 1 0.939671 -0.342081 -0.000000 144.565 0.342081 0.939671 -0.000000 0 0.000000 -0.000000 1 0 0 0 0 1 0.926135 -0.377194 -0.000000 144.565 0.377194 0.926135 -0.000000 0 0.000000 -0.000000 1 0 0 0 0 1 0.922176 -0.386771 -0.000000 144.565 0.386771 0.922176 -0.000000 0 0.000000 -0.000000 1 0 0 0 0 1 0.927364 -0.374161 -0.000000 144.565 0.374161 0.927364 -0.000000 0 0.000000 -0.000000 1 0 0 0 0 1 0.939671 -0.342081 -0.000000 144.565 0.342081 0.939671 -0.000000 0 0.000000 -0.000000 1 0 0 0 0 1 0.973862 -0.227139 -0.000000 144.565 0.227139 0.973862 0 0 0.000000 0 1 0 0 0 0 1 0.996189 -0.08722 -0.000000 144.565 0.08722 0.996189 0 0 0 0 1 0 0 0 0 1 0.996189 -0.08722 -0.000000 144.565 0.08722 0.996189 0 0 0 0 1 0 0 0 0 1 0.984797 -0.173711 -0.000000 144.565 0.173711 0.984797 0 0.000001 0.000000 0 1 0 0 0 0 1 0.983575 -0.180491 -0.001802 144.565 0.180491 0.983577 -0.000206 0 0.001809 -0.000122 0.999998 0 0 0 0 1 0.982906 -0.184062 -0.00403 144.565 0.184062 0.982914 -0.00052 0 0.004057 -0.00023 0.999992 0 0 0 0 1 0.982707 -0.185054 -0.006491 144.565 0.185053 0.982728 -0.000882 -0.000003 0.006542 -0.000333 0.999979 0 0 0 0 1 0.982866 -0.184102 -0.00899 144.565 0.184098 0.982907 -0.001235 0.000003 0.009064 -0.000441 0.999959 0 0 0 0 1 0.983261 -0.181848 -0.011332 144.565 0.181842 0.983326 -0.001524 0 0.01142 -0.000561 0.999935 0 0 0 0 1 0.983768 -0.178948 -0.013321 144.565 0.178941 0.983858 -0.001708 0 0.013412 -0.000702 0.99991 0 0 0 0 1 0.984267 -0.176068 -0.014761 144.565 0.176061 0.984378 -0.001753 0 0.014839 -0.000873 0.99989 0 0 0 0 1 0.984646 -0.173878 -0.015456 144.565 0.173874 0.984767 -0.001631 0.000001 0.015504 -0.00108 0.999879 0 0 0 0 1 0.984796 -0.173047 -0.015209 144.565 0.173047 0.984913 -0.001319 0 0.015208 -0.001332 0.999884 0 0 0 0 1 0.984796 -0.173174 -0.013681 144.565 0.173182 0.98489 -0.000637 0.000001 0.013585 -0.001741 0.999906 0 0 0 0 1 0.984796 -0.173371 -0.010894 144.565 0.173386 0.984854 0.000477 0 0.010646 -0.002358 0.999941 0 0 0 0 1 0.984796 -0.173563 -0.0072 144.565 0.17358 0.984818 0.00187 0 0.006766 -0.003092 0.999972 0 0 0 0 1 0.984797 -0.173686 -0.002952 144.565 0.173696 0.984794 0.003391 0.000001 0.002318 -0.003852 0.99999 0 0 0 0 1 0.984797 -0.173705 0.001492 144.565 0.173696 0.984787 0.004884 0 -0.002318 -0.00455 0.999987 0 0 0 0 1 0.984796 -0.173616 0.005777 144.565 0.17358 0.9848 0.006195 0 -0.006765 -0.005098 0.999964 0 0 0 0 1 0.984796 -0.17345 0.009547 144.565 0.173386 0.984828 0.007171 0.000001 -0.010646 -0.005407 0.999929 0 0 0 0 1 0.984796 -0.173267 0.012445 144.565 0.173182 0.98486 0.007659 0.000001 -0.013584 -0.005387 0.999893 0 0 0 0 1 0.984796 -0.173139 0.014122 144.565 0.173047 0.984885 0.007505 0.000001 -0.015208 -0.004947 0.999872 0 0 0 0 1 0.984796 -0.173129 0.014255 144.565 0.173021 0.984882 0.008456 0 -0.015503 -0.005861 0.999863 0 0 0 0 1 0.984796 -0.173226 0.013019 144.565 0.173079 0.984839 0.011637 0.000001 -0.014837 -0.009207 0.999847 0 0 0 0 1 0.984796 -0.173377 0.010805 144.565 0.173195 0.984758 0.015969 -0.000001 -0.013409 -0.013855 0.999814 0 0 0 0 1 0.984796 -0.173529 0.008004 144.565 0.173337 0.984652 0.020374 -0.000001 -0.011417 -0.018677 0.99976 0 0 0 0 1 0.984796 -0.17364 0.00501 144.565 0.173476 0.984551 0.023773 0.000001 -0.009061 -0.022543 0.999705 0 0 0 0 1 0.984796 -0.173698 0.002216 144.565 0.173589 0.984499 0.025089 0.000001 -0.00654 -0.024323 0.999683 0 0 0 0 1 0.984797 -0.173712 0.000018 144.565 0.173664 0.984531 0.023245 0.000001 -0.004055 -0.022888 0.99973 0 0 0 0 1 0.984797 -0.173711 0.000007 144.565 0.173702 0.984744 0.010366 0 -0.001808 -0.010207 0.999946 0 0 0 0 1 0.99477 -0.101914 0.006775 144.565 0.102035 0.99456 -0.020942 0.000001 -0.004604 0.021524 0.999758 0 0 0 0 1 0.996189 -0.087219 -0.000000 144.565 0.087219 0.996189 0 0.000001 0.000000 0 1 0 0 0 0 1 0.935875 -0.342553 -0.082435 144.565 0.351786 0.921517 0.164479 0.000007 0.019623 -0.182932 0.98293 0 0 0 0 1 0.819115 -0.539035 -0.196195 144.565 0.573629 0.769717 0.280153 -0.000015 0.000001 -0.342021 0.939692 0 0 0 0 1 0.790433 -0.569065 -0.226675 144.565 0.6125 0.729581 0.30423 -0.000015 -0.007748 -0.379312 0.925236 0 0 0 0 1 0.785615 -0.570176 -0.240225 144.565 0.618647 0.718136 0.31868 0 -0.009189 -0.398974 0.916916 0 0 0 0 1 0.795563 -0.557151 -0.238037 144.565 0.605839 0.727567 0.321876 0 -0.006146 -0.400285 0.91637 0 0 0 0 1 0.809939 -0.542665 -0.222518 144.565 0.586511 0.74812 0.310356 -0.000015 -0.001949 -0.381879 0.92421 0 0 0 0 1 0.819115 -0.539035 -0.196194 144.565 0.573629 0.769717 0.280153 -0.000015 0.000001 -0.342021 0.939692 0 0 0 0 1 0.823142 -0.553671 -0.126037 144.565 0.567835 0.80261 0.182703 0 0.000001 -0.221959 0.975056 0 0 0 0 1 0.827929 -0.560429 -0.021295 144.565 0.560833 0.827332 0.031434 0 0.000001 -0.037968 0.999279 0 0 0 0 1 0.833264 -0.550772 0.048185 144.565 0.552876 0.830093 -0.072624 -0.000015 0.000001 0.087155 0.996195 0 0 0 0 1 0.835124 -0.54589 0.067621 144.565 0.550062 0.828692 -0.103449 -0.000015 0.000434 0.123589 0.992333 0 0 0 0 1 0.833385 -0.548055 0.07145 144.565 0.552691 0.826066 -0.110214 -0.000007 0.001381 0.131341 0.991336 0 0 0 0 1 0.833628 -0.548464 0.065205 144.565 0.552323 0.827386 -0.101841 0 0.001905 0.120912 0.992661 0 0 0 0 1 0.841369 -0.537726 0.054306 144.565 0.540459 0.83684 -0.087189 -0.000001 0.001438 0.102709 0.99471 0 0 0 0 1 0.86132 -0.50613 0.044279 144.565 0.508064 0.858042 -0.075069 0 0.000001 0.087155 0.996195 0 0 0 0 1 0.90763 -0.418713 0.029803 144.565 0.419762 0.905812 -0.057477 0.000001 -0.00293 0.064678 0.997902 0 0 0 0 1 0.957038 -0.289717 0.011937 144.565 0.289942 0.956647 -0.027551 0.000001 -0.003438 0.029829 0.999549 0 0 0 0 1 0.984797 -0.173711 -0.000000 144.565 0.173711 0.984797 0 0 0.000000 0 1 0 0 0 0 1 0.984797 -0.173711 -0.000000 144.565 0.173711 0.984797 0 0 0.000000 0 1 0 0 0 0 1 0.964754 -0.263154 -0.000000 144.565 0.263154 0.964754 0 0 0.000000 -0.000000 1 0 0 0 0 1 0.950725 -0.310035 -0.000000 144.565 0.310035 0.950725 0 0 0.000000 -0.000000 1 0 0 0 0 1 0.98269 -0.185255 -0.000000 144.565 0.185255 0.98269 0 -0.000015 0.000000 0 1 0 0 0 0 1 0.998153 -0.060744 0 144.565 0.060744 0.998153 0 0.000007 0 0 1 0 0 0 0 1 0.997118 -0.075863 0 144.565 0.075863 0.997118 0 -0.000007 0 0 1 0 0 0 0 1 0.990062 -0.140631 -0.000000 144.565 0.140631 0.990062 0 -0.000015 0.000000 0 1 0 0 0 0 1 0.968604 -0.248609 -0.000000 144.565 0.248609 0.968604 0 0 0.000000 -0.000000 1 0 0 0 0 1 0.969927 -0.243395 -0.000000 144.565 0.243395 0.969927 0 0 0.000000 -0.000000 1 0 0 0 0 1 0.982496 -0.186284 -0.000000 144.565 0.186284 0.982496 0 0.000001 0.000000 0 1 0 0 0 0 1 0.985061 -0.172207 -0.000000 144.565 0.172207 0.985061 0 0 0.000000 0 1 0 0 0 0 1 0.984797 -0.173711 -0.000000 144.565 0.173711 0.984797 0 0.000001 0.000000 0 1 0 0 0 0 1 0.984797 -0.173711 -0.000000 144.565 0.173711 0.984797 0 0.000001 0.000000 0 1 0 0 0 0 1 0.986219 -0.163985 -0.021944 144.565 0.163994 0.98646 -0.001418 -0.000000 0.021879 -0.002199 0.999758 0 0 0 0 1 0.956571 -0.287456 -0.048382 144.565 0.287707 0.957717 -0.001845 0 0.046867 -0.012154 0.998827 0 0 0 0 1 0.902105 -0.425399 -0.0724 144.565 0.426451 0.90451 -0.001019 -0.000007 0.06592 -0.029955 0.997375 0 0 0 0 1 0.862699 -0.49815 -0.087157 144.565 0.500058 0.865992 0.000063 0 0.075446 -0.043638 0.996195 0 0 0 0 1 0.853128 -0.513346 -0.092996 144.565 0.515648 0.8568 0.000846 -0.000015 0.079244 -0.048675 0.995666 0 0 0 0 1 0.846529 -0.523732 -0.095363 144.565 0.526262 0.850321 0.001632 -0.000015 0.080234 -0.051568 0.995441 0 0 0 0 1 0.842635 -0.530007 -0.09518 144.565 0.532604 0.846362 0.002234 -0.000015 0.079372 -0.052575 0.995457 0 0 0 0 1 0.841079 -0.532794 -0.09336 144.565 0.535329 0.84464 0.002512 -0.000015 0.077517 -0.052092 0.995629 0 0 0 0 1 0.841438 -0.532669 -0.090812 144.565 0.535058 0.844812 0.00234 -0.000015 0.075472 -0.050559 0.995865 0 0 0 0 1 0.843255 -0.530188 -0.088441 144.565 0.532392 0.846497 0.001576 0 0.074029 -0.048415 0.99608 0 0 0 0 1 0.846062 -0.525911 -0.087157 144.565 0.527925 0.849291 0.000062 0 0.073989 -0.046065 0.996195 0 0 0 0 1 0.849354 -0.521151 -0.083659 144.565 0.52181 0.85292 -0.015524 0 0.079445 -0.030468 0.996374 0 0 0 0 1 0.854588 -0.51237 0.084592 144.565 0.516141 0.855992 -0.029599 -0.000015 -0.057244 0.068956 0.995976 0 0 0 0 1 0.857673 -0.507023 0.085583 144.565 0.509844 0.860161 -0.013537 -0.000015 -0.066751 0.055245 0.996239 0 0 0 0 1 0.85972 -0.503274 -0.087157 144.565 0.505201 0.863002 0.000063 -0.000015 0.075185 -0.044086 0.996195 0 0 0 0 1 0.861494 -0.499996 -0.088498 144.565 0.500668 0.865491 -0.016039 -0.000015 0.084614 -0.03049 0.995947 0 0 0 0 1 0.86455 -0.495376 0.084592 144.565 0.499119 0.866028 -0.029599 0 -0.058596 0.067811 0.995976 0 0 0 0 1 0.863469 -0.496279 0.090155 144.565 0.499429 0.866225 -0.014991 0 -0.070654 0.057971 0.995815 0 0 0 0 1 0.843056 -0.530717 -0.087157 144.565 0.532749 0.846274 0.000063 0 0.073725 -0.046486 0.996195 0 0 0 0 1 0.886272 -0.431689 -0.16783 144.565 0.437857 0.899045 -0.000285 0 0.15101 -0.073232 0.985816 0 0 0 0 1 0.934773 -0.327576 -0.137455 144.565 0.33042 0.943832 -0.002253 -0.000003 0.130472 -0.043311 0.990506 0 0 0 0 1 0.965888 -0.242905 -0.089763 144.565 0.243649 0.96986 -0.002737 0.000001 0.087723 -0.019226 0.995959 0 0 0 0 1 0.980479 -0.19268 -0.039172 144.565 0.192768 0.981243 -0.001562 0.000000 0.038738 -0.006019 0.999231 0 0 0 0 1 0.984255 -0.176756 -0.00036 144.565 0.176757 0.984255 0.000359 0.000001 0.00029 -0.000417 1 0 0 0 0 1 0.984809 -0.173507 0.006848 144.565 0.173527 0.984826 -0.002563 0 -0.006299 0.003713 0.999973 0 0 0 0 1 0.984797 -0.173711 -0.000000 144.565 0.173711 0.984797 0 0.000001 0.000000 0 1 0 0 0 0 1 0.859757 -0.50184 -0.094733 144.565 0.508777 0.857745 0.073619 0.00003 0.044312 -0.111493 0.992777 0 0 0 0 1 0.9066 -0.412634 0.08837 144.565 0.421535 0.895275 -0.14419 0.000015 -0.019618 0.167974 0.985596 0 0 0 0 1 0.965375 -0.242011 -0.097377 144.565 0.25966 0.855579 0.447841 -0.000003 -0.025068 -0.457619 0.888795 0 0 0 0 1 0.816216 0.173044 0.551224 144.565 0.451123 0.405173 -0.795188 0 -0.360943 0.897714 0.252645 0 0 0 0 1 0.995942 -0.088897 0.014025 144.565 0.088199 0.995117 0.044298 -0.000003 -0.017895 -0.042881 0.99892 0 0 0 0 1 0.965909 -0.258882 -0.000000 144.565 0.258882 0.965909 0 -0.000015 0.000000 0 1 0 0 0 0 1 0.984797 -0.173712 -0.000000 144.565 0.173712 0.984797 0 -0.000122 0.000000 0 1 0 0 0 0 1 0.999045 -0.043684 0 144.565 0.043684 0.999045 0 0.000061 0 0 1 0 0 0 0 1 1 -0.000064 0.000000 144.565 0.000064 1 0 0 -0.000000 0 1 0 0 0 0 1 0.997855 -0.065467 0 144.565 0.065467 0.997855 0 -0.000061 0 0 1 0 0 0 0 1 0.984797 -0.173712 -0.000000 144.565 0.173712 0.984797 0 -0.000122 0.000000 0 1 0 0 0 0 1 0.965909 -0.258881 -0.000000 144.565 0.258881 0.965909 -0.000000 -0.000015 0.000000 0 1 0 0 0 0 1 0.97303 -0.230678 -0.000000 144.565 0.230678 0.97303 -0.000000 -0.00003 0.000000 0 1 0 0 0 0 1 0.984797 -0.173711 -0.000000 144.565 0.173711 0.984797 0 0 0.000000 0 1 0 0 0 0 1 0.978586 -0.20584 -0.000000 144.565 0.20584 0.978586 0 0.00003 0.000000 0 1 0 0 0 0 1 0.965909 -0.258881 -0.000000 144.565 0.258881 0.965909 -0.000000 -0.000015 0.000000 0 1 0 0 0 0 1</float_array>
        <technique_common>
          <accessor source="#Bip01_Head-node-transform_Bip01_Head-node_transform-output-array" count="146" stride="16">
            <param name="TRANSFORM" type="float4x4"/>
          </accessor>
        </technique_common>
      </source>
      <source id="Bip01_Head-node-transform_Bip01_Head-node_transform-interpolations">
        <Name_array id="Bip01_Head-node-transform_Bip01_Head-node_transform-interpolations-array" count="146">LINEAR LINEAR LINEAR LINEAR LINEAR LINEAR LINEAR LINEAR LINEAR LINEAR LINEAR LINEAR LINEAR LINEAR LINEAR LINEAR LINEAR LINEAR LINEAR LINEAR LINEAR LINEAR LINEAR LINEAR LINEAR LINEAR LINEAR LINEAR LINEAR LINEAR LINEAR LINEAR LINEAR LINEAR LINEAR LINEAR LINEAR LINEAR LINEAR LINEAR LINEAR LINEAR LINEAR LINEAR LINEAR LINEAR LINEAR LINEAR LINEAR LINEAR LINEAR LINEAR LINEAR LINEAR LINEAR LINEAR LINEAR LINEAR LINEAR LINEAR LINEAR LINEAR LINEAR LINEAR LINEAR LINEAR LINEAR LINEAR LINEAR LINEAR LINEAR LINEAR LINEAR LINEAR LINEAR LINEAR LINEAR LINEAR LINEAR LINEAR LINEAR LINEAR LINEAR LINEAR LINEAR LINEAR LINEAR LINEAR LINEAR LINEAR LINEAR LINEAR LINEAR LINEAR LINEAR LINEAR LINEAR LINEAR LINEAR LINEAR LINEAR LINEAR LINEAR LINEAR LINEAR LINEAR LINEAR LINEAR LINEAR LINEAR LINEAR LINEAR LINEAR LINEAR LINEAR LINEAR LINEAR LINEAR LINEAR LINEAR LINEAR LINEAR LINEAR LINEAR LINEAR LINEAR LINEAR LINEAR LINEAR LINEAR LINEAR LINEAR LINEAR LINEAR LINEAR LINEAR LINEAR LINEAR LINEAR LINEAR LINEAR LINEAR LINEAR LINEAR LINEAR LINEAR</Name_array>
        <technique_common>
          <accessor source="#Bip01_Head-node-transform_Bip01_Head-node_transform-interpolations-array" count="146" stride="1">
            <param name="INTERPOLATION" type="Name"/>
          </accessor>
        </technique_common>
      </source>
      <sampler id="Bip01_Head-node-transform_Bip01_Head-node_transform-sampler">
        <input semantic="INPUT" source="#Bip01_Head-node-transform_Bip01_Head-node_transform-input"/>
        <input semantic="OUTPUT" source="#Bip01_Head-node-transform_Bip01_Head-node_transform-output"/>
        <input semantic="INTERPOLATION" source="#Bip01_Head-node-transform_Bip01_Head-node_transform-interpolations"/>
      </sampler>
      <channel source="#Bip01_Head-node-transform_Bip01_Head-node_transform-sampler" target="Bip01_Head-node/transform"/>
    </animation>
    <animation id="Bip01_L_Clavicle-node-transform">
      <source id="Bip01_L_Clavicle-node-transform_Bip01_L_Clavicle-node_transform_3__0_-input">
        <float_array id="Bip01_L_Clavicle-node-transform_Bip01_L_Clavicle-node_transform_3__0_-input-array" count="146">0 0.1 0.2 0.3 0.4 0.5 0.6 0.7 0.8 0.9 1 1.1 1.2 1.3 1.4 1.5 1.6 1.7 1.8 1.9 2 2.1 2.2 2.3 2.4 2.5 2.6 2.7 2.8 2.9 3 3.1 3.2 3.3 3.4 3.5 3.6 3.7 3.8 3.9 4 4.1 4.2 4.3 4.4 4.5 4.6 4.7 4.8 4.9 5 5.1 5.2 5.3 5.4 5.5 5.6 5.7 5.8 5.9 6 6.1 6.2 6.3 6.4 6.5 6.6 6.7 6.8 6.9 7 7.1 7.2 7.3 7.4 7.5 7.6 7.7 7.8 7.9 8 8.1 8.2 8.3 8.4 8.5 8.6 8.7 8.8 8.9 9 9.1 9.2 9.3 9.4 9.5 9.6 9.7 9.8 9.9 10 10.1 10.2 10.3 10.4 10.5 10.6 10.7 10.8 10.9 11 11.1 11.2 11.3 11.4 11.5 11.6 11.7 11.8 11.9 12 12.1 12.2 12.3 12.4 12.5 12.6 12.7 12.8 12.9 13 13.1 13.2 13.3 13.4 13.5 13.6 13.7 13.8 13.9 14 14.1 14.2 14.3 14.4 14.5</float_array>
        <technique_common>
          <accessor source="#Bip01_L_Clavicle-node-transform_Bip01_L_Clavicle-node_transform_3__0_-input-array" count="146" stride="1">
            <param name="TIME" type="float"/>
          </accessor>
        </technique_common>
        <technique profile="MAYA">
          <pre_infinity>CONSTANT</pre_infinity>
          <post_infinity>CONSTANT</post_infinity>
        </technique>
      </source>
      <source id="Bip01_L_Clavicle-node-transform_Bip01_L_Clavicle-node_transform_3__0_-output">
        <float_array id="Bip01_L_Clavicle-node-transform_Bip01_L_Clavicle-node_transform_3__0_-output-array" count="146">0.000244 -0.000244 0.000244 -0.000244 0.000244 0 0 0 0 -0.000244 0.000244 -0.000244 0.000244 -0.000244 0.000244 0 0 -0.000244 0.000244 0.000244 0.000244 0 0 0 0.000244 0 0.000244 0 0 0.000244 0 0 0 0 0 0 0 0 0 0 0 0 0 0 0.000244 0 -0.000244 0.000244 0.000244 0 0.000244 0.000244 0 0 0 0 -0.000244 0.000244 0.000244 0 0 0 0 0 0 0 0 0 -0.000244 0.000244 0.000244 0.000244 0.000244 0.000244 -0.000244 0 0 0.000244 0 -0.000244 0 0.000244 -0.000244 -0.000244 -0.000244 -0.000244 0 0.000244 0.000244 0.000244 0.000244 0.000244 0 0.000244 0.000244 0 0 0 -0.000488 0.000244 0 0 0 0.000244 0 0.000244 0.000244 0.000244 0 -0.000244 0 -0.000244 0 0 0 -0.000244 0 0.000244 0 0 -0.000244 0 0 0 0.000244 0.000488 0 0.000244 0 0.000244 0 0.000244 0.000244 0 0.000244 0 0.000244 -0.000244 0 0.000244 0.000244 0 -0.000244 0 0 0</float_array>
        <technique_common>
          <accessor source="#Bip01_L_Clavicle-node-transform_Bip01_L_Clavicle-node_transform_3__0_-output-array" count="146" stride="1">
            <param type="float"/>
          </accessor>
        </technique_common>
      </source>
      <source id="Bip01_L_Clavicle-node-transform_Bip01_L_Clavicle-node_transform_3__0_-interpolations">
        <Name_array id="Bip01_L_Clavicle-node-transform_Bip01_L_Clavicle-node_transform_3__0_-interpolations-array" count="146">LINEAR LINEAR LINEAR LINEAR LINEAR LINEAR LINEAR LINEAR LINEAR LINEAR LINEAR LINEAR LINEAR LINEAR LINEAR LINEAR LINEAR LINEAR LINEAR LINEAR LINEAR LINEAR LINEAR LINEAR LINEAR LINEAR LINEAR LINEAR LINEAR LINEAR LINEAR LINEAR LINEAR LINEAR LINEAR LINEAR LINEAR LINEAR LINEAR LINEAR LINEAR LINEAR LINEAR LINEAR LINEAR LINEAR LINEAR LINEAR LINEAR LINEAR LINEAR LINEAR LINEAR LINEAR LINEAR LINEAR LINEAR LINEAR LINEAR LINEAR LINEAR LINEAR LINEAR LINEAR LINEAR LINEAR LINEAR LINEAR LINEAR LINEAR LINEAR LINEAR LINEAR LINEAR LINEAR LINEAR LINEAR LINEAR LINEAR LINEAR LINEAR LINEAR LINEAR LINEAR LINEAR LINEAR LINEAR LINEAR LINEAR LINEAR LINEAR LINEAR LINEAR LINEAR LINEAR LINEAR LINEAR LINEAR LINEAR LINEAR LINEAR LINEAR LINEAR LINEAR LINEAR LINEAR LINEAR LINEAR LINEAR LINEAR LINEAR LINEAR LINEAR LINEAR LINEAR LINEAR LINEAR LINEAR LINEAR LINEAR LINEAR LINEAR LINEAR LINEAR LINEAR LINEAR LINEAR LINEAR LINEAR LINEAR LINEAR LINEAR LINEAR LINEAR LINEAR LINEAR LINEAR LINEAR LINEAR LINEAR LINEAR LINEAR LINEAR LINEAR LINEAR LINEAR</Name_array>
        <technique_common>
          <accessor source="#Bip01_L_Clavicle-node-transform_Bip01_L_Clavicle-node_transform_3__0_-interpolations-array" count="146" stride="1">
            <param name="INTERPOLATION" type="Name"/>
          </accessor>
        </technique_common>
      </source>
      <sampler id="Bip01_L_Clavicle-node-transform_Bip01_L_Clavicle-node_transform_3__0_-sampler">
        <input semantic="INPUT" source="#Bip01_L_Clavicle-node-transform_Bip01_L_Clavicle-node_transform_3__0_-input"/>
        <input semantic="OUTPUT" source="#Bip01_L_Clavicle-node-transform_Bip01_L_Clavicle-node_transform_3__0_-output"/>
        <input semantic="INTERPOLATION" source="#Bip01_L_Clavicle-node-transform_Bip01_L_Clavicle-node_transform_3__0_-interpolations"/>
      </sampler>
      <channel source="#Bip01_L_Clavicle-node-transform_Bip01_L_Clavicle-node_transform_3__0_-sampler" target="Bip01_L_Clavicle-node/transform(3)(0)"/>
    </animation>
    <animation id="Bip01_L_UpperArm-node-transform">
      <source id="Bip01_L_UpperArm-node-transform_Bip01_L_UpperArm-node_transform-input">
        <float_array id="Bip01_L_UpperArm-node-transform_Bip01_L_UpperArm-node_transform-input-array" count="146">0 0.1 0.2 0.3 0.4 0.5 0.6 0.7 0.8 0.9 1 1.1 1.2 1.3 1.4 1.5 1.6 1.7 1.8 1.9 2 2.1 2.2 2.3 2.4 2.5 2.6 2.7 2.8 2.9 3 3.1 3.2 3.3 3.4 3.5 3.6 3.7 3.8 3.9 4 4.1 4.2 4.3 4.4 4.5 4.6 4.7 4.8 4.9 5 5.1 5.2 5.3 5.4 5.5 5.6 5.7 5.8 5.9 6 6.1 6.2 6.3 6.4 6.5 6.6 6.7 6.8 6.9 7 7.1 7.2 7.3 7.4 7.5 7.6 7.7 7.8 7.9 8 8.1 8.2 8.3 8.4 8.5 8.6 8.7 8.8 8.9 9 9.1 9.2 9.3 9.4 9.5 9.6 9.7 9.8 9.9 10 10.1 10.2 10.3 10.4 10.5 10.6 10.7 10.8 10.9 11 11.1 11.2 11.3 11.4 11.5 11.6 11.7 11.8 11.9 12 12.1 12.2 12.3 12.4 12.5 12.6 12.7 12.8 12.9 13 13.1 13.2 13.3 13.4 13.5 13.6 13.7 13.8 13.9 14 14.1 14.2 14.3 14.4 14.5</float_array>
        <technique_common>
          <accessor source="#Bip01_L_UpperArm-node-transform_Bip01_L_UpperArm-node_transform-input-array" count="146" stride="1">
            <param name="TIME" type="float"/>
          </accessor>
        </technique_common>
        <technique profile="MAYA">
          <pre_infinity>CONSTANT</pre_infinity>
          <post_infinity>CONSTANT</post_infinity>
        </technique>
      </source>
      <source id="Bip01_L_UpperArm-node-transform_Bip01_L_UpperArm-node_transform-output">
        <float_array id="Bip01_L_UpperArm-node-transform_Bip01_L_UpperArm-node_transform-output-array" count="2336">0.375963 0.217062 0.900853 566.828 -0.418904 0.906978 -0.043712 0 -0.826542 -0.360936 0.431918 0 0 0 0 1 0.35362 0.023849 0.935085 566.828 0.047371 0.997936 -0.043367 0 -0.934189 0.059632 0.35176 0 0 0 0 1 0.39345 -0.183469 0.900853 566.828 0.50268 0.863367 -0.043712 0 -0.769747 0.470039 0.431918 0 0 0 0 1 0.513433 0.059837 0.856041 566.828 -0.042845 0.998109 -0.04407 0 -0.857059 -0.01405 0.515026 0.000244 0 0 0 1 0.375963 0.217062 0.900853 566.828 -0.418904 0.906978 -0.043712 0 -0.826542 -0.360936 0.431918 0 0 0 0 1 0.350529 0.244288 0.904131 566.828 -0.492927 0.868973 -0.043682 0 -0.796337 -0.430359 0.425017 0.000488 0 0 0 1 0.345661 0.252935 0.903627 566.828 -0.513067 0.857236 -0.043687 0 -0.785672 -0.448521 0.426086 0.000244 0 0 0 1 0.354319 0.249631 0.901189 566.828 -0.498719 0.865661 -0.043709 0 -0.791035 -0.433953 0.431216 0 0 0 0 1 0.367937 0.238865 0.898647 566.828 -0.466662 0.883354 -0.043732 0 -0.804269 -0.403274 0.436488 0 0 0 0 1 0.377836 0.225859 0.897902 566.828 -0.433971 0.899865 -0.043738 0 -0.817869 -0.373137 0.438017 0.000488 0 0 0 1 0.375963 0.217062 0.900853 566.828 -0.418904 0.906978 -0.043712 0 -0.826542 -0.360936 0.431918 0 0 0 0 1 0.35362 0.023849 0.935085 566.828 0.047371 0.997936 -0.043367 0 -0.934189 0.059632 0.35176 0 0 0 0 1 0.39345 -0.183469 0.900853 566.828 0.50268 0.863367 -0.043712 0 -0.769747 0.470039 0.431918 0 0 0 0 1 0.516733 0.013452 0.856041 566.828 0.04703 0.997921 -0.04407 0 -0.854854 0.063032 0.515026 0.000244 0 0 0 1 0.375963 0.217062 0.900853 566.828 -0.418904 0.906978 -0.043712 0 -0.826542 -0.360936 0.431918 0 0 0 0 1 0.362191 0.221524 0.905398 566.828 -0.439552 0.897155 -0.043671 0 -0.821956 -0.382152 0.422313 0 0 0 0 1 0.354422 0.23568 0.904898 566.828 -0.473477 0.879722 -0.043675 0 -0.806352 -0.412969 0.423382 0.000244 0 0 0 1 0.35734 0.240874 0.902379 566.828 -0.48019 0.876075 -0.043698 0 -0.801078 -0.417698 0.428722 0 0 0 0 1 0.375963 0.217062 0.900853 566.828 -0.418904 0.906978 -0.043712 0 -0.826542 -0.360936 0.431918 0 0 0 0 1 0.432472 -0.037836 0.900853 566.828 0.177075 0.983226 -0.043712 0 -0.884088 0.178423 0.431918 0 0 0 0 1 0.432472 -0.037836 0.900853 566.828 0.177075 0.983226 -0.043712 0 -0.884088 0.178423 0.431918 0 0 0 0 1 0.440919 0.012243 0.897463 566.828 0.15484 0.983878 -0.089494 0 -0.88409 0.178423 0.431915 0 0 0 0 1 0.446255 0.048002 0.893618 566.828 0.138709 0.982782 -0.122061 0 -0.884091 0.178423 0.431913 0 0 0 0 1 0.440272 0.008154 0.897827 566.828 0.156671 0.98392 -0.085764 0 -0.88409 0.178423 0.431915 -0.000244 0 0 0 1 0.432472 -0.037836 0.900853 566.828 0.177075 0.983226 -0.043712 0 -0.884088 0.178423 0.431918 0 0 0 0 1 0.430245 -0.052696 0.901173 566.829 0.198557 0.979371 -0.037528 0 -0.880605 0.195081 0.431832 0 0 0 0 1 0.428072 -0.067653 0.901209 566.828 0.234845 0.971264 -0.038638 0 -0.872698 0.228185 0.431659 -0.000244 0 0 0 1 0.427045 -0.075198 0.901098 566.828 0.260253 0.96459 -0.04284 0 -0.865968 0.252809 0.431493 0.000244 0 0 0 1 0.42861 -0.06785 0.900938 566.828 0.249669 0.967241 -0.045933 0 -0.868308 0.244624 0.431509 0 0 0 0 1 0.432472 -0.037836 0.900853 566.828 0.177075 0.983226 -0.043712 0 -0.884088 0.178423 0.431918 0 0 0 0 1 0.375963 0.217062 0.900853 566.828 -0.489347 0.872069 -0.005902 0 -0.786887 -0.438611 0.434084 0 0 0 0 1 0.324302 0.288604 0.900853 566.828 -0.655585 0.755098 -0.005902 0 -0.681936 -0.588672 0.434084 0 0 0 0 1 0.306972 0.306972 0.900853 566.828 -0.698381 0.715702 -0.005902 0 -0.646554 -0.627327 0.434084 0 0 0 0 1 0.338567 0.271729 0.900853 566.828 -0.616314 0.787479 -0.005902 0 -0.711006 -0.55321 0.434084 0 0 0 0 1 0.375963 0.217062 0.900853 566.828 -0.489347 0.872069 -0.005902 0 -0.786887 -0.438611 0.434084 0 0 0 0 1 0.375963 0.217062 0.900853 566.828 -0.489347 0.872069 -0.005902 0 -0.786887 -0.438611 0.434084 0 0 0 0 1 0.375963 0.217062 0.900853 566.828 -0.489347 0.872069 -0.005902 0 -0.786887 -0.438611 0.434084 0.000244 0 0 0 1 0.350512 0.256135 0.900853 566.828 -0.580062 0.814551 -0.005902 0 -0.735303 -0.520482 0.434084 0.000244 0 0 0 1 0.329837 0.282261 0.900853 566.828 -0.640819 0.767669 -0.005902 0 -0.693223 -0.575337 0.434084 0 0 0 0 1 0.351492 0.254788 0.900853 566.828 -0.576931 0.816772 -0.005902 0 -0.737295 -0.517655 0.434084 0 0 0 0 1 0.375963 0.217062 0.900853 566.828 -0.489347 0.872069 -0.005902 0 -0.786887 -0.438611 0.434084 0.000244 0 0 0 1 0.378437 0.212719 0.900853 566.828 -0.479274 0.877646 -0.005902 0 -0.791885 -0.429521 0.434084 0.000244 0 0 0 1 0.375963 0.217062 0.900853 566.828 -0.489347 0.872069 -0.005902 0 -0.786887 -0.438611 0.434084 0.000244 0 0 0 1 0.375963 0.217062 0.900853 566.828 -0.489347 0.872069 -0.005902 0 -0.786887 -0.438611 0.434084 0.000244 0 0 0 1 0.432472 -0.037836 0.900853 566.828 0.177075 0.983226 -0.043712 0 -0.884088 0.178423 0.431918 0 0 0 0 1 0.430613 -0.048029 0.901258 566.829 0.187644 0.981527 -0.037348 0 -0.882815 0.185199 0.431671 0 0 0 0 1 0.428238 -0.060686 0.901626 566.828 0.196415 0.98014 -0.027318 0 -0.882062 0.188792 0.431653 0.000244 0 0 0 1 0.425529 -0.074672 0.901859 566.828 0.203454 0.97897 -0.014939 0 -0.881777 0.189844 0.431773 0 0 0 0 1 0.422691 -0.088853 0.901908 566.828 0.208832 0.97795 -0.001526 0 -0.881885 0.188993 0.431926 -0.000244 0 0 0 1 0.419956 -0.1021 0.901783 566.828 0.212631 0.977063 0.011602 0 -0.882284 0.186875 0.432034 0.000244 0 0 0 1 0.417583 -0.113291 0.901548 566.828 0.214947 0.976352 0.023131 0 -0.882849 0.184126 0.43206 -0.000244 0 0 0 1 0.415847 -0.121311 0.901307 566.828 0.215887 0.975902 0.031744 0 -0.883439 0.18138 0.432016 0 0 0 0 1 0.415028 -0.125047 0.901174 566.828 0.215566 0.975821 0.036127 0 -0.883902 0.179268 0.431949 -0.000244 0 0 0 1 0.415394 -0.123386 0.901235 566.828 0.214094 0.976187 0.034968 0 -0.884088 0.178423 0.431918 0 0 0 0 1 0.417374 -0.114266 0.901522 566.828 0.210206 0.977296 0.026552 0 -0.884088 0.178423 0.431918 0 0 0 0 1 0.420863 -0.097755 0.901842 566.828 0.203132 0.979086 0.011332 0 -0.884088 0.178423 0.431918 0 0 0 0 1 0.425281 -0.075932 0.90187 566.828 0.193712 0.98102 -0.008748 0 -0.884088 0.178423 0.431918 0 0 0 0 1 0.430081 -0.050897 0.901354 566.828 0.182806 0.982637 -0.031738 0 -0.884088 0.178423 0.431918 0 0 0 0 1 0.434787 -0.024768 0.900193 566.828 0.171314 0.983642 -0.055678 0 -0.884088 0.178423 0.431918 0.000244 0 0 0 1 0.439013 0.000316 0.898481 566.829 0.160173 0.983954 -0.07861 0 -0.884088 0.178423 0.431918 -0.000244 0 0 0 1 0.44247 0.022223 0.896508 566.828 0.150359 0.983703 -0.098594 0 -0.884088 0.178423 0.431918 0 0 0 0 1 0.444945 0.038823 0.894716 566.828 0.14287 0.983188 -0.113712 0 -0.884088 0.178423 0.431918 0 0 0 0 1 0.44626 0.048001 0.893615 566.828 0.138709 0.982782 -0.122061 0 -0.884088 0.178423 0.431918 0.000244 0 0 0 1 0.446495 0.049671 0.893406 566.828 0.13795 0.982699 -0.123579 0 -0.884088 0.178423 0.431918 0 0 0 0 1 0.445963 0.045907 0.893873 566.828 0.13966 0.982882 -0.120156 0 -0.884088 0.178423 0.431918 0 0 0 0 1 0.444801 0.037834 0.89483 566.828 0.143317 0.983226 -0.112812 0 -0.884088 0.178423 0.431918 0 0 0 0 1 0.443132 0.02658 0.896062 566.828 0.148398 0.983595 -0.102564 0 -0.884088 0.178423 0.431918 0 0 0 0 1 0.441084 0.013273 0.897368 566.828 0.154378 0.983864 -0.090434 0 -0.884088 0.178423 0.431918 -0.000244 0 0 0 1 0.438806 -0.000955 0.898581 566.828 0.16074 0.983953 -0.077448 0 -0.884088 0.178423 0.431918 0 0 0 0 1 0.436472 -0.014971 0.899593 566.828 0.166975 0.98384 -0.06464 0 -0.884088 0.178423 0.431918 -0.000244 0 0 0 1 0.434285 -0.027641 0.900351 566.828 0.172583 0.983566 -0.053048 0 -0.884088 0.178423 0.431918 0 0 0 0 1 0.432472 -0.037836 0.900853 566.828 0.177075 0.983226 -0.043712 0 -0.884088 0.178423 0.431918 -0.000244 0 0 0 1 0.432472 -0.037836 0.900853 566.828 0.177075 0.983226 -0.043712 0 -0.884088 0.178423 0.431918 0 0 0 0 1 0.432472 -0.037836 0.900853 566.828 0.219107 0.97358 -0.064295 0 -0.87462 0.225189 0.429337 0 0 0 0 1 0.446324 -0.004762 0.894859 566.828 0.171964 0.981805 -0.080544 0 -0.878193 0.189832 0.439022 -0.000244 0 0 0 1 0.458569 0.034002 0.888008 566.828 0.086092 0.992868 -0.082475 0 -0.884479 0.114271 0.452372 -0.000244 0 0 0 1 0.467316 0.075545 0.880857 566.828 -0.009947 0.996729 -0.080205 0 -0.884034 0.028718 0.466539 0.000244 0 0 0 1 0.471779 0.116568 0.873977 566.828 -0.107033 0.991463 -0.074461 0 -0.875196 -0.058414 0.480228 0 0 0 0 1 0.472361 0.153644 0.867911 566.828 -0.196042 0.978338 -0.066496 0 -0.859327 -0.138737 0.492249 0 0 0 0 1 0.470468 0.183469 0.863133 566.828 -0.268546 0.961519 -0.058005 0 -0.840561 -0.204501 0.501633 0.000244 0 0 0 1 0.469685 0.193504 0.861367 566.828 -0.297099 0.95342 -0.052182 0 -0.831342 -0.231402 0.505296 0 0 0 0 1 0.47079 0.186781 0.862247 566.828 -0.289404 0.955949 -0.049063 0 -0.833428 -0.226439 0.504106 0 0 0 0 1 0.470468 0.183469 0.863133 566.828 -0.289572 0.956079 -0.045388 0 -0.833552 -0.228585 0.502932 0 0 0 0 1 0.466842 0.196146 0.862314 566.828 -0.324858 0.944955 -0.039071 0 -0.822512 -0.26189 0.504865 0.000244 0 0 0 1 0.460635 0.216785 0.860709 566.828 -0.37721 0.9256 -0.031253 0 -0.803448 -0.310271 0.508137 0 0 0 0 1 0.453866 0.234916 0.859546 566.828 -0.423631 0.905522 -0.023791 0 -0.783927 -0.353332 0.510504 0 0 0 0 1 0.450105 0.240549 0.859967 566.828 -0.44291 0.896367 -0.018912 0 -0.775394 -0.372375 0.51 0.000244 0 0 0 1 0.452687 0.223775 0.863134 566.828 -0.414113 0.910033 -0.018744 0 -0.789674 -0.348949 0.504628 0 0 0 0 1 0.463583 0.105496 0.879751 566.828 -0.160348 0.986482 -0.033799 0 -0.871424 -0.125397 0.474232 0 0 0 0 1 0.432472 -0.037836 0.900853 566.828 0.177075 0.983226 -0.043712 0 -0.884088 0.178423 0.431918 0.000244 0 0 0 1 0.432472 -0.037836 0.900853 566.828 0.177075 0.983226 -0.043712 0 -0.884088 0.178423 0.431918 0.000244 0 0 0 1 0.432472 -0.037836 0.900853 566.828 0.177075 0.983226 -0.043712 0 -0.884088 0.178423 0.431918 0 0 0 0 1 0.427529 -0.075384 0.900853 566.828 0.258614 0.965068 -0.041975 0 -0.86622 0.250918 0.43209 0.000244 0 0 0 1 0.429848 -0.060785 0.900853 566.828 0.222088 0.974196 -0.040236 0 -0.875161 0.217365 0.432256 0.000244 0 0 0 1 0.432526 -0.037216 0.900853 566.828 0.175667 0.983479 -0.043712 0 -0.884343 0.177157 0.431918 0.000244 0 0 0 1 0.433879 -0.01459 0.900853 566.828 0.150788 0.986942 -0.056639 0 -0.888263 0.160413 0.430414 0 0 0 0 1 0.434114 -0.002974 0.900853 566.828 0.162049 0.983941 -0.074841 0 -0.886163 0.178472 0.427625 0.000244 0 0 0 1 0.43316 -0.028918 0.900853 566.828 0.253525 0.96304 -0.090988 0 -0.864926 0.267802 0.424482 0 0 0 0 1 0.430095 -0.059011 0.900853 566.828 0.333775 0.937551 -0.097939 0 -0.838816 0.342805 0.422933 0 0 0 0 1 0.430367 -0.056991 0.900853 566.828 0.282301 0.95644 -0.074357 0 -0.857374 0.286313 0.427709 0.000244 0 0 0 1 0.431668 -0.046119 0.900853 566.828 0.195889 0.979651 -0.043712 0 -0.880506 0.195337 0.431918 0 0 0 0 1 0.432331 -0.039414 0.900853 566.828 0.17366 0.983981 -0.04029 0 -0.884834 0.173861 0.432251 0.000244 0 0 0 1 0.432472 -0.037836 0.900853 566.828 0.177075 0.983226 -0.043712 0 -0.884088 0.178423 0.431918 0 0 0 0 1 0.432472 -0.037836 0.900853 566.828 0.177075 0.983226 -0.043712 0 -0.884088 0.178423 0.431918 0 0 0 0 1 0.411728 -0.045399 0.910176 566.828 0.201632 0.978543 -0.0424 0 -0.888721 0.200978 0.412047 0.000244 0 0 0 1 0.386687 -0.051444 0.920775 566.828 0.229328 0.972444 -0.041977 0 -0.893242 0.227391 0.387829 0.000244 0 0 0 1 0.363757 -0.056055 0.929806 566.828 0.257921 0.965221 -0.042712 0 -0.895074 0.255354 0.365564 0 0 0 0 1 0.349092 -0.061482 0.935069 566.829 0.285678 0.957328 -0.043707 0 -0.892481 0.282387 0.35176 0 0 0 0 1 0.342387 -0.06819 0.937081 566.828 0.310716 0.949464 -0.044436 0 -0.886694 0.30638 0.346272 0.000244 0 0 0 1 0.338999 -0.074064 0.937867 566.828 0.330913 0.94258 -0.045174 0 -0.880668 0.325666 0.344042 0 0 0 0 1 0.338255 -0.07848 0.937776 566.828 0.34438 0.937716 -0.045742 0 -0.875777 0.338424 0.344214 0 0 0 0 1 0.339209 -0.081972 0.937133 566.828 0.352937 0.934515 -0.046007 0 -0.871993 0.346355 0.345928 0.000244 0 0 0 1 0.340774 -0.085469 0.936252 566.828 0.359703 0.93194 -0.045847 0 -0.868612 0.352396 0.348325 0 0 0 0 1 0.342114 -0.088778 0.935455 566.828 0.364739 0.930016 -0.045129 0 -0.865981 0.356636 0.350553 0 0 0 0 1 0.342396 -0.091706 0.935069 566.828 0.368117 0.928752 -0.043707 0 -0.864439 0.35918 0.35176 0 0 0 0 1 0.339542 -0.10778 0.934395 566.828 0.374971 0.926571 -0.02938 0 -0.862617 0.360346 0.355024 0.000244 0 0 0 1 0.474305 -0.179103 0.86195 566.828 0.380221 0.924738 -0.017074 0 -0.794019 0.33583 0.506706 0 0 0 0 1 0.481626 -0.163074 0.861071 566.828 0.370294 0.928387 -0.031294 0 -0.794304 0.333922 0.50752 0 0 0 0 1 0.343138 -0.088891 0.93507 566.828 0.360477 0.931744 -0.043707 0 -0.86736 0.352068 0.35176 -0.000244 0 0 0 1 0.336857 -0.100987 0.936124 566.828 0.359917 0.932536 -0.028913 0 -0.87005 0.346666 0.350478 -0.000244 0 0 0 1 0.478573 -0.167363 0.86195 566.828 0.357323 0.933825 -0.017074 0 -0.802053 0.316165 0.506706 0 0 0 0 1 0.492149 -0.142457 0.858776 566.828 0.325839 0.94495 -0.029981 0 -0.807229 0.294578 0.511474 0.000244 0 0 0 1 0.349267 -0.060483 0.935069 566.828 0.282938 0.958142 -0.043707 0 -0.893286 0.279832 0.35176 -0.000244 0 0 0 1 0.276797 -0.027073 0.960547 566.828 0.244762 0.968619 -0.04323 0 -0.929234 0.247072 0.274737 0 0 0 0 1 0.305869 -0.026799 0.951696 566.828 0.21407 0.975944 -0.041318 0 -0.927695 0.216367 0.304248 0 0 0 0 1 0.350719 -0.030095 0.935997 566.828 0.193158 0.980317 -0.040856 0 -0.916344 0.195124 0.349629 0 0 0 0 1 0.397372 -0.034194 0.91702 566.828 0.181365 0.98252 -0.041954 0 -0.899557 0.182987 0.396628 0 0 0 0 1 0.432472 -0.037836 0.900853 566.828 0.177075 0.983226 -0.043712 0 -0.884088 0.178423 0.431918 0 0 0 0 1 0.430629 -0.063034 0.900325 566.828 0.174841 0.984487 -0.0147 0 -0.885432 0.163744 0.43497 0.000244 0 0 0 1 0.432472 -0.037836 0.900853 566.828 0.177075 0.983226 -0.043712 0 -0.884088 0.178423 0.431918 0 0 0 0 1 0.5242 0.216257 0.823679 566.828 0.15593 0.926493 -0.342487 0 -0.837198 0.307968 0.451947 0 0 0 0 1 0.872111 -0.029696 0.488405 566.828 0.070587 0.995351 -0.065523 0 -0.484189 0.091619 0.870153 0 0 0 0 1 0.476927 0.524548 0.705259 566.828 0.045299 0.786659 -0.615724 0 -0.877775 0.325603 0.351418 0.000244 0 0 0 1 0.69347 -0.464995 0.550345 566.828 0.328482 0.883896 0.332908 0 -0.641248 -0.050083 0.765697 0.000091 0 0 0 1 0.735817 0.229237 0.637199 566.828 -0.479848 0.840456 0.251753 0 -0.477827 -0.491003 0.728421 0.000244 0 0 0 1 0.375963 0.217062 0.900853 566.828 -0.489347 0.872069 -0.005902 0 -0.786887 -0.438611 0.434084 0 0 0 0 1 0.406879 -0.019586 0.913272 566.828 -0.186917 0.976831 0.104224 0 -0.894154 -0.213113 0.393791 0 0 0 0 1 0.399532 0.063719 0.914502 566.828 -0.484343 0.861649 0.151565 0 -0.778322 -0.503488 0.375118 0 0 0 0 1 0.377035 0.154203 0.913272 566.828 -0.698467 0.694907 0.171022 0 -0.608267 -0.702371 0.36971 0 0 0 0 1 0.420227 0.079433 0.903936 566.828 -0.465061 0.874239 0.139376 0 -0.779185 -0.478955 0.404319 0 0 0 0 1 0.406879 -0.019586 0.913272 566.828 -0.186917 0.976831 0.104224 0 -0.894154 -0.213113 0.393791 0 0 0 0 1 0.184578 -0.037836 0.982089 566.828 -0.686503 0.710111 0.156382 0 -0.70331 -0.703072 0.105096 0 0 0 0 1 0.170236 -0.029707 0.984955 566.828 -0.814568 0.558242 0.157624 0 -0.554526 -0.829146 0.070833 0 0 0 0 1 0.188344 -0.00521 0.982089 566.828 -0.846067 0.506915 0.164947 0 -0.498695 -0.86198 0.091066 0 0 0 0 1 0.1876 -0.017517 0.982089 566.828 -0.792541 0.587941 0.161879 0 -0.580246 -0.808714 0.096414 0 0 0 0 1 0.184578 -0.037836 0.982089 566.828 -0.686503 0.710111 0.156382 0 -0.70331 -0.703072 0.105096 0 0 0 0 1</float_array>
        <technique_common>
          <accessor source="#Bip01_L_UpperArm-node-transform_Bip01_L_UpperArm-node_transform-output-array" count="146" stride="16">
            <param name="TRANSFORM" type="float4x4"/>
          </accessor>
        </technique_common>
      </source>
      <source id="Bip01_L_UpperArm-node-transform_Bip01_L_UpperArm-node_transform-interpolations">
        <Name_array id="Bip01_L_UpperArm-node-transform_Bip01_L_UpperArm-node_transform-interpolations-array" count="146">LINEAR LINEAR LINEAR LINEAR LINEAR LINEAR LINEAR LINEAR LINEAR LINEAR LINEAR LINEAR LINEAR LINEAR LINEAR LINEAR LINEAR LINEAR LINEAR LINEAR LINEAR LINEAR LINEAR LINEAR LINEAR LINEAR LINEAR LINEAR LINEAR LINEAR LINEAR LINEAR LINEAR LINEAR LINEAR LINEAR LINEAR LINEAR LINEAR LINEAR LINEAR LINEAR LINEAR LINEAR LINEAR LINEAR LINEAR LINEAR LINEAR LINEAR LINEAR LINEAR LINEAR LINEAR LINEAR LINEAR LINEAR LINEAR LINEAR LINEAR LINEAR LINEAR LINEAR LINEAR LINEAR LINEAR LINEAR LINEAR LINEAR LINEAR LINEAR LINEAR LINEAR LINEAR LINEAR LINEAR LINEAR LINEAR LINEAR LINEAR LINEAR LINEAR LINEAR LINEAR LINEAR LINEAR LINEAR LINEAR LINEAR LINEAR LINEAR LINEAR LINEAR LINEAR LINEAR LINEAR LINEAR LINEAR LINEAR LINEAR LINEAR LINEAR LINEAR LINEAR LINEAR LINEAR LINEAR LINEAR LINEAR LINEAR LINEAR LINEAR LINEAR LINEAR LINEAR LINEAR LINEAR LINEAR LINEAR LINEAR LINEAR LINEAR LINEAR LINEAR LINEAR LINEAR LINEAR LINEAR LINEAR LINEAR LINEAR LINEAR LINEAR LINEAR LINEAR LINEAR LINEAR LINEAR LINEAR LINEAR LINEAR LINEAR LINEAR LINEAR LINEAR LINEAR</Name_array>
        <technique_common>
          <accessor source="#Bip01_L_UpperArm-node-transform_Bip01_L_UpperArm-node_transform-interpolations-array" count="146" stride="1">
            <param name="INTERPOLATION" type="Name"/>
          </accessor>
        </technique_common>
      </source>
      <sampler id="Bip01_L_UpperArm-node-transform_Bip01_L_UpperArm-node_transform-sampler">
        <input semantic="INPUT" source="#Bip01_L_UpperArm-node-transform_Bip01_L_UpperArm-node_transform-input"/>
        <input semantic="OUTPUT" source="#Bip01_L_UpperArm-node-transform_Bip01_L_UpperArm-node_transform-output"/>
        <input semantic="INTERPOLATION" source="#Bip01_L_UpperArm-node-transform_Bip01_L_UpperArm-node_transform-interpolations"/>
      </sampler>
      <channel source="#Bip01_L_UpperArm-node-transform_Bip01_L_UpperArm-node_transform-sampler" target="Bip01_L_UpperArm-node/transform"/>
    </animation>
    <animation id="Bip01_L_Forearm-node-transform">
      <source id="Bip01_L_Forearm-node-transform_Bip01_L_Forearm-node_transform-input">
        <float_array id="Bip01_L_Forearm-node-transform_Bip01_L_Forearm-node_transform-input-array" count="146">0 0.1 0.2 0.3 0.4 0.5 0.6 0.7 0.8 0.9 1 1.1 1.2 1.3 1.4 1.5 1.6 1.7 1.8 1.9 2 2.1 2.2 2.3 2.4 2.5 2.6 2.7 2.8 2.9 3 3.1 3.2 3.3 3.4 3.5 3.6 3.7 3.8 3.9 4 4.1 4.2 4.3 4.4 4.5 4.6 4.7 4.8 4.9 5 5.1 5.2 5.3 5.4 5.5 5.6 5.7 5.8 5.9 6 6.1 6.2 6.3 6.4 6.5 6.6 6.7 6.8 6.9 7 7.1 7.2 7.3 7.4 7.5 7.6 7.7 7.8 7.9 8 8.1 8.2 8.3 8.4 8.5 8.6 8.7 8.8 8.9 9 9.1 9.2 9.3 9.4 9.5 9.6 9.7 9.8 9.9 10 10.1 10.2 10.3 10.4 10.5 10.6 10.7 10.8 10.9 11 11.1 11.2 11.3 11.4 11.5 11.6 11.7 11.8 11.9 12 12.1 12.2 12.3 12.4 12.5 12.6 12.7 12.8 12.9 13 13.1 13.2 13.3 13.4 13.5 13.6 13.7 13.8 13.9 14 14.1 14.2 14.3 14.4 14.5</float_array>
        <technique_common>
          <accessor source="#Bip01_L_Forearm-node-transform_Bip01_L_Forearm-node_transform-input-array" count="146" stride="1">
            <param name="TIME" type="float"/>
          </accessor>
        </technique_common>
        <technique profile="MAYA">
          <pre_infinity>CONSTANT</pre_infinity>
          <post_infinity>CONSTANT</post_infinity>
        </technique>
      </source>
      <source id="Bip01_L_Forearm-node-transform_Bip01_L_Forearm-node_transform-output">
        <float_array id="Bip01_L_Forearm-node-transform_Bip01_L_Forearm-node_transform-output-array" count="2336">0.980067 0.198669 0 963.427 -0.198669 0.980067 0 0.000061 0 0 1 0 0 0 0 1 0.930678 0.365838 0 963.427 -0.365838 0.930679 0 0 0 0 1 -0.000122 0 0 0 1 0.853013 0.521891 0 963.428 -0.521891 0.853013 0 0 0 0 1 0 0 0 0 1 0.94215 0.335191 0 963.427 -0.335191 0.94215 0 -0.000011 0 0 1 0 0 0 0 1 0.980067 0.198669 0 963.427 -0.198669 0.980067 0 0.000061 0 0 1 0 0 0 0 1 0.985636 0.168886 0 963.427 -0.168886 0.985636 0 0 0 0 1 0.000122 0 0 0 1 0.987033 0.160518 0 963.427 -0.160518 0.987033 0 -0.000244 0 0 1 0.000244 0 0 0 1 0.986042 0.166496 0 963.427 -0.166496 0.986042 0 0 0 0 1 0 0 0 0 1 0.983735 0.179627 0 963.427 -0.179627 0.983735 0 0 0 0 1 -0.000122 0 0 0 1 0.981252 0.192726 0 963.427 -0.192726 0.981253 0 0 0 0 1 -0.000122 0 0 0 1 0.980067 0.198669 0 963.427 -0.198669 0.980067 0 0.000061 0 0 1 0 0 0 0 1 0.930678 0.365838 0 963.427 -0.365838 0.930679 0 0 0 0 1 -0.000122 0 0 0 1 0.853013 0.521891 0 963.428 -0.521891 0.853013 0 0 0 0 1 0 0 0 0 1 0.930678 0.365838 0 963.427 -0.365838 0.930679 0 0 0 0 1 0 0 0 0 1 0.980067 0.198669 0 963.427 -0.198669 0.980067 0 0.000061 0 0 1 0 0 0 0 1 0.98197 0.189038 0 963.427 -0.189038 0.98197 0 0.000122 0 0 1 0 0 0 0 1 0.984931 0.172946 0 963.427 -0.172946 0.984931 0 0 0 0 1 0.000122 0 0 0 1 0.985492 0.169722 0 963.427 -0.169722 0.985492 0 0 0 0 1 0.000122 0 0 0 1 0.980067 0.198669 0 963.427 -0.198669 0.980067 0 0.000061 0 0 1 0 0 0 0 1 0.895252 0.44556 0 963.427 -0.44556 0.895252 0 -0.00003 0 0 1 0 0 0 0 1 0.895252 0.44556 0 963.427 -0.44556 0.895252 0 -0.00003 0 0 1 -0.000122 0 0 0 1 0.895252 0.44556 0 963.427 -0.44556 0.895252 0 0 0 0 1 -0.000122 0 0 0 1 0.895252 0.44556 0 963.427 -0.44556 0.895252 0 -0.000061 0 0 1 -0.000244 0 0 0 1 0.895252 0.44556 0 963.427 -0.44556 0.895252 0 0 0 0 1 0 0 0 0 1 0.895252 0.44556 0 963.427 -0.44556 0.895252 0 -0.00003 0 0 1 -0.000244 0 0 0 1 0.903392 0.428817 0 963.427 -0.428817 0.903392 0 0 0 0 1 0 0 0 0 1 0.918728 0.39489 0 963.427 -0.39489 0.918728 0 0 0 0 1 0.000122 0 0 0 1 0.929396 0.369084 0 963.427 -0.369084 0.929396 0 0 0 0 1 0.000122 0 0 0 1 0.92592 0.377719 0 963.427 -0.377719 0.92592 0 -0.000061 0 0 1 0 0 0 0 1 0.895252 0.44556 0 963.427 -0.44556 0.895252 0 -0.000061 0 0 1 0.000122 0 0 0 1 0.399403 0.916776 0 963.427 -0.916776 0.399403 0 -0.000061 0 0 1 0 0 0 0 1 0.392725 0.919656 0 963.427 -0.919656 0.392725 0 -0.000122 0 0 1 0 0 0 0 1 0.477785 0.878477 0 963.427 -0.878477 0.477785 0 -0.000122 0 0 1 0 0 0 0 1 0.452033 0.892001 0 963.427 -0.892001 0.452033 0 -0.000122 0 0 1 0 0 0 0 1 0.399403 0.916776 0 963.427 -0.916776 0.399403 0 -0.000122 0 0 1 0 0 0 0 1 0.317981 0.948097 0 963.427 -0.948097 0.317981 0 0 0 0 1 0 0 0 0 1 0.399403 0.916776 0 963.427 -0.916776 0.399403 0 0 0 0 1 0 0 0 0 1 -0.021156 0.999776 0 963.427 -0.999776 -0.021156 0 -0.000122 0 0 1 0.000244 0 0 0 1 -0.335572 0.942015 0 963.427 -0.942015 -0.335572 0 0 0 0 1 -0.000244 0 0 0 1 -0.01274 0.999919 0 963.427 -0.999919 -0.01274 0 -0.000122 0 0 1 0 0 0 0 1 0.399403 0.916776 0 963.427 -0.916776 0.399403 0 0 0 0 1 0 0 0 0 1 0.442095 0.896969 0 963.427 -0.896968 0.442095 0 0 0 0 1 -0.000244 0 0 0 1 0.399403 0.916776 0 963.427 -0.916776 0.399403 0 0 0 0 1 0 0 0 0 1 0.399403 0.916776 0 963.427 -0.916776 0.399403 0 0 0 0 1 0 0 0 0 1 0.895252 0.44556 0 963.427 -0.44556 0.895252 0 -0.00003 0 0 1 0 0 0 0 1 0.895252 0.44556 0 963.427 -0.44556 0.895252 0 -0.00003 0 0 1 0 0 0 0 1 0.895252 0.44556 0 963.427 -0.44556 0.895252 0 0 0 0 1 -0.000122 0 0 0 1 0.895252 0.44556 0 963.427 -0.44556 0.895252 0 0 0 0 1 0 0 0 0 1 0.895252 0.44556 0 963.427 -0.44556 0.895252 0 0.00003 0 0 1 0 0 0 0 1 0.895252 0.44556 0 963.427 -0.44556 0.895252 0 -0.000061 0 0 1 -0.000122 0 0 0 1 0.895252 0.44556 0 963.427 -0.44556 0.895252 0 -0.00003 0 0 1 -0.000122 0 0 0 1 0.895252 0.44556 0 963.427 -0.44556 0.895252 0 -0.00003 0 0 1 0 0 0 0 1 0.895252 0.44556 0 963.427 -0.44556 0.895252 0 -0.00003 0 0 1 -0.000244 0 0 0 1 0.895252 0.44556 0 963.427 -0.44556 0.895252 0 -0.000061 0 0 1 -0.000122 0 0 0 1 0.895252 0.44556 0 963.427 -0.44556 0.895252 0 -0.00003 0 0 1 0 0 0 0 1 0.895252 0.44556 0 963.427 -0.44556 0.895252 0 -0.00003 0 0 1 -0.000122 0 0 0 1 0.895252 0.44556 0 963.427 -0.44556 0.895252 0 0 0 0 1 -0.000122 0 0 0 1 0.895252 0.44556 0 963.427 -0.44556 0.895252 0 0 0 0 1 0 0 0 0 1 0.895252 0.44556 0 963.427 -0.44556 0.895252 0 -0.000061 0 0 1 0 0 0 0 1 0.895252 0.44556 0 963.427 -0.44556 0.895252 0 0 0 0 1 0 0 0 0 1 0.895252 0.44556 0 963.427 -0.44556 0.895252 0 0 0 0 1 0.000122 0 0 0 1 0.895252 0.44556 0 963.427 -0.44556 0.895252 0 0 0 0 1 0 0 0 0 1 0.895252 0.44556 0 963.427 -0.44556 0.895252 0 0 0 0 1 -0.000244 0 0 0 1 0.895252 0.44556 0 963.427 -0.44556 0.895252 0 -0.000122 0 0 1 0 0 0 0 1 0.895252 0.44556 0 963.427 -0.44556 0.895252 0 0 0 0 1 -0.000122 0 0 0 1 0.895252 0.44556 0 963.427 -0.44556 0.895252 0 0 0 0 1 0 0 0 0 1 0.895252 0.44556 0 963.427 -0.44556 0.895252 0 -0.000061 0 0 1 0 0 0 0 1 0.895252 0.44556 0 963.428 -0.44556 0.895252 0 0 0 0 1 0 0 0 0 1 0.895252 0.44556 0 963.427 -0.44556 0.895252 0 0 0 0 1 0 0 0 0 1 0.895252 0.44556 0 963.427 -0.44556 0.895252 0 -0.000061 0 0 1 0 0 0 0 1 0.895252 0.44556 0 963.427 -0.44556 0.895252 0 0 0 0 1 -0.000122 0 0 0 1 0.895252 0.44556 0 963.427 -0.44556 0.895252 0 -0.000061 0 0 1 0.000122 0 0 0 1 0.895252 0.44556 0 963.427 -0.44556 0.895252 0 -0.00003 0 0 1 0 0 0 0 1 0.895252 0.44556 0 963.427 -0.44556 0.895252 0 0 0 0 1 -0.000244 0 0 0 1 0.88903 0.457849 0 963.427 -0.457849 0.88903 0 0.000061 0 0 1 0 0 0 0 1 0.881769 0.471681 0 963.427 -0.471681 0.881769 0 0 0 0 1 0 0 0 0 1 0.873957 0.486003 0 963.427 -0.486003 0.873957 0 0.000015 0 0 1 -0.000244 0 0 0 1 0.866143 0.499796 0 963.427 -0.499796 0.866143 0 0.000015 0 0 1 0 0 0 0 1 0.85894 0.512076 0 963.427 -0.512076 0.85894 0 -0.00003 0 0 1 0 0 0 0 1 0.853013 0.521891 0 963.427 -0.521891 0.853013 0 0 0 0 1 0 0 0 0 1 0.850755 0.525562 0 963.427 -0.525562 0.850755 0 0.000122 0 0 1 0 0 0 0 1 0.851886 0.523727 0 963.427 -0.523727 0.851886 0 0.000122 0 0 1 -0.000244 0 0 0 1 0.853013 0.521891 0 963.427 -0.521891 0.853013 0 0 0 0 1 0 0 0 0 1 0.85197 0.523591 0 963.427 -0.523591 0.85197 0 0 0 0 1 -0.000244 0 0 0 1 0.849874 0.526985 0 963.427 -0.526985 0.849874 0 0 0 0 1 0 0 0 0 1 0.848294 0.529526 0 963.427 -0.529526 0.848294 0 0 0 0 1 -0.000244 0 0 0 1 0.848821 0.52868 0 963.427 -0.52868 0.848821 0 0 0 0 1 -0.000244 0 0 0 1 0.853013 0.521891 0 963.427 -0.521891 0.853012 0 0.000122 0 0 1 -0.000244 0 0 0 1 0.872946 0.487818 0 963.427 -0.487818 0.872946 0 0 0 0 1 0.000244 0 0 0 1 0.895252 0.44556 0 963.427 -0.44556 0.895252 0 -0.000061 0 0 1 -0.000122 0 0 0 1 0.895252 0.44556 0 963.427 -0.44556 0.895252 0 -0.00003 0 0 1 0 0 0 0 1 0.895252 0.44556 0 963.428 -0.44556 0.895252 0 -0.00003 0 0 1 0 0 0 0 1 0.804281 0.594249 0 963.427 -0.594249 0.804281 0 0.000061 0 0 1 0 0 0 0 1 0.735984 0.676998 0 963.427 -0.676998 0.735985 0 -0.000061 0 0 1 -0.000122 0 0 0 1 0.6656 0.746309 0 963.427 -0.746309 0.6656 0 -0.000061 0 0 1 0 0 0 0 1 0.593779 0.804628 0 963.427 -0.804628 0.593779 0 0 0 0 1 -0.000122 0 0 0 1 0.520315 0.853975 0 963.427 -0.853975 0.520315 0 0 0 0 1 0.000122 0 0 0 1 0.420338 0.907367 0 963.427 -0.907367 0.420339 0 -0.000061 0 0 1 0 0 0 0 1 0.399403 0.916776 0 963.427 -0.916776 0.399403 0 -0.000061 0 0 1 -0.000122 0 0 0 1 0.599965 0.800026 0 963.427 -0.800026 0.599965 0 0 0 0 1 -0.000122 0 0 0 1 0.786633 0.617421 0 963.427 -0.617421 0.786633 0 -0.000061 0 0 1 0.000122 0 0 0 1 0.873912 0.486083 0 963.427 -0.486083 0.873912 0 0 0 0 1 0 0 0 0 1 0.895252 0.44556 0 963.427 -0.44556 0.895252 0 -0.000061 0 0 1 0 0 0 0 1 0.895252 0.44556 0 963.427 -0.44556 0.895252 0 -0.000061 0 0 1 -0.000122 0 0 0 1 0.89637 0.443307 0 963.427 -0.443307 0.89637 0 0 0 0 1 0 0 0 0 1 0.898955 0.438041 0 963.427 -0.438041 0.898955 0 -0.000061 0 0 1 0 0 0 0 1 0.901872 0.432004 0 963.427 -0.432004 0.901872 0 0 0 0 1 0 0 0 0 1 0.904033 0.427464 0 963.427 -0.427463 0.904033 0 0.000061 0 0 1 -0.000122 0 0 0 1 0.90439 0.426706 0 963.427 -0.426706 0.904391 0 0 0 0 1 0 0 0 0 1 0.901872 0.432004 0 963.427 -0.432004 0.901872 0 0.000122 0 0 1 0 0 0 0 1 0.895252 0.44556 0 963.427 -0.44556 0.895252 0 0 0 0 1 0 0 0 0 1 0.883176 0.469042 0 963.427 -0.469042 0.883176 0 0.000122 0 0 1 0.000122 0 0 0 1 0.865632 0.50068 0 963.427 -0.50068 0.865632 0 0 0 0 1 0 0 0 0 1 0.843311 0.537426 0 963.427 -0.537426 0.843311 0 0 0 0 1 0 0 0 0 1 0.817213 0.576336 0 963.427 -0.576336 0.817213 0 0.000122 0 0 1 0 0 0 0 1 0.788765 0.614695 0 963.427 -0.614695 0.788765 0 0 0 0 1 0 0 0 0 1 0.759855 0.650093 0 963.427 -0.650093 0.759855 0 -0.000122 0 0 1 0 0 0 0 1 0.732777 0.680469 0 963.427 -0.680469 0.732777 0 -0.000122 0 0 1 -0.000244 0 0 0 1 0.710116 0.704085 0 963.427 -0.704085 0.710116 0 0 0 0 1 -0.000122 0 0 0 1 0.694595 0.719401 0 963.427 -0.719401 0.694595 0 -0.000122 0 0 1 0 0 0 0 1 0.688871 0.724884 0 963.427 -0.724883 0.688872 0 -0.000122 0 0 1 -0.000488 0 0 0 1 0.71291 0.701255 0 963.427 -0.701255 0.71291 0 0 0 0 1 0.000122 0 0 0 1 0.765046 0.643976 0 963.427 -0.643976 0.765046 0 0 0 0 1 0 0 0 0 1 0.818084 0.575099 0 963.427 -0.575099 0.818084 0 0 0 0 1 -0.000122 0 0 0 1 0.8574 0.51465 0 963.427 -0.51465 0.8574 0 -0.000061 0 0 1 0 0 0 0 1 0.880815 0.473461 0 963.427 -0.473461 0.880815 0 -0.000061 0 0 1 0 0 0 0 1 0.892059 0.45192 0 963.427 -0.45192 0.892058 0 -0.000061 0 0 1 0 0 0 0 1 0.895252 0.44556 0 963.427 -0.44556 0.895252 0 -0.000061 0 0 1 0 0 0 0 1 0.918718 0.394914 0 963.427 -0.394914 0.918718 0 -0.00003 0 0 1 0 0 0 0 1 0.895252 0.44556 0 963.427 -0.44556 0.895252 0 -0.00003 0 0 1 -0.000122 0 0 0 1 0.552531 0.833492 0 963.427 -0.833492 0.552531 0 0 0 0 1 0 0 0 0 1 0.895252 0.44556 0 963.427 -0.44556 0.895252 0 0.00003 0 0 1 0.000244 0 0 0 1 0.930679 0.365838 0 963.427 -0.365838 0.930679 0 0 0 0 1 -0.000244 0 0 0 1 0.895252 0.44556 0 963.427 -0.44556 0.895252 0 0 0 0 1 0.000061 0 0 0 1 0.623072 0.782164 0 963.427 -0.782164 0.623072 0 0 0 0 1 -0.000244 0 0 0 1 0.399403 0.916776 0 963.427 -0.916776 0.399403 0 -0.000122 0 0 1 0 0 0 0 1 0.425898 0.904771 0 963.427 -0.904771 0.425898 0 0 0 0 1 -0.000122 0 0 0 1 0.517725 0.855548 0 963.427 -0.855547 0.517725 0 0 0 0 1 0.000122 0 0 0 1 0.57654 0.817069 0 963.427 -0.817069 0.57654 0 0 0 0 1 -0.000244 0 0 0 1 0.492622 0.870243 0 963.427 -0.870243 0.492622 0 0 0 0 1 0.000122 0 0 0 1 0.425898 0.904771 0 963.427 -0.904771 0.425898 0 0 0 0 1 -0.000122 0 0 0 1 0.688872 0.724884 0 963.427 -0.724884 0.688872 0 -0.000244 0 0 1 -0.000122 0 0 0 1 0.707953 0.706259 0 963.427 -0.706259 0.707953 0 0 0 0 1 0 0 0 0 1 0.688872 0.724883 0 963.427 -0.724883 0.688871 0 0.000244 0 0 1 0.000122 0 0 0 1 0.688872 0.724883 0 963.427 -0.724883 0.688872 0 0 0 0 1 0 0 0 0 1 0.688872 0.724884 0 963.427 -0.724884 0.688872 0 -0.000244 0 0 1 -0.000122 0 0 0 1</float_array>
        <technique_common>
          <accessor source="#Bip01_L_Forearm-node-transform_Bip01_L_Forearm-node_transform-output-array" count="146" stride="16">
            <param name="TRANSFORM" type="float4x4"/>
          </accessor>
        </technique_common>
      </source>
      <source id="Bip01_L_Forearm-node-transform_Bip01_L_Forearm-node_transform-interpolations">
        <Name_array id="Bip01_L_Forearm-node-transform_Bip01_L_Forearm-node_transform-interpolations-array" count="146">LINEAR LINEAR LINEAR LINEAR LINEAR LINEAR LINEAR LINEAR LINEAR LINEAR LINEAR LINEAR LINEAR LINEAR LINEAR LINEAR LINEAR LINEAR LINEAR LINEAR LINEAR LINEAR LINEAR LINEAR LINEAR LINEAR LINEAR LINEAR LINEAR LINEAR LINEAR LINEAR LINEAR LINEAR LINEAR LINEAR LINEAR LINEAR LINEAR LINEAR LINEAR LINEAR LINEAR LINEAR LINEAR LINEAR LINEAR LINEAR LINEAR LINEAR LINEAR LINEAR LINEAR LINEAR LINEAR LINEAR LINEAR LINEAR LINEAR LINEAR LINEAR LINEAR LINEAR LINEAR LINEAR LINEAR LINEAR LINEAR LINEAR LINEAR LINEAR LINEAR LINEAR LINEAR LINEAR LINEAR LINEAR LINEAR LINEAR LINEAR LINEAR LINEAR LINEAR LINEAR LINEAR LINEAR LINEAR LINEAR LINEAR LINEAR LINEAR LINEAR LINEAR LINEAR LINEAR LINEAR LINEAR LINEAR LINEAR LINEAR LINEAR LINEAR LINEAR LINEAR LINEAR LINEAR LINEAR LINEAR LINEAR LINEAR LINEAR LINEAR LINEAR LINEAR LINEAR LINEAR LINEAR LINEAR LINEAR LINEAR LINEAR LINEAR LINEAR LINEAR LINEAR LINEAR LINEAR LINEAR LINEAR LINEAR LINEAR LINEAR LINEAR LINEAR LINEAR LINEAR LINEAR LINEAR LINEAR LINEAR LINEAR LINEAR LINEAR LINEAR LINEAR LINEAR</Name_array>
        <technique_common>
          <accessor source="#Bip01_L_Forearm-node-transform_Bip01_L_Forearm-node_transform-interpolations-array" count="146" stride="1">
            <param name="INTERPOLATION" type="Name"/>
          </accessor>
        </technique_common>
      </source>
      <sampler id="Bip01_L_Forearm-node-transform_Bip01_L_Forearm-node_transform-sampler">
        <input semantic="INPUT" source="#Bip01_L_Forearm-node-transform_Bip01_L_Forearm-node_transform-input"/>
        <input semantic="OUTPUT" source="#Bip01_L_Forearm-node-transform_Bip01_L_Forearm-node_transform-output"/>
        <input semantic="INTERPOLATION" source="#Bip01_L_Forearm-node-transform_Bip01_L_Forearm-node_transform-interpolations"/>
      </sampler>
      <channel source="#Bip01_L_Forearm-node-transform_Bip01_L_Forearm-node_transform-sampler" target="Bip01_L_Forearm-node/transform"/>
    </animation>
    <animation id="Bip01_L_Hand-node-transform">
      <source id="Bip01_L_Hand-node-transform_Bip01_L_Hand-node_transform-input">
        <float_array id="Bip01_L_Hand-node-transform_Bip01_L_Hand-node_transform-input-array" count="146">0 0.1 0.2 0.3 0.4 0.5 0.6 0.7 0.8 0.9 1 1.1 1.2 1.3 1.4 1.5 1.6 1.7 1.8 1.9 2 2.1 2.2 2.3 2.4 2.5 2.6 2.7 2.8 2.9 3 3.1 3.2 3.3 3.4 3.5 3.6 3.7 3.8 3.9 4 4.1 4.2 4.3 4.4 4.5 4.6 4.7 4.8 4.9 5 5.1 5.2 5.3 5.4 5.5 5.6 5.7 5.8 5.9 6 6.1 6.2 6.3 6.4 6.5 6.6 6.7 6.8 6.9 7 7.1 7.2 7.3 7.4 7.5 7.6 7.7 7.8 7.9 8 8.1 8.2 8.3 8.4 8.5 8.6 8.7 8.8 8.9 9 9.1 9.2 9.3 9.4 9.5 9.6 9.7 9.8 9.9 10 10.1 10.2 10.3 10.4 10.5 10.6 10.7 10.8 10.9 11 11.1 11.2 11.3 11.4 11.5 11.6 11.7 11.8 11.9 12 12.1 12.2 12.3 12.4 12.5 12.6 12.7 12.8 12.9 13 13.1 13.2 13.3 13.4 13.5 13.6 13.7 13.8 13.9 14 14.1 14.2 14.3 14.4 14.5</float_array>
        <technique_common>
          <accessor source="#Bip01_L_Hand-node-transform_Bip01_L_Hand-node_transform-input-array" count="146" stride="1">
            <param name="TIME" type="float"/>
          </accessor>
        </technique_common>
        <technique profile="MAYA">
          <pre_infinity>CONSTANT</pre_infinity>
          <post_infinity>CONSTANT</post_infinity>
        </technique>
      </source>
      <source id="Bip01_L_Hand-node-transform_Bip01_L_Hand-node_transform-output">
        <float_array id="Bip01_L_Hand-node-transform_Bip01_L_Hand-node_transform-output-array" count="2336">1 0 0 734.064 0 0.000796 1 0 0 -1 0.000796 -0.000122 0 0 0 1 1 0 0 734.064 0 0.000796 1 0.000091 0 -1 0.000796 0 0 0 0 1 1 0 0 734.064 0 0.000796 1 0 0 -1 0.000796 0 0 0 0 1 1 0 0 734.064 0 0.000796 1 0.000061 0 -1 0.000796 0 0 0 0 1 1 0 0 734.064 0 0.000796 1 0 0 -1 0.000796 -0.000122 0 0 0 1 1 0 0 734.064 0 0.000796 1 0 0 -1 0.000796 0 0 0 0 1 1 0 0 734.064 0 0.000796 1 0 0 -1 0.000796 -0.000122 0 0 0 1 1 0 0 734.064 0 0.000796 1 -0.000244 0 -1 0.000796 0 0 0 0 1 1 0 0 734.064 0 0.000796 1 -0.000122 0 -1 0.000796 -0.000122 0 0 0 1 1 0 0 734.064 0 0.000796 1 0 0 -1 0.000796 -0.000122 0 0 0 1 1 0 0 734.064 0 0.000796 1 0 0 -1 0.000796 -0.000122 0 0 0 1 1 0 0 734.064 0 0.000796 1 0.000091 0 -1 0.000796 0 0 0 0 1 1 0 0 734.064 0 0.000796 1 0 0 -1 0.000796 0 0 0 0 1 1 0 0 734.064 0 0.000796 1 -0.000061 0 -1 0.000796 0.000244 0 0 0 1 1 0 0 734.064 0 0.000796 1 0 0 -1 0.000796 -0.000122 0 0 0 1 1 0 0 734.064 0 0.000796 1 0 0 -1 0.000796 0.000122 0 0 0 1 1 0 0 734.064 0 0.000796 1 0 0 -1 0.000796 0 0 0 0 1 1 0 0 734.064 0 0.000796 1 -0.000122 0 -1 0.000796 0 0 0 0 1 1 0 0 734.064 0 0.000796 1 0 0 -1 0.000796 -0.000122 0 0 0 1 1 0 0 734.064 0 0.000796 1 -0.000045 0 -1 0.000796 -0.000244 0 0 0 1 1 0 0 734.064 0 0.000796 1 -0.000045 0 -1 0.000796 0.000122 0 0 0 1 1 0 0 734.064 0 0.000796 1 -0.00003 0 -1 0.000796 -0.000122 0 0 0 1 1 0 0 734.064 0 0.000796 1 0.00003 0 -1 0.000796 0 0 0 0 1 1 0 0 734.064 0 0.000796 1 -0.000015 0 -1 0.000796 0 0 0 0 1 1 0 0 734.064 0 0.000796 1 -0.000015 0 -1 0.000796 0.000122 0 0 0 1 1 0 0 734.064 0 0.000796 1 0.00003 0 -1 0.000796 -0.000244 0 0 0 1 1 0 0 734.064 0 0.000796 1 0 0 -1 0.000796 -0.000244 0 0 0 1 1 0 0 734.064 0 0.000796 1 0 0 -1 0.000796 -0.000122 0 0 0 1 1 0 0 734.064 0 0.000796 1 -0.000045 0 -1 0.000796 0 0 0 0 1 1 0 0 734.064 0 0.000796 1 0.000015 0 -1 0.000796 0 0 0 0 1 1 0 0 734.064 0 0.000796 1 0.000122 0 -1 0.000796 0 0 0 0 1 1 0 0 734.064 0 0.000796 1 -0.000366 0 -1 0.000796 0.000122 0 0 0 1 1 0 0 734.064 0 0.000796 1 0 0 -1 0.000796 0 0 0 0 1 1 0 0 734.064 0 0.000796 1 -0.000244 0 -1 0.000796 -0.000122 0 0 0 1 1 0 0 734.064 0 0.000796 1 0.000244 0 -1 0.000796 0 0 0 0 1 1 0 0 734.064 0 0.000796 1 0 0 -1 0.000796 0.000244 0 0 0 1 1 0 0 734.064 0 0.000796 1 0 0 -1 0.000796 0 0 0 0 1 1 0 0 734.064 0 0.000796 1 -0.000122 0 -1 0.000796 0 0 0 0 1 1 0 0 734.064 0 0.000796 1 0.000061 0 -1 0.000796 0.000244 0 0 0 1 1 0 0 734.064 0 0.000796 1 0 0 -1 0.000796 0 0 0 0 1 1 0 0 734.064 0 0.000796 1 0 0 -1 0.000796 0 0 0 0 1 1 0 0 734.064 0 0.000796 1 0 0 -1 0.000796 0 0 0 0 1 1 0 0 734.064 0 0.000796 1 0 0 -1 0.000796 0 0 0 0 1 1 0 0 734.064 0 0.000796 1 0 0 -1 0.000796 0 0 0 0 1 1 0 0 734.064 0 0.000796 1 -0.000015 0 -1 0.000796 0 0 0 0 1 1 0 0 734.064 0 0.000796 1 -0.00003 0 -1 0.000796 -0.000244 0 0 0 1 1 0 0 734.064 0 0.000796 1 0 0 -1 0.000796 -0.000122 0 0 0 1 1 0 0 734.064 0 0.000796 1 -0.00003 0 -1 0.000796 -0.000122 0 0 0 1 1 0 0 734.064 0 0.000796 1 0 0 -1 0.000796 -0.000122 0 0 0 1 1 0 0 734.064 0 0.000796 1 0.00003 0 -1 0.000796 0 0 0 0 1 1 0 0 734.064 0 0.000796 1 0 0 -1 0.000796 -0.000122 0 0 0 1 1 0 0 734.064 0 0.000796 1 0.00003 0 -1 0.000796 0 0 0 0 1 1 0 0 734.064 0 0.000796 1 0 0 -1 0.000796 0.000122 0 0 0 1 1 0 0 734.064 0 0.000796 1 0.00003 0 -1 0.000796 0.000244 0 0 0 1 1 0 0 734.064 0 0.000796 1 0.00003 0 -1 0.000796 0 0 0 0 1 1 0 0 734.064 0 0.000796 1 -0.00003 0 -1 0.000796 0.000244 0 0 0 1 1 0 0 734.064 0 0.000796 1 0.000015 0 -1 0.000796 0.000244 0 0 0 1 1 0 0 734.064 0 0.000796 1 0.00003 0 -1 0.000796 0 0 0 0 1 1 0 0 734.064 0 0.000796 1 0 0 -1 0.000796 0 0 0 0 1 1 0 0 734.064 0 0.000796 1 -0.000015 0 -1 0.000796 0 0 0 0 1 1 0 0 734.064 0 0.000796 1 0.000015 0 -1 0.000796 0 0 0 0 1 1 0 0 734.064 0 0.000796 1 0 0 -1 0.000796 0 0 0 0 1 1 0 0 734.064 0 0.000796 1 -0.000045 0 -1 0.000796 0 0 0 0 1 1 0 0 734.064 0 0.000796 1 -0.000045 0 -1 0.000796 -0.000122 0 0 0 1 1 0 0 734.064 0 0.000796 1 -0.000061 0 -1 0.000796 0 0 0 0 1 1 0 0 734.064 0 0.000796 1 -0.000061 0 -1 0.000796 -0.000122 0 0 0 1 1 0 0 734.064 0 0.000796 1 -0.000091 0 -1 0.000796 0 0 0 0 1 1 0 0 734.064 0 0.000796 1 -0.000061 0 -1 0.000796 0 0 0 0 1 1 0 0 734.064 0 0.000796 1 -0.000045 0 -1 0.000796 0 0 0 0 1 1 0 0 734.064 0 0.000796 1 -0.000015 0 -1 0.000796 0 0 0 0 1 1 0 0 734.064 0 0.000796 1 0 0 -1 0.000796 0.000122 0 0 0 1 1 0 0 734.064 0 0.000796 1 -0.000015 0 -1 0.000796 0 0 0 0 1 1 0 0 734.064 0 0.000796 1 -0.000015 0 -1 0.000796 0.000122 0 0 0 1 1 0 0 734.064 0 0.000796 1 0 0 -1 0.000796 0.000122 0 0 0 1 1 0 0 734.064 0 0.000796 1 -0.00003 0 -1 0.000796 0 0 0 0 1 1 0 0 734.064 0 0.000796 1 0.00003 0 -1 0.000796 0.000244 0 0 0 1 1 0 0 734.064 0 0.000796 1 0 0 -1 0.000796 0.000244 0 0 0 1 1 0 0 734.064 0 0.000796 1 0 0 -1 0.000796 0 0 0 0 1 1 0 0 734.064 0 0.000796 1 -0.000122 0 -1 0.000796 0.000244 0 0 0 1 1 0 0 734.064 0 0.000796 1 0 0 -1 0.000796 0 0 0 0 1 1 0 0 734.064 0 0.000796 1 0 0 -1 0.000796 0.000488 0 0 0 1 1 0 0 734.064 0 0.000796 1 -0.000244 0 -1 0.000796 0 0 0 0 1 1 0 0 734.064 0 0.000796 1 0 0 -1 0.000796 0 0 0 0 1 1 0 0 734.064 0 0.000796 1 -0.000244 0 -1 0.000796 0 0 0 0 1 1 0 0 734.064 0 0.000796 1 0 0 -1 0.000796 0 0 0 0 1 1 0 0 734.064 0 0.000796 1 0 0 -1 0.000796 -0.000244 0 0 0 1 1 0 0 734.064 0 0.000796 1 -0.000122 0 -1 0.000796 0.000488 0 0 0 1 1 0 0 734.064 0 0.000796 1 -0.000122 0 -1 0.000796 0.000244 0 0 0 1 1 0 0 734.064 0 0.000796 1 -0.000183 0 -1 0.000796 0 0 0 0 1 1 0 0 734.064 0 0.000796 1 0.00003 0 -1 0.000796 0 0 0 0 1 1 0 0 734.064 0 0.000796 1 -0.000091 0 -1 0.000796 -0.000122 0 0 0 1 1 0 0 734.064 0 0.000796 1 -0.000061 0 -1 0.000796 0 0 0 0 1 1 0 0 734.064 0 0.000796 1 -0.000061 0 -1 0.000796 0 0 0 0 1 1 0 0 734.064 0 0.000796 1 -0.000091 0 -1 0.000796 0 0 0 0 1 1 0 0 734.064 0 0.000796 1 -0.000305 0 -1 0.000796 -0.000122 0 0 0 1 1 0 0 734.064 0 0.000796 1 0 0 -1 0.000796 0.000122 0 0 0 1 1 0 0 734.064 0 0.000796 1 0 0 -1 0.000796 0.000122 0 0 0 1 1 0 0 734.064 0 0.000796 1 -0.000122 0 -1 0.000796 0.000122 0 0 0 1 1 0 0 734.064 0 0.000796 1 -0.000244 0 -1 0.000796 0.000244 0 0 0 1 1 0 0 734.064 0 0.000796 1 -0.000122 0 -1 0.000796 0 0 0 0 1 1 0 0 734.064 0 0.000796 1 -0.000183 0 -1 0.000796 -0.000122 0 0 0 1 1 0 0 734.064 0 0.000796 1 -0.00003 0 -1 0.000796 0 0 0 0 1 1 0 0 734.064 0 0.000796 1 -0.000076 0 -1 0.000796 0 0 0 0 1 1 0 0 734.064 0 0.000796 1 -0.000061 0 -1 0.000796 0 0 0 0 1 1 0 0 734.064 0 0.000796 1 0.00003 0 -1 0.000796 0 0 0 0 1 1 0 0 734.064 0 0.000796 1 -0.000091 0 -1 0.000796 0 0 0 0 1 1 0 0 734.064 0 0.000796 1 -0.000015 0 -1 0.000796 0.000244 0 0 0 1 1 0 0 734.064 0 0.000796 1 -0.000045 0 -1 0.000796 0 0 0 0 1 1 0 0 734.064 0 0.000796 1 0 0 -1 0.000796 0 0 0 0 1 1 0 0 734.064 0 0.000796 1 -0.00003 0 -1 0.000796 0 0 0 0 1 1 0 0 734.064 0 0.000796 1 0.000061 0 -1 0.000796 0 0 0 0 1 1 0 0 734.064 0 0.000796 1 -0.000061 0 -1 0.000796 0 0 0 0 1 1 0 0 734.064 0 0.000796 1 0 0 -1 0.000796 0 0 0 0 1 1 0 0 734.064 0 0.000796 1 0.00003 0 -1 0.000796 -0.000122 0 0 0 1 1 0 0 734.064 0 0.000796 1 0 0 -1 0.000796 0 0 0 0 1 1 0 0 734.064 0 0.000796 1 -0.00003 0 -1 0.000796 0.000122 0 0 0 1 1 0 0 734.064 0 0.000796 1 0 0 -1 0.000796 0 0 0 0 1 1 0 0 734.064 0 0.000796 1 0 0 -1 0.000796 0.000244 0 0 0 1 1 0 0 734.064 0 0.000796 1 -0.00003 0 -1 0.000796 0 0 0 0 1 1 0 0 734.064 0 0.000796 1 -0.000122 0 -1 0.000796 0 0 0 0 1 1 0 0 734.064 0 0.000796 1 -0.000122 0 -1 0.000796 0 0 0 0 1 1 0 0 734.064 0 0.000796 1 0 0 -1 0.000796 -0.000122 0 0 0 1 1 0 0 734.064 0 0.000796 1 0 0 -1 0.000796 0 0 0 0 1 1 0 0 734.064 0 0.000796 1 0 0 -1 0.000796 0.000122 0 0 0 1 1 0 0 734.064 0 0.000796 1 -0.000091 0 -1 0.000796 0 0 0 0 1 1 0 0 734.064 0 0.000796 1 -0.000045 0 -1 0.000796 0 0 0 0 1 1 0 0 734.064 0 0.000796 1 -0.000045 0 -1 0.000796 0.000122 0 0 0 1 1 0 0 734.064 0 0.000796 1 0.00003 0 -1 0.000796 0.000122 0 0 0 1 1 0 0 734.064 0 0.000796 1 -0.000015 0 -1 0.000796 0 0 0 0 1 1 0 0 734.064 0 0.000796 1 -0.000061 0 -1 0.000796 0 0 0 0 1 1 0 0 734.064 0 0.000796 1 -0.000061 0 -1 0.000796 0.000122 0 0 0 1 1 0 0 734.064 0 0.000796 1 0.000061 0 -1 0.000796 -0.000244 0 0 0 1 1 0 0 734.064 0 0.000796 1 -0.000061 0 -1 0.000796 0 0 0 0 1 1 0 0 734.064 0 0.000796 1 0.000137 0 -1 0.000796 -0.000122 0 0 0 1 1 0 0 734.064 0 0.000796 1 0 0 -1 0.000796 0.000244 0 0 0 1 1 0 0 734.064 0 0.000796 1 0.000244 0 -1 0.000796 0 0 0 0 1 1 0 0 734.064 0 0.000796 1 -0.000122 0 -1 0.000796 -0.000122 0 0 0 1 1 0 0 734.064 0 0.000796 1 -0.000122 0 -1 0.000796 -0.000244 0 0 0 1 1 0 0 734.064 0 0.000796 1 0 0 -1 0.000796 -0.000244 0 0 0 1 1 0 0 734.065 0 0.000796 1 -0.000122 0 -1 0.000796 0.000122 0 0 0 1 1 0 0 734.064 0 0.000796 1 -0.000122 0 -1 0.000796 -0.000122 0 0 0 1 1 0 0 734.064 0 0.000796 1 0.000244 0 -1 0.000796 0 0 0 0 1 1 0 0 734.064 0 0.000796 1 0 0 -1 0.000796 0 0 0 0 1 1 0 0 734.064 0 0.000796 1 0 0 -1 0.000796 0 0 0 0 1 1 0 0 734.064 0 0.000796 1 0 0 -1 0.000796 0 0 0 0 1 1 0 0 734.064 0 0.000796 1 0.000244 0 -1 0.000796 0 0 0 0 1</float_array>
        <technique_common>
          <accessor source="#Bip01_L_Hand-node-transform_Bip01_L_Hand-node_transform-output-array" count="146" stride="16">
            <param name="TRANSFORM" type="float4x4"/>
          </accessor>
        </technique_common>
      </source>
      <source id="Bip01_L_Hand-node-transform_Bip01_L_Hand-node_transform-interpolations">
        <Name_array id="Bip01_L_Hand-node-transform_Bip01_L_Hand-node_transform-interpolations-array" count="146">LINEAR LINEAR LINEAR LINEAR LINEAR LINEAR LINEAR LINEAR LINEAR LINEAR LINEAR LINEAR LINEAR LINEAR LINEAR LINEAR LINEAR LINEAR LINEAR LINEAR LINEAR LINEAR LINEAR LINEAR LINEAR LINEAR LINEAR LINEAR LINEAR LINEAR LINEAR LINEAR LINEAR LINEAR LINEAR LINEAR LINEAR LINEAR LINEAR LINEAR LINEAR LINEAR LINEAR LINEAR LINEAR LINEAR LINEAR LINEAR LINEAR LINEAR LINEAR LINEAR LINEAR LINEAR LINEAR LINEAR LINEAR LINEAR LINEAR LINEAR LINEAR LINEAR LINEAR LINEAR LINEAR LINEAR LINEAR LINEAR LINEAR LINEAR LINEAR LINEAR LINEAR LINEAR LINEAR LINEAR LINEAR LINEAR LINEAR LINEAR LINEAR LINEAR LINEAR LINEAR LINEAR LINEAR LINEAR LINEAR LINEAR LINEAR LINEAR LINEAR LINEAR LINEAR LINEAR LINEAR LINEAR LINEAR LINEAR LINEAR LINEAR LINEAR LINEAR LINEAR LINEAR LINEAR LINEAR LINEAR LINEAR LINEAR LINEAR LINEAR LINEAR LINEAR LINEAR LINEAR LINEAR LINEAR LINEAR LINEAR LINEAR LINEAR LINEAR LINEAR LINEAR LINEAR LINEAR LINEAR LINEAR LINEAR LINEAR LINEAR LINEAR LINEAR LINEAR LINEAR LINEAR LINEAR LINEAR LINEAR LINEAR LINEAR LINEAR LINEAR LINEAR LINEAR</Name_array>
        <technique_common>
          <accessor source="#Bip01_L_Hand-node-transform_Bip01_L_Hand-node_transform-interpolations-array" count="146" stride="1">
            <param name="INTERPOLATION" type="Name"/>
          </accessor>
        </technique_common>
      </source>
      <sampler id="Bip01_L_Hand-node-transform_Bip01_L_Hand-node_transform-sampler">
        <input semantic="INPUT" source="#Bip01_L_Hand-node-transform_Bip01_L_Hand-node_transform-input"/>
        <input semantic="OUTPUT" source="#Bip01_L_Hand-node-transform_Bip01_L_Hand-node_transform-output"/>
        <input semantic="INTERPOLATION" source="#Bip01_L_Hand-node-transform_Bip01_L_Hand-node_transform-interpolations"/>
      </sampler>
      <channel source="#Bip01_L_Hand-node-transform_Bip01_L_Hand-node_transform-sampler" target="Bip01_L_Hand-node/transform"/>
    </animation>
    <animation id="Bip01_R_Clavicle-node-transform">
      <source id="Bip01_R_Clavicle-node-transform_Bip01_R_Clavicle-node_transform-input">
        <float_array id="Bip01_R_Clavicle-node-transform_Bip01_R_Clavicle-node_transform-input-array" count="146">0 0.1 0.2 0.3 0.4 0.5 0.6 0.7 0.8 0.9 1 1.1 1.2 1.3 1.4 1.5 1.6 1.7 1.8 1.9 2 2.1 2.2 2.3 2.4 2.5 2.6 2.7 2.8 2.9 3 3.1 3.2 3.3 3.4 3.5 3.6 3.7 3.8 3.9 4 4.1 4.2 4.3 4.4 4.5 4.6 4.7 4.8 4.9 5 5.1 5.2 5.3 5.4 5.5 5.6 5.7 5.8 5.9 6 6.1 6.2 6.3 6.4 6.5 6.6 6.7 6.8 6.9 7 7.1 7.2 7.3 7.4 7.5 7.6 7.7 7.8 7.9 8 8.1 8.2 8.3 8.4 8.5 8.6 8.7 8.8 8.9 9 9.1 9.2 9.3 9.4 9.5 9.6 9.7 9.8 9.9 10 10.1 10.2 10.3 10.4 10.5 10.6 10.7 10.8 10.9 11 11.1 11.2 11.3 11.4 11.5 11.6 11.7 11.8 11.9 12 12.1 12.2 12.3 12.4 12.5 12.6 12.7 12.8 12.9 13 13.1 13.2 13.3 13.4 13.5 13.6 13.7 13.8 13.9 14 14.1 14.2 14.3 14.4 14.5</float_array>
        <technique_common>
          <accessor source="#Bip01_R_Clavicle-node-transform_Bip01_R_Clavicle-node_transform-input-array" count="146" stride="1">
            <param name="TIME" type="float"/>
          </accessor>
        </technique_common>
        <technique profile="MAYA">
          <pre_infinity>CONSTANT</pre_infinity>
          <post_infinity>CONSTANT</post_infinity>
        </technique>
      </source>
      <source id="Bip01_R_Clavicle-node-transform_Bip01_R_Clavicle-node_transform-output">
        <float_array id="Bip01_R_Clavicle-node-transform_Bip01_R_Clavicle-node_transform-output-array" count="2336">0 -0.000796 -1 0.000244 0.000002 -1 0.000796 0.115465 -1 -0.000002 0 -126.53 0 0 0 1 0 -0.000796 -1 0 0.000002 -1 0.000796 0.115465 -1 -0.000002 0 -126.53 0 0 0 1 0 -0.000796 -1 0.000244 0.000002 -1 0.000796 0.115465 -1 -0.000002 0 -126.53 0 0 0 1 0 -0.000796 -1 0 0.000002 -1 0.000796 0.115467 -1 -0.000002 0 -126.53 0 0 0 1 0 -0.000796 -1 0.000244 0.000002 -1 0.000796 0.115465 -1 -0.000002 0 -126.53 0 0 0 1 0 -0.000796 -1 0 0.000002 -1 0.000796 0.115465 -1 -0.000002 0 -126.53 0 0 0 1 0 -0.000796 -1 0 0.000002 -1 0.000796 0.115465 -1 -0.000002 0 -126.53 0 0 0 1 0 -0.000796 -1 -0.000244 0.000002 -1 0.000796 0.115467 -1 -0.000002 0 -126.53 0 0 0 1 0 -0.000796 -1 -0.000244 0.000002 -1 0.000796 0.115465 -1 -0.000002 0 -126.53 0 0 0 1 0 -0.000796 -1 0 0.000002 -1 0.000796 0.115463 -1 -0.000002 0 -126.53 0 0 0 1 0 -0.000796 -1 0.000244 0.000002 -1 0.000796 0.115465 -1 -0.000002 0 -126.53 0 0 0 1 0 -0.000796 -1 0 0.000002 -1 0.000796 0.115465 -1 -0.000002 0 -126.53 0 0 0 1 0 -0.000796 -1 0.000244 0.000002 -1 0.000796 0.115465 -1 -0.000002 0 -126.53 0 0 0 1 0 -0.000796 -1 0 0.000002 -1 0.000796 0.115467 -1 -0.000002 0 -126.53 0 0 0 1 0 -0.000796 -1 0.000244 0.000002 -1 0.000796 0.115465 -1 -0.000002 0 -126.53 0 0 0 1 0 -0.000796 -1 0 0.000002 -1 0.000796 0.115463 -1 -0.000002 0 -126.53 0 0 0 1 0 -0.000796 -1 0 0.000002 -1 0.000796 0.115463 -1 -0.000002 0 -126.53 0 0 0 1 0 -0.000796 -1 0 0.000002 -1 0.000796 0.115463 -1 -0.000002 0 -126.53 0 0 0 1 0 -0.000796 -1 0.000244 0.000002 -1 0.000796 0.115465 -1 -0.000002 0 -126.53 0 0 0 1 0 -0.000796 -1 0.000244 0.000002 -1 0.000796 0.115465 -1 -0.000002 0 -126.53 0 0 0 1 0 -0.000796 -1 0.000244 0.000002 -1 0.000796 0.115465 -1 -0.000002 0 -126.53 0 0 0 1 0 -0.000796 -1 0 0.000002 -1 0.000796 0.115463 -1 -0.000002 0 -126.53 0 0 0 1 0 -0.000796 -1 0 0.000002 -1 0.000796 0.115465 -1 -0.000002 0 -126.53 0 0 0 1 0 -0.000796 -1 -0.000244 0.000002 -1 0.000796 0.115463 -1 -0.000002 0 -126.53 0 0 0 1 0 -0.000796 -1 0.000244 0.000002 -1 0.000796 0.115465 -1 -0.000002 0 -126.53 0 0 0 1 0 -0.000796 -1 0.000244 0.000002 -1 0.000796 0.115467 -1 -0.000002 0 -126.53 0 0 0 1 0 -0.000796 -1 0 0.000002 -1 0.000796 0.115459 -1 -0.000002 0 -126.53 0 0 0 1 0 -0.000796 -1 0.000244 0.000002 -1 0.000796 0.115463 -1 -0.000002 0 -126.53 0 0 0 1 0 -0.000796 -1 0 0.000002 -1 0.000796 0.115467 -1 -0.000002 0 -126.53 0 0 0 1 0 -0.000796 -1 0.000244 0.000002 -1 0.000796 0.115465 -1 -0.000002 0 -126.53 0 0 0 1 0 -0.000796 -1 0 0.000002 -1 0.000796 0.115479 -1 -0.000002 0 -126.53 0 0 0 1 0 -0.000796 -1 0 0.000002 -1 0.000796 0.115479 -1 -0.000002 0 -126.53 0 0 0 1 0 -0.000796 -1 0 0.000002 -1 0.000796 0.115479 -1 -0.000002 0 -126.53 0 0 0 1 0 -0.000796 -1 0 0.000002 -1 0.000796 0.115479 -1 -0.000002 0 -126.53 0 0 0 1 0 -0.000796 -1 0 0.000002 -1 0.000796 0.115479 -1 -0.000002 0 -126.53 0 0 0 1 0 -0.000796 -1 0 0.000002 -1 0.000796 0.115448 -1 -0.000002 0 -126.53 0 0 0 1 0 -0.000796 -1 0 0.000002 -1 0.000796 0.115448 -1 -0.000002 0 -126.53 0 0 0 1 0 -0.000796 -1 0 0.000002 -1 0.000796 0.115448 -1 -0.000002 0 -126.53 0 0 0 1 0 -0.000796 -1 0 0.000002 -1 0.000796 0.115448 -1 -0.000002 0 -126.53 0 0 0 1 0 -0.000796 -1 0 0.000002 -1 0.000796 0.115448 -1 -0.000002 0 -126.53 0 0 0 1 0 -0.000796 -1 0 0.000002 -1 0.000796 0.115448 -1 -0.000002 0 -126.53 0 0 0 1 0 -0.000796 -1 0 0.000002 -1 0.000796 0.115448 -1 -0.000002 0 -126.53 0 0 0 1 0 -0.000796 -1 0 0.000002 -1 0.000796 0.115448 -1 -0.000002 0 -126.53 0 0 0 1 0 -0.000796 -1 0 0.000002 -1 0.000796 0.115448 -1 -0.000002 0 -126.53 0 0 0 1 0 -0.000796 -1 0.000244 0.000002 -1 0.000796 0.115465 -1 -0.000002 0 -126.53 0 0 0 1 0 -0.000796 -1 0 0.000002 -1 0.000796 0.115463 -1 -0.000002 0 -126.53 0 0 0 1 0 -0.000796 -1 0 0.000002 -1 0.000796 0.115471 -1 -0.000002 0 -126.53 0 0 0 1 0 -0.000796 -1 0.000244 0.000002 -1 0.000796 0.115459 -1 -0.000002 0 -126.53 0 0 0 1 0 -0.000796 -1 0 0.000002 -1 0.000796 0.115467 -1 -0.000002 0 -126.53 0 0 0 1 0 -0.000796 -1 -0.000244 0.000002 -1 0.000796 0.115463 -1 -0.000002 0 -126.53 0 0 0 1 0 -0.000796 -1 0 0.000002 -1 0.000796 0.115463 -1 -0.000002 0 -126.53 0 0 0 1 0 -0.000796 -1 0.000244 0.000002 -1 0.000796 0.115463 -1 -0.000002 0 -126.53 0 0 0 1 0 -0.000796 -1 0 0.000002 -1 0.000796 0.115465 -1 -0.000002 0 -126.53 0 0 0 1 0 -0.000796 -1 0 0.000002 -1 0.000796 0.115465 -1 -0.000002 0 -126.53 0 0 0 1 0 -0.000796 -1 0 0.000002 -1 0.000796 0.115465 -1 -0.000002 0 -126.53 0 0 0 1 0 -0.000796 -1 0.000244 0.000002 -1 0.000796 0.115467 -1 -0.000002 0 -126.53 0 0 0 1 0 -0.000796 -1 0 0.000002 -1 0.000796 0.115463 -1 -0.000002 0 -126.53 0 0 0 1 0 -0.000796 -1 0.000244 0.000002 -1 0.000796 0.115465 -1 -0.000002 0 -126.53 0 0 0 1 0 -0.000796 -1 0.000244 0.000002 -1 0.000796 0.115463 -1 -0.000002 0 -126.53 0 0 0 1 0 -0.000796 -1 0 0.000002 -1 0.000796 0.115461 -1 -0.000002 0 -126.53 0 0 0 1 0 -0.000796 -1 0 0.000002 -1 0.000796 0.115465 -1 -0.000002 0 -126.53 0 0 0 1 0 -0.000796 -1 0 0.000002 -1 0.000796 0.115465 -1 -0.000002 0 -126.53 0 0 0 1 0 -0.000796 -1 0 0.000002 -1 0.000796 0.115463 -1 -0.000002 0 -126.53 0 0 0 1 0 -0.000796 -1 0 0.000002 -1 0.000796 0.115463 -1 -0.000002 0 -126.53 0 0 0 1 0 -0.000796 -1 0 0.000002 -1 0.000796 0.115467 -1 -0.000002 0 -126.53 0 0 0 1 0 -0.000796 -1 0 0.000002 -1 0.000796 0.115463 -1 -0.000002 0 -126.53 0 0 0 1 0 -0.000796 -1 0 0.000002 -1 0.000796 0.115463 -1 -0.000002 0 -126.53 0 0 0 1 0 -0.000796 -1 0 0.000002 -1 0.000796 0.115465 -1 -0.000002 0 -126.53 0 0 0 1 0 -0.000796 -1 0 0.000002 -1 0.000796 0.115465 -1 -0.000002 0 -126.53 0 0 0 1 0 -0.000796 -1 0 0.000002 -1 0.000796 0.115465 -1 -0.000002 0 -126.53 0 0 0 1 0 -0.000796 -1 0.000488 0.000002 -1 0.000796 0.115465 -1 -0.000002 0 -126.53 0 0 0 1 0 -0.000796 -1 0.000244 0.000002 -1 0.000796 0.115463 -1 -0.000002 0 -126.53 0 0 0 1 0 -0.000796 -1 0.000244 0.000002 -1 0.000796 0.115463 -1 -0.000002 0 -126.53 0 0 0 1 0 -0.000796 -1 0.000244 0.000002 -1 0.000796 0.115486 -1 -0.000002 0 -126.53 0 0 0 1 0 -0.000796 -1 -0.000244 0.000002 -1 0.000796 0.115448 -1 -0.000002 0 -126.53 0 0 0 1 0 -0.000796 -1 0.000244 0.000002 -1 0.000796 0.115448 -1 -0.000002 0 -126.53 0 0 0 1 0 -0.000796 -1 0 0.000002 -1 0.000796 0.115463 -1 -0.000002 0 -126.53 0 0 0 1 0 -0.000796 -1 0.000244 0.000002 -1 0.000796 0.115479 -1 -0.000002 0 -126.53 0 0 0 1 0 -0.000796 -1 0 0.000002 -1 0.000796 0.115463 -1 -0.000002 0 -126.53 0 0 0 1 0 -0.000796 -1 -0.000244 0.000002 -1 0.000796 0.115448 -1 -0.000002 0 -126.53 0 0 0 1 0 -0.000796 -1 0 0.000002 -1 0.000796 0.115479 -1 -0.000002 0 -126.53 0 0 0 1 0 -0.000796 -1 0.000244 0.000002 -1 0.000796 0.115463 -1 -0.000002 0 -126.53 0 0 0 1 0 -0.000796 -1 -0.000244 0.000002 -1 0.000796 0.115448 -1 -0.000002 0 -126.53 0 0 0 1 0 -0.000796 -1 -0.000244 0.000002 -1 0.000796 0.11544 -1 -0.000002 0 -126.53 0 0 0 1 0 -0.000796 -1 -0.000244 0.000002 -1 0.000796 0.115471 -1 -0.000002 0 -126.53 0 0 0 1 0 -0.000796 -1 0 0.000002 -1 0.000796 0.115467 -1 -0.000002 0 -126.53 0 0 0 1 0 -0.000796 -1 0 0.000002 -1 0.000796 0.115465 -1 -0.000002 0 -126.53 0 0 0 1 0 -0.000796 -1 0.000244 0.000002 -1 0.000796 0.115465 -1 -0.000002 0 -126.53 0 0 0 1 0 -0.000796 -1 0.000244 0.000002 -1 0.000796 0.115467 -1 -0.000002 0 -126.53 0 0 0 1 0 -0.000796 -1 0.000244 0.000002 -1 0.000796 0.115467 -1 -0.000002 0 -126.53 0 0 0 1 0 -0.000796 -1 0.000244 0.000002 -1 0.000796 0.115465 -1 -0.000002 0 -126.53 0 0 0 1 0 -0.000796 -1 0.000244 0.000002 -1 0.000796 0.115465 -1 -0.000002 0 -126.53 0 0 0 1 0 -0.000796 -1 0 0.000002 -1 0.000796 0.115463 -1 -0.000002 0 -126.53 0 0 0 1 0 -0.000796 -1 0.000244 0.000002 -1 0.000796 0.115463 -1 -0.000002 0 -126.53 0 0 0 1 0 -0.000796 -1 0.000244 0.000002 -1 0.000796 0.115448 -1 -0.000002 0 -126.53 0 0 0 1 0 -0.000796 -1 0 0.000002 -1 0.000796 0.115463 -1 -0.000002 0 -126.53 0 0 0 1 0 -0.000796 -1 0 0.000002 -1 0.000796 0.115456 -1 -0.000002 0 -126.53 0 0 0 1 0 -0.000796 -1 0 0.000002 -1 0.000796 0.115479 -1 -0.000002 0 -126.53 0 0 0 1 0 -0.000796 -1 -0.000244 0.000002 -1 0.000796 0.115448 -1 -0.000002 0 -126.53 0 0 0 1 0 -0.000796 -1 0.000244 0.000002 -1 0.000796 0.115479 -1 -0.000002 0 -126.53 0 0 0 1 0 -0.000796 -1 0.000244 0.000002 -1 0.000796 0.115463 -1 -0.000002 0 -126.53 0 0 0 1 0 -0.000796 -1 0 0.000002 -1 0.000796 0.115465 -1 -0.000002 0 -126.53 0 0 0 1 0 -0.000796 -1 0.000244 0.000002 -1 0.000796 0.115463 -1 -0.000002 0 -126.53 0 0 0 1 0 -0.000796 -1 0.000488 0.000002 -1 0.000796 0.115463 -1 -0.000002 0 -126.53 0 0 0 1 0 -0.000796 -1 0 0.000002 -1 0.000796 0.115463 -1 -0.000002 0 -126.53 0 0 0 1 0 -0.000796 -1 0 0.000002 -1 0.000796 0.115471 -1 -0.000002 0 -126.53 0 0 0 1 0 -0.000796 -1 0.000244 0.000002 -1 0.000796 0.115471 -1 -0.000002 0 -126.53 0 0 0 1 0 -0.000796 -1 0 0.000002 -1 0.000796 0.115463 -1 -0.000002 0 -126.53 0 0 0 1 0 -0.000796 -1 0 0.000002 -1 0.000796 0.115463 -1 -0.000002 0 -126.53 0 0 0 1 0 -0.000796 -1 -0.000244 0.000002 -1 0.000796 0.115479 -1 -0.000002 0 -126.53 0 0 0 1 0 -0.000796 -1 -0.000244 0.000002 -1 0.000796 0.115448 -1 -0.000002 0 -126.53 0 0 0 1 0 -0.000796 -1 0 0.000002 -1 0.000796 0.115463 -1 -0.000002 0 -126.53 0 0 0 1 0 -0.000796 -1 0 0.000002 -1 0.000796 0.115463 -1 -0.000002 0 -126.53 0 0 0 1 0 -0.000796 -1 0.000244 0.000002 -1 0.000796 0.115479 -1 -0.000002 0 -126.53 0 0 0 1 0 -0.000796 -1 0 0.000002 -1 0.000796 0.115463 -1 -0.000002 0 -126.53 0 0 0 1 0 -0.000796 -1 0 0.000002 -1 0.000796 0.115479 -1 -0.000002 0 -126.53 0 0 0 1 0 -0.000796 -1 0 0.000002 -1 0.000796 0.115463 -1 -0.000002 0 -126.53 0 0 0 1 0 -0.000796 -1 0 0.000002 -1 0.000796 0.115448 -1 -0.000002 0 -126.53 0 0 0 1 0 -0.000796 -1 0 0.000002 -1 0.000796 0.115448 -1 -0.000002 0 -126.53 0 0 0 1 0 -0.000796 -1 0 0.000002 -1 0.000796 0.115463 -1 -0.000002 0 -126.53 0 0 0 1 0 -0.000796 -1 -0.000244 0.000002 -1 0.000796 0.115463 -1 -0.000002 0 -126.53 0 0 0 1 0 -0.000796 -1 0.000244 0.000002 -1 0.000796 0.115479 -1 -0.000002 0 -126.53 0 0 0 1 0 -0.000796 -1 0 0.000002 -1 0.000796 0.115479 -1 -0.000002 0 -126.53 0 0 0 1 0 -0.000796 -1 0.000244 0.000002 -1 0.000796 0.115471 -1 -0.000002 0 -126.53 0 0 0 1 0 -0.000796 -1 0.000488 0.000002 -1 0.000796 0.115459 -1 -0.000002 0 -126.53 0 0 0 1 0 -0.000796 -1 0.000244 0.000002 -1 0.000796 0.115463 -1 -0.000002 0 -126.53 0 0 0 1 0 -0.000796 -1 -0.000244 0.000002 -1 0.000796 0.115464 -1 -0.000002 0 -126.53 0 0 0 1 0 -0.000796 -1 0.000244 0.000002 -1 0.000796 0.115465 -1 -0.000002 0 -126.53 0 0 0 1 0 -0.000796 -1 0.000244 0.000002 -1 0.000796 0.115467 -1 -0.000002 0 -126.53 0 0 0 1 0 -0.000796 -1 0.000244 0.000002 -1 0.000796 0.115465 -1 -0.000002 0 -126.53 0 0 0 1 0 -0.000796 -1 0.000244 0.000002 -1 0.000796 0.115509 -1 -0.000002 0 -126.53 0 0 0 1 0 -0.000796 -1 0.000244 0.000002 -1 0.000796 0.115479 -1 -0.000002 0 -126.53 0 0 0 1 0 -0.000796 -1 0.000488 0.000002 -1 0.000796 0.115463 -1 -0.000002 0 -126.53 0 0 0 1 0 -0.000796 -1 0 0.000002 -1 0.000796 0.115448 -1 -0.000002 0 -126.53 0 0 0 1 0 -0.000796 -1 0.000488 0.000002 -1 0.000796 0.115463 -1 -0.000002 0 -126.53 0 0 0 1 0 -0.000796 -1 0 0.000002 -1 0.000796 0.115479 -1 -0.000002 0 -126.53 0 0 0 1 0 -0.000796 -1 0.000244 0.000002 -1 0.000796 0.115479 -1 -0.000002 0 -126.53 0 0 0 1 0 -0.000796 -1 -0.000244 0.000002 -1 0.000796 0.115417 -1 -0.000002 0 -126.53 0 0 0 1 0 -0.000796 -1 0 0.000002 -1 0.000796 0.115417 -1 -0.000002 0 -126.53 0 0 0 1 0 -0.000796 -1 0.000244 0.000002 -1 0.000796 0.115356 -1 -0.000002 0 -126.53 0 0 0 1 0 -0.000796 -1 0.000244 0.000002 -1 0.000796 0.115479 -1 -0.000002 0 -126.53 0 0 0 1 0 -0.000796 -1 0 0.000002 -1 0.000796 0.115463 -1 -0.000002 0 -126.53 0 0 0 1 0 -0.000796 -1 -0.000244 0.000002 -1 0.000796 0.115479 -1 -0.000002 0 -126.53 0 0 0 1 0 -0.000796 -1 0 0.000002 -1 0.000796 0.115509 -1 -0.000002 0 -126.53 0 0 0 1 0 -0.000796 -1 0 0.000002 -1 0.000796 0.115463 -1 -0.000002 0 -126.53 0 0 0 1 0 -0.000796 -1 0 0.000002 -1 0.000796 0.115463 -1 -0.000002 0 -126.53 0 0 0 1</float_array>
        <technique_common>
          <accessor source="#Bip01_R_Clavicle-node-transform_Bip01_R_Clavicle-node_transform-output-array" count="146" stride="16">
            <param name="TRANSFORM" type="float4x4"/>
          </accessor>
        </technique_common>
      </source>
      <source id="Bip01_R_Clavicle-node-transform_Bip01_R_Clavicle-node_transform-interpolations">
        <Name_array id="Bip01_R_Clavicle-node-transform_Bip01_R_Clavicle-node_transform-interpolations-array" count="146">LINEAR LINEAR LINEAR LINEAR LINEAR LINEAR LINEAR LINEAR LINEAR LINEAR LINEAR LINEAR LINEAR LINEAR LINEAR LINEAR LINEAR LINEAR LINEAR LINEAR LINEAR LINEAR LINEAR LINEAR LINEAR LINEAR LINEAR LINEAR LINEAR LINEAR LINEAR LINEAR LINEAR LINEAR LINEAR LINEAR LINEAR LINEAR LINEAR LINEAR LINEAR LINEAR LINEAR LINEAR LINEAR LINEAR LINEAR LINEAR LINEAR LINEAR LINEAR LINEAR LINEAR LINEAR LINEAR LINEAR LINEAR LINEAR LINEAR LINEAR LINEAR LINEAR LINEAR LINEAR LINEAR LINEAR LINEAR LINEAR LINEAR LINEAR LINEAR LINEAR LINEAR LINEAR LINEAR LINEAR LINEAR LINEAR LINEAR LINEAR LINEAR LINEAR LINEAR LINEAR LINEAR LINEAR LINEAR LINEAR LINEAR LINEAR LINEAR LINEAR LINEAR LINEAR LINEAR LINEAR LINEAR LINEAR LINEAR LINEAR LINEAR LINEAR LINEAR LINEAR LINEAR LINEAR LINEAR LINEAR LINEAR LINEAR LINEAR LINEAR LINEAR LINEAR LINEAR LINEAR LINEAR LINEAR LINEAR LINEAR LINEAR LINEAR LINEAR LINEAR LINEAR LINEAR LINEAR LINEAR LINEAR LINEAR LINEAR LINEAR LINEAR LINEAR LINEAR LINEAR LINEAR LINEAR LINEAR LINEAR LINEAR LINEAR LINEAR LINEAR LINEAR LINEAR</Name_array>
        <technique_common>
          <accessor source="#Bip01_R_Clavicle-node-transform_Bip01_R_Clavicle-node_transform-interpolations-array" count="146" stride="1">
            <param name="INTERPOLATION" type="Name"/>
          </accessor>
        </technique_common>
      </source>
      <sampler id="Bip01_R_Clavicle-node-transform_Bip01_R_Clavicle-node_transform-sampler">
        <input semantic="INPUT" source="#Bip01_R_Clavicle-node-transform_Bip01_R_Clavicle-node_transform-input"/>
        <input semantic="OUTPUT" source="#Bip01_R_Clavicle-node-transform_Bip01_R_Clavicle-node_transform-output"/>
        <input semantic="INTERPOLATION" source="#Bip01_R_Clavicle-node-transform_Bip01_R_Clavicle-node_transform-interpolations"/>
      </sampler>
      <channel source="#Bip01_R_Clavicle-node-transform_Bip01_R_Clavicle-node_transform-sampler" target="Bip01_R_Clavicle-node/transform"/>
    </animation>
    <animation id="Bip01_R_UpperArm-node-transform">
      <source id="Bip01_R_UpperArm-node-transform_Bip01_R_UpperArm-node_transform-input">
        <float_array id="Bip01_R_UpperArm-node-transform_Bip01_R_UpperArm-node_transform-input-array" count="146">0 0.1 0.2 0.3 0.4 0.5 0.6 0.7 0.8 0.9 1 1.1 1.2 1.3 1.4 1.5 1.6 1.7 1.8 1.9 2 2.1 2.2 2.3 2.4 2.5 2.6 2.7 2.8 2.9 3 3.1 3.2 3.3 3.4 3.5 3.6 3.7 3.8 3.9 4 4.1 4.2 4.3 4.4 4.5 4.6 4.7 4.8 4.9 5 5.1 5.2 5.3 5.4 5.5 5.6 5.7 5.8 5.9 6 6.1 6.2 6.3 6.4 6.5 6.6 6.7 6.8 6.9 7 7.1 7.2 7.3 7.4 7.5 7.6 7.7 7.8 7.9 8 8.1 8.2 8.3 8.4 8.5 8.6 8.7 8.8 8.9 9 9.1 9.2 9.3 9.4 9.5 9.6 9.7 9.8 9.9 10 10.1 10.2 10.3 10.4 10.5 10.6 10.7 10.8 10.9 11 11.1 11.2 11.3 11.4 11.5 11.6 11.7 11.8 11.9 12 12.1 12.2 12.3 12.4 12.5 12.6 12.7 12.8 12.9 13 13.1 13.2 13.3 13.4 13.5 13.6 13.7 13.8 13.9 14 14.1 14.2 14.3 14.4 14.5</float_array>
        <technique_common>
          <accessor source="#Bip01_R_UpperArm-node-transform_Bip01_R_UpperArm-node_transform-input-array" count="146" stride="1">
            <param name="TIME" type="float"/>
          </accessor>
        </technique_common>
        <technique profile="MAYA">
          <pre_infinity>CONSTANT</pre_infinity>
          <post_infinity>CONSTANT</post_infinity>
        </technique>
      </source>
      <source id="Bip01_R_UpperArm-node-transform_Bip01_R_UpperArm-node_transform-output">
        <float_array id="Bip01_R_UpperArm-node-transform_Bip01_R_UpperArm-node_transform-output-array" count="2336">0.315162 -0.172237 -0.933278 566.828 0.521382 0.85312 0.018624 0.000001 0.79299 -0.492464 0.358673 0 0 0 0 1 0.438864 -0.013005 -0.898459 566.828 0.068394 0.997478 0.018969 0.000001 0.895947 -0.069774 0.438647 0 0 0 0 1 0.321858 0.159375 -0.933278 566.828 -0.399782 0.916421 0.018624 0.000001 0.858243 0.367114 0.358673 0 0 0 0 1 0.269588 -0.000953 -0.962975 566.828 0.068673 0.997473 0.018237 0.000001 0.960524 -0.071047 0.268972 -0.000244 0 0 0 1 0.315162 -0.172237 -0.933278 566.828 0.521382 0.85312 0.018624 0.000001 0.79299 -0.492464 0.358673 0 0 0 0 1 0.299177 -0.276828 -0.913159 566.829 0.400156 0.905174 -0.143305 0.000001 0.866238 -0.322532 0.381581 0.000244 0 0 0 1 0.290845 -0.375545 -0.879986 566.828 0.265651 0.91528 -0.302806 0.000001 0.919151 -0.1457 0.365969 0 0 0 0 1 0.293321 -0.468463 -0.83337 566.828 0.123848 0.882987 -0.452764 0.000001 0.947958 0.029593 0.317017 0 0 0 0 1 0.31044 -0.552835 -0.773305 566.829 -0.018947 0.809737 -0.586487 0.000001 0.950404 0.196721 0.2409 0 0 0 0 1 0.345663 -0.623294 -0.701443 566.828 -0.156386 0.698801 -0.698012 0.000001 0.925235 0.350973 0.144075 0 0 0 0 1 0.400935 -0.67262 -0.621959 566.828 -0.282362 0.555132 -0.782369 0.000001 0.871506 0.489297 0.032649 0 0 0 0 1 0.475259 -0.627207 -0.617041 566.828 -0.282527 0.555376 -0.782136 0.000001 0.833251 0.546048 0.086744 0 0 0 0 1 0.400935 -0.67262 -0.621959 566.828 -0.282362 0.555132 -0.782369 0.000001 0.871506 0.489297 0.032649 0 0 0 0 1 0.316992 -0.71603 -0.621946 566.828 -0.282216 0.554848 -0.782622 0.000001 0.905467 0.423608 -0.026192 -0.000244 0 0 0 1 0.400935 -0.67262 -0.621959 566.828 -0.282362 0.555132 -0.782369 0.000001 0.871506 0.489297 0.032649 0 0 0 0 1 0.418078 -0.680068 -0.602261 566.828 -0.295656 0.525019 -0.798087 0.000001 0.858952 0.511724 0.018432 0 0 0 0 1 0.43095 -0.700198 -0.569213 566.828 -0.316824 0.47323 -0.821995 0.000001 0.844928 0.53458 -0.017901 0 0 0 0 1 0.428853 -0.707027 -0.562314 566.828 -0.320899 0.462637 -0.826433 0.000001 0.844458 0.534865 -0.028481 -0.000244 0 0 0 1 0.400935 -0.67262 -0.621959 566.828 -0.282362 0.555132 -0.782369 0.000001 0.871506 0.489297 0.032649 0 0 0 0 1 0.330411 -0.125589 -0.935444 566.828 0.156885 0.984628 -0.076778 0.000001 0.930707 -0.121389 0.345035 0 0 0 0 1 0.330411 -0.125589 -0.935444 566.828 0.156885 0.984628 -0.076778 0.000001 0.930707 -0.121389 0.345035 0 0 0 0 1 0.322004 -0.175528 -0.930325 566.828 0.173494 0.976962 -0.124277 0.000001 0.930706 -0.121388 0.345038 0 0 0 0 1 0.315486 -0.210927 -0.925191 566.828 0.185085 0.969935 -0.158015 0.000001 0.930705 -0.121388 0.34504 0 0 0 0 1 0.322721 -0.171466 -0.930833 566.828 0.172154 0.977683 -0.12041 0.000001 0.930706 -0.121388 0.345038 -0.000244 0 0 0 1 0.330411 -0.125589 -0.935444 566.828 0.156885 0.984628 -0.076778 0.000001 0.930707 -0.121389 0.345035 0 0 0 0 1 0.331496 -0.118168 -0.936027 566.828 0.157715 0.985106 -0.068508 0.000001 0.930181 -0.124915 0.345195 0.000244 0 0 0 1 0.329753 -0.122423 -0.936096 566.828 0.177289 0.981946 -0.065966 0.000001 0.927271 -0.144207 0.345503 -0.000244 0 0 0 1 0.323834 -0.138733 -0.935887 566.829 0.221511 0.972815 -0.06756 0.000001 0.919818 -0.185431 0.345761 0.000244 0 0 0 1 0.318907 -0.151522 -0.935596 566.828 0.248609 0.965947 -0.071696 0.000001 0.914599 -0.209733 0.345717 0.000244 0 0 0 1 0.330411 -0.125589 -0.935444 566.828 0.156885 0.984628 -0.076778 0.000001 0.930707 -0.121389 0.345035 0 0 0 0 1 0.333836 0.116178 -0.935444 566.828 -0.579714 0.807823 -0.106558 0.000001 0.743293 0.577863 0.337031 0 0 0 0 1 0.338031 0.103339 -0.935444 566.828 -0.548428 0.829381 -0.106558 0.000001 0.764828 0.549044 0.337031 0 0 0 0 1 0.353439 -0.005007 -0.935444 566.828 -0.268461 0.957379 -0.106558 0.000001 0.896108 0.288792 0.337031 0 0 0 0 1 0.352948 0.019289 -0.935444 566.828 -0.333609 0.93667 -0.106558 0.000001 0.874147 0.349682 0.337031 0 0 0 0 1 0.333836 0.116178 -0.935444 566.828 -0.579714 0.807823 -0.106558 0.000001 0.743293 0.577863 0.337031 0 0 0 0 1 0.35253 0.025815 -0.935444 566.828 -0.350881 0.930338 -0.106558 0.000001 0.867528 0.365794 0.337031 -0.000244 0 0 0 1 0.273969 0.22335 -0.935444 566.828 -0.821045 0.560831 -0.106558 0.000001 0.500827 0.797235 0.337031 0 0 0 0 1 0.284104 0.210307 -0.935444 566.828 -0.793948 0.598576 -0.106558 0.000001 0.537524 0.772967 0.337031 0 0 0 0 1 0.333836 0.116178 -0.935444 566.828 -0.579714 0.807823 -0.106558 0.000001 0.743293 0.577863 0.337031 0 0 0 0 1 0.324573 0.139988 -0.935444 566.828 -0.636549 0.763839 -0.106558 0.000001 0.699612 0.630042 0.337031 0 0 0 0 1 0.273969 0.22335 -0.935444 566.828 -0.821045 0.560831 -0.106558 0.000001 0.500827 0.797235 0.337031 0 0 0 0 1 0.285023 0.209059 -0.935444 566.828 -0.791315 0.602052 -0.106558 0.000001 0.540909 0.770603 0.337031 0 0 0 0 1 0.333836 0.116178 -0.935444 566.828 -0.579714 0.807823 -0.106558 0.000001 0.743293 0.577863 0.337031 0 0 0 0 1 0.348939 0.056442 -0.935444 566.828 -0.43063 0.896216 -0.106558 0.000001 0.832346 0.440012 0.337031 0 0 0 0 1 0.330411 -0.125589 -0.935444 566.828 0.156885 0.984628 -0.076778 0.000001 0.930707 -0.121389 0.345035 0 0 0 0 1 0.33202 -0.115373 -0.93619 566.828 0.159867 0.985016 -0.064693 0.000001 0.929626 -0.128186 0.34549 0 0 0 0 1 0.333969 -0.102662 -0.936977 566.828 0.158989 0.985944 -0.051358 0.000001 0.929079 -0.131817 0.345597 0 0 0 0 1 0.336056 -0.08859 -0.937666 566.828 0.155242 0.987159 -0.037628 0.000001 0.92896 -0.13292 0.345493 0 0 0 0 1 0.338088 -0.074308 -0.938176 566.828 0.149653 0.988439 -0.024359 0.000001 0.92914 -0.132165 0.345299 0 0 0 0 1 0.339892 -0.060978 -0.938486 566.828 0.143281 0.989604 -0.012407 0.000001 0.929486 -0.130249 0.345095 0 0 0 0 1 0.341313 -0.049772 -0.938631 566.828 0.137215 0.990538 -0.002629 0.000001 0.92988 -0.127897 0.344913 -0.000244 0 0 0 1 0.342206 -0.041868 -0.938692 566.828 0.132568 0.991165 0.004119 0.000001 0.930226 -0.125851 0.344734 0 0 0 0 1 0.342427 -0.038442 -0.938758 566.828 0.13046 0.991429 0.006988 0.000001 0.930443 -0.124863 0.344507 0 0 0 0 1 0.341806 -0.040663 -0.93889 566.828 0.131998 0.991237 0.005123 0.000001 0.930454 -0.125683 0.344178 -0.000244 0 0 0 1 0.33999 -0.05064 -0.939065 566.829 0.137577 0.990485 -0.003603 0.000001 0.930312 -0.127968 0.343722 0 0 0 0 1 0.33683 -0.068275 -0.939087 566.828 0.146373 0.989039 -0.019406 0.000001 0.930118 -0.13092 0.343132 0 0 0 0 1 0.332425 -0.091404 -0.93869 566.828 0.157611 0.98668 -0.040261 0.000001 0.929867 -0.134564 0.342404 0 0 0 0 1 0.32692 -0.11784 -0.937677 566.828 0.170472 0.983273 -0.064134 0.000001 0.92955 -0.138881 0.34154 0 0 0 0 1 0.320561 -0.145386 -0.936004 566.828 0.184107 0.978869 -0.088991 0.000001 0.929164 -0.143798 0.340554 0 0 0 0 1 0.313738 -0.171858 -0.933827 566.828 0.197653 0.97376 -0.112802 0.000001 0.92871 -0.149183 0.339474 -0.000244 0 0 0 1 0.306994 -0.1951 -0.931499 566.828 0.210244 0.968484 -0.133556 0.000001 0.928198 -0.154841 0.338337 0 0 0 0 1 0.301025 -0.212991 -0.929526 566.828 0.221019 0.96378 -0.149264 0.000001 0.92765 -0.16051 0.337197 0 0 0 0 1 0.296643 -0.223443 -0.92848 566.828 0.229105 0.960501 -0.157951 0.000001 0.927099 -0.165865 0.336118 0.000244 0 0 0 1 0.294236 -0.226333 -0.928546 566.828 0.234193 0.959009 -0.159548 0.000001 0.926595 -0.170514 0.335181 0 0 0 0 1 0.293621 -0.223602 -0.929402 566.828 0.236518 0.959021 -0.156006 0.000001 0.9262 -0.174014 0.334474 0 0 0 0 1 0.294766 -0.216221 -0.930785 566.828 0.235934 0.960375 -0.148377 0.000001 0.925985 -0.175867 0.3341 -0.000244 0 0 0 1 0.297582 -0.205127 -0.932399 566.828 0.232221 0.962865 -0.137715 0.000001 0.926023 -0.175541 0.334166 0 0 0 0 1 0.30192 -0.191235 -0.933956 566.829 0.225105 0.966272 -0.125082 0.000001 0.926376 -0.172474 0.334785 -0.000244 0 0 0 1 0.307589 -0.175441 -0.935205 566.828 0.214288 0.970379 -0.11156 0.000001 0.927076 -0.166089 0.336073 0 0 0 0 1 0.314368 -0.158639 -0.935952 566.828 0.199474 0.974965 -0.098251 0.000001 0.928107 -0.155811 0.338142 -0.000244 0 0 0 1 0.322036 -0.14172 -0.93606 566.828 0.180404 0.979801 -0.086277 0.000001 0.92938 -0.141084 0.341098 0.000244 0 0 0 1 0.330411 -0.125589 -0.935444 566.828 0.156885 0.984628 -0.076778 0.000001 0.930707 -0.121389 0.345035 0 0 0 0 1 0.337569 -0.118735 -0.933782 566.828 0.134184 0.987951 -0.077114 0.000001 0.931688 -0.099267 0.349434 -0.000244 0 0 0 1 0.386679 -0.060723 -0.920213 566.828 0.002212 0.997888 -0.064919 0.000001 0.922212 0.023067 0.385997 0 0 0 0 1 0.432718 0.025815 -0.90116 566.828 -0.190119 0.979723 -0.063224 0.000001 0.881255 0.198686 0.428852 0 0 0 0 1 0.43457 0.030713 -0.900114 566.828 -0.19423 0.979097 -0.060364 0.000001 0.879445 0.201061 0.431452 0 0 0 0 1 0.438274 0.041136 -0.8979 566.828 -0.216926 0.974265 -0.061248 0.000001 0.872272 0.221622 0.435918 0 0 0 0 1 0.440354 0.047421 -0.896571 566.828 -0.233305 0.970343 -0.063265 0.000001 0.866982 0.237034 0.438358 0.000244 0 0 0 1 0.438585 0.042053 -0.897705 566.828 -0.224348 0.972402 -0.064054 0.000001 0.870237 0.229492 0.435915 0.000244 0 0 0 1 0.432718 0.025815 -0.90116 566.828 -0.190119 0.979723 -0.063224 0.000001 0.881255 0.198686 0.428852 0 0 0 0 1 0.432056 0.02411 -0.901524 566.828 -0.192141 0.979153 -0.065897 0.000001 0.881141 0.201691 0.427681 0.000244 0 0 0 1 0.429898 0.0187 -0.902684 566.828 -0.186275 0.980113 -0.068407 0.000001 0.883453 0.197556 0.424832 0 0 0 0 1 0.425744 0.008876 -0.9048 566.828 -0.170281 0.982872 -0.070481 0.000001 0.888677 0.184077 0.419963 0 0 0 0 1 0.418833 -0.006057 -0.908043 566.828 -0.141633 0.987304 -0.071914 0.000001 0.89695 0.158729 0.412658 0 0 0 0 1 0.4083 -0.026208 -0.912471 566.828 -0.098783 0.992449 -0.072707 0.000001 0.907487 0.119824 0.402628 0.000244 0 0 0 1 0.393501 -0.050637 -0.917929 566.828 -0.042414 0.996419 -0.073149 0.000001 0.918345 0.067718 0.389944 0 0 0 0 1 0.374509 -0.077251 -0.923999 566.828 0.023749 0.996996 -0.073728 0.000001 0.926919 0.005667 0.375219 0 0 0 0 1 0.352609 -0.10319 -0.930064 566.828 0.093012 0.992844 -0.074892 0.000001 0.931137 -0.060099 0.359683 0 0 0 0 1 0.330411 -0.125589 -0.935444 566.828 0.156885 0.984628 -0.076778 0.000001 0.930707 -0.121389 0.345035 0 0 0 0 1 0.330411 -0.125589 -0.935444 566.828 0.156885 0.984628 -0.076778 0.000001 0.930707 -0.121389 0.345035 0.000244 0 0 0 1 0.330411 -0.125589 -0.935444 566.828 0.156885 0.984628 -0.076778 0.000001 0.930707 -0.121389 0.345035 0 0 0 0 1 0.330411 -0.125589 -0.935444 566.828 0.156885 0.984628 -0.076778 0.000001 0.930707 -0.121389 0.345035 0 0 0 0 1 0.318208 -0.153908 -0.935444 566.828 0.238415 0.968013 -0.078165 0.000001 0.917552 -0.198152 0.344723 0.000244 0 0 0 1 0.323264 -0.142985 -0.935444 566.828 0.201603 0.976232 -0.07955 0.000001 0.924585 -0.162872 0.344406 0.000244 0 0 0 1 0.330591 -0.125115 -0.935444 566.828 0.155474 0.984852 -0.076777 0.000001 0.93088 -0.120055 0.345035 0 0 0 0 1 0.33667 -0.10769 -0.935444 566.828 0.131864 0.989041 -0.066401 0.000001 0.932344 -0.100996 0.347181 0 0 0 0 1 0.339432 -0.098641 -0.935444 566.828 0.144894 0.9881 -0.051618 0.000001 0.929404 -0.118019 0.349685 0.000244 0 0 0 1 0.332929 -0.118755 -0.935444 566.828 0.238434 0.970402 -0.038332 0.000001 0.912309 -0.210279 0.35139 0 0 0 0 1 0.323851 -0.14165 -0.935444 566.828 0.320075 0.946832 -0.032564 0.000001 0.890322 -0.288867 0.351971 0 0 0 0 1 0.324512 -0.140128 -0.935444 566.828 0.26574 0.96264 -0.052014 0.000001 0.907785 -0.231706 0.349626 0.000244 0 0 0 1 0.327943 -0.131899 -0.935444 566.828 0.175729 0.98144 -0.076778 0.000001 0.928209 -0.139206 0.345035 0 0 0 0 1 0.329951 -0.126793 -0.935444 566.828 0.153105 0.985006 -0.079507 0.000001 0.9315 -0.116987 0.344416 0 0 0 0 1 0.330411 -0.125589 -0.935444 566.828 0.156885 0.984628 -0.076778 0.000001 0.930707 -0.121389 0.345035 0 0 0 0 1 0.330411 -0.125589 -0.935444 566.828 0.156885 0.984628 -0.076778 0.000001 0.930707 -0.121389 0.345035 0 0 0 0 1 0.347775 -0.135346 -0.927757 566.828 0.18039 0.980697 -0.075449 0.000001 0.920061 -0.141119 0.365477 0.000244 0 0 0 1 0.368011 -0.149039 -0.917799 566.828 0.207815 0.975285 -0.075046 0.000001 0.9063 -0.163115 0.389888 -0.000244 0 0 0 1 0.384782 -0.165264 -0.908092 566.828 0.237107 0.968522 -0.075793 0.000001 0.892033 -0.186151 0.411855 0 0 0 0 1 0.39257 -0.180615 -0.901813 566.828 0.265766 0.960976 -0.076772 0.000001 0.880487 -0.209533 0.425252 0.000244 0 0 0 1 0.392531 -0.193079 -0.899244 566.828 0.291482 0.953434 -0.077479 0.000001 0.872329 -0.2317 0.430531 0 0 0 0 1 0.390078 -0.202866 -0.898156 566.828 0.312343 0.946746 -0.078187 0.000001 0.866188 -0.250034 0.432668 0 0 0 0 1 0.386731 -0.209037 -0.898188 566.828 0.326311 0.941978 -0.078729 0.000001 0.862531 -0.262641 0.432504 0 0 0 0 1 0.383116 -0.212372 -0.898955 566.828 0.335112 0.938862 -0.078981 0.000001 0.860768 -0.270992 0.430862 -0.000244 0 0 0 1 0.379439 -0.214249 -0.900068 566.828 0.341786 0.936466 -0.078827 0.000001 0.859772 -0.277721 0.42856 -0.000244 0 0 0 1 0.376555 -0.214806 -0.901146 566.828 0.346296 0.934866 -0.07814 0.000001 0.859235 -0.282639 0.426415 0 0 0 0 1 0.375314 -0.214178 -0.901813 566.828 0.348599 0.934123 -0.076772 0.000001 0.858847 -0.285557 0.425252 0.000244 0 0 0 1 0.377478 -0.198977 -0.904389 566.828 0.344277 0.936791 -0.06241 0.000001 0.859642 -0.287802 0.422121 0 0 0 0 1 0.232885 -0.134576 -0.963148 566.828 0.339585 0.939291 -0.049132 0.000001 0.911288 -0.315628 0.264447 0 0 0 0 1 0.226974 -0.148637 -0.962491 566.828 0.341079 0.937826 -0.064394 0.000001 0.912221 -0.313669 0.26356 0 0 0 0 1 0.377061 -0.211088 -0.901813 566.828 0.340915 0.936954 -0.076772 0.000001 0.861164 -0.278494 0.425252 0 0 0 0 1 0.38506 -0.19359 -0.902359 566.828 0.328686 0.942407 -0.061923 0.000001 0.862377 -0.272749 0.426513 0 0 0 0 1 0.23613 -0.128797 -0.963148 566.828 0.31634 0.947373 -0.049132 0.000001 0.918788 -0.293081 0.264447 0 0 0 0 1 0.230026 -0.134942 -0.963784 566.828 0.295144 0.953371 -0.063041 0.000001 0.92735 -0.269954 0.259127 0 0 0 0 1 0.393085 -0.17949 -0.901813 566.828 0.263015 0.961732 -0.076772 0.000001 0.881083 -0.207012 0.425252 0 0 0 0 1 0.470812 -0.176586 -0.86438 566.828 0.224321 0.971525 -0.076291 0.000001 0.853239 -0.15798 0.497018 0.000244 0 0 0 1 0.449972 -0.155128 -0.879466 566.828 0.191973 0.978577 -0.074389 0.000001 0.872165 -0.13536 0.470113 0 0 0 0 1 0.410747 -0.139067 -0.901081 566.828 0.170605 0.982566 -0.073874 0.000001 0.895645 -0.123386 0.427312 -0.000244 0 0 0 1 0.366134 -0.129575 -0.921496 566.828 0.159694 0.984317 -0.074958 0.000001 0.916757 -0.119713 0.381084 0 0 0 0 1 0.330411 -0.125589 -0.935444 566.828 0.156885 0.984628 -0.076778 0.000001 0.930707 -0.121389 0.345035 0 0 0 0 1 0.315777 -0.148197 -0.937189 566.828 0.140269 0.984166 -0.108363 0.000001 0.938408 -0.09724 0.331564 0 0 0 0 1 0.330411 -0.125589 -0.935444 566.828 0.156885 0.984628 -0.076778 0.000001 0.930707 -0.121389 0.345035 0 0 0 0 1 0.419216 0.104796 -0.901818 566.828 0.285826 0.927571 0.240656 0.000001 0.86172 -0.35865 0.358899 0 0 0 0 1 0.486103 0.315967 -0.814781 566.828 0.09622 0.907329 0.409262 0.000001 0.868588 -0.277342 0.410653 0 0 0 0 1 0.442897 0.172331 -0.879855 566.828 0.249379 0.918949 0.305519 0.000001 0.861192 -0.354731 0.364025 0 0 0 0 1 0.04658 0.94169 -0.333241 566.828 -0.462983 0.31596 0.82814 0.000001 0.885142 0.11571 0.450704 -0.00003 0 0 0 1 0.407182 0.194445 -0.892409 566.828 -0.281347 0.956266 0.079988 0.000001 0.868934 0.218507 0.444082 0 0 0 0 1 0.333836 0.116178 -0.935444 566.828 -0.579714 0.807823 -0.106558 0.000001 0.743293 0.577863 0.337031 0 0 0 0 1 0.336272 -0.081885 -0.938198 566.828 -0.417291 0.880124 -0.226384 0.000001 0.844269 0.467628 0.261791 0 0 0 0 1 0.336272 -0.081885 -0.938198 566.828 -0.52392 0.811557 -0.258618 0.000001 0.782578 0.578507 0.230002 0 0 0 0 1 0.336272 -0.081885 -0.938198 566.828 -0.557557 0.78555 -0.268404 0.000001 0.75898 0.613356 0.218502 -0.000244 0 0 0 1 0.337744 -0.102615 -0.935628 566.828 -0.47473 0.839771 -0.263471 0.000001 0.812749 0.533156 0.234913 0 0 0 0 1 0.336272 -0.081885 -0.938198 566.828 -0.417291 0.880124 -0.226384 0.000001 0.844269 0.467628 0.261791 0 0 0 0 1 0.239684 0.144831 -0.959987 566.828 -0.714722 0.695534 -0.073514 0.000001 0.657057 0.703744 0.270223 0 0 0 0 1 0.218865 0.168962 -0.961015 566.828 -0.789212 0.609824 -0.07252 0.000001 0.573797 0.774316 0.266816 -0.000244 0 0 0 1 0.226149 0.16517 -0.959987 566.828 -0.821385 0.562103 -0.096785 0.000001 0.523625 0.810407 0.262787 0 0 0 0 1 0.228241 0.162266 -0.959987 566.828 -0.796229 0.598542 -0.088135 0.000001 0.560291 0.784485 0.265813 0 0 0 0 1 0.239684 0.144831 -0.959987 566.828 -0.714722 0.695534 -0.073514 0.000001 0.657057 0.703744 0.270223 0 0 0 0 1</float_array>
        <technique_common>
          <accessor source="#Bip01_R_UpperArm-node-transform_Bip01_R_UpperArm-node_transform-output-array" count="146" stride="16">
            <param name="TRANSFORM" type="float4x4"/>
          </accessor>
        </technique_common>
      </source>
      <source id="Bip01_R_UpperArm-node-transform_Bip01_R_UpperArm-node_transform-interpolations">
        <Name_array id="Bip01_R_UpperArm-node-transform_Bip01_R_UpperArm-node_transform-interpolations-array" count="146">LINEAR LINEAR LINEAR LINEAR LINEAR LINEAR LINEAR LINEAR LINEAR LINEAR LINEAR LINEAR LINEAR LINEAR LINEAR LINEAR LINEAR LINEAR LINEAR LINEAR LINEAR LINEAR LINEAR LINEAR LINEAR LINEAR LINEAR LINEAR LINEAR LINEAR LINEAR LINEAR LINEAR LINEAR LINEAR LINEAR LINEAR LINEAR LINEAR LINEAR LINEAR LINEAR LINEAR LINEAR LINEAR LINEAR LINEAR LINEAR LINEAR LINEAR LINEAR LINEAR LINEAR LINEAR LINEAR LINEAR LINEAR LINEAR LINEAR LINEAR LINEAR LINEAR LINEAR LINEAR LINEAR LINEAR LINEAR LINEAR LINEAR LINEAR LINEAR LINEAR LINEAR LINEAR LINEAR LINEAR LINEAR LINEAR LINEAR LINEAR LINEAR LINEAR LINEAR LINEAR LINEAR LINEAR LINEAR LINEAR LINEAR LINEAR LINEAR LINEAR LINEAR LINEAR LINEAR LINEAR LINEAR LINEAR LINEAR LINEAR LINEAR LINEAR LINEAR LINEAR LINEAR LINEAR LINEAR LINEAR LINEAR LINEAR LINEAR LINEAR LINEAR LINEAR LINEAR LINEAR LINEAR LINEAR LINEAR LINEAR LINEAR LINEAR LINEAR LINEAR LINEAR LINEAR LINEAR LINEAR LINEAR LINEAR LINEAR LINEAR LINEAR LINEAR LINEAR LINEAR LINEAR LINEAR LINEAR LINEAR LINEAR LINEAR LINEAR LINEAR LINEAR LINEAR</Name_array>
        <technique_common>
          <accessor source="#Bip01_R_UpperArm-node-transform_Bip01_R_UpperArm-node_transform-interpolations-array" count="146" stride="1">
            <param name="INTERPOLATION" type="Name"/>
          </accessor>
        </technique_common>
      </source>
      <sampler id="Bip01_R_UpperArm-node-transform_Bip01_R_UpperArm-node_transform-sampler">
        <input semantic="INPUT" source="#Bip01_R_UpperArm-node-transform_Bip01_R_UpperArm-node_transform-input"/>
        <input semantic="OUTPUT" source="#Bip01_R_UpperArm-node-transform_Bip01_R_UpperArm-node_transform-output"/>
        <input semantic="INTERPOLATION" source="#Bip01_R_UpperArm-node-transform_Bip01_R_UpperArm-node_transform-interpolations"/>
      </sampler>
      <channel source="#Bip01_R_UpperArm-node-transform_Bip01_R_UpperArm-node_transform-sampler" target="Bip01_R_UpperArm-node/transform"/>
    </animation>
    <animation id="Bip01_R_Forearm-node-transform">
      <source id="Bip01_R_Forearm-node-transform_Bip01_R_Forearm-node_transform-input">
        <float_array id="Bip01_R_Forearm-node-transform_Bip01_R_Forearm-node_transform-input-array" count="146">0 0.1 0.2 0.3 0.4 0.5 0.6 0.7 0.8 0.9 1 1.1 1.2 1.3 1.4 1.5 1.6 1.7 1.8 1.9 2 2.1 2.2 2.3 2.4 2.5 2.6 2.7 2.8 2.9 3 3.1 3.2 3.3 3.4 3.5 3.6 3.7 3.8 3.9 4 4.1 4.2 4.3 4.4 4.5 4.6 4.7 4.8 4.9 5 5.1 5.2 5.3 5.4 5.5 5.6 5.7 5.8 5.9 6 6.1 6.2 6.3 6.4 6.5 6.6 6.7 6.8 6.9 7 7.1 7.2 7.3 7.4 7.5 7.6 7.7 7.8 7.9 8 8.1 8.2 8.3 8.4 8.5 8.6 8.7 8.8 8.9 9 9.1 9.2 9.3 9.4 9.5 9.6 9.7 9.8 9.9 10 10.1 10.2 10.3 10.4 10.5 10.6 10.7 10.8 10.9 11 11.1 11.2 11.3 11.4 11.5 11.6 11.7 11.8 11.9 12 12.1 12.2 12.3 12.4 12.5 12.6 12.7 12.8 12.9 13 13.1 13.2 13.3 13.4 13.5 13.6 13.7 13.8 13.9 14 14.1 14.2 14.3 14.4 14.5</float_array>
        <technique_common>
          <accessor source="#Bip01_R_Forearm-node-transform_Bip01_R_Forearm-node_transform-input-array" count="146" stride="1">
            <param name="TIME" type="float"/>
          </accessor>
        </technique_common>
        <technique profile="MAYA">
          <pre_infinity>CONSTANT</pre_infinity>
          <post_infinity>CONSTANT</post_infinity>
        </technique>
      </source>
      <source id="Bip01_R_Forearm-node-transform_Bip01_R_Forearm-node_transform-output">
        <float_array id="Bip01_R_Forearm-node-transform_Bip01_R_Forearm-node_transform-output-array" count="2336">0.853013 0.521891 0 963.427 -0.521891 0.853012 0 0 0 0 1 0 0 0 0 1 0.930679 0.365838 0 963.427 -0.365838 0.930679 0 0 0 0 1 0 0 0 0 1 0.980067 0.198669 0 963.427 -0.198669 0.980067 0 0 0 0 1 0 0 0 0 1 0.930679 0.365838 0 963.427 -0.365838 0.930679 0 0 0 0 1 -0.000122 0 0 0 1 0.853013 0.521891 0 963.427 -0.521891 0.853012 0 0 0 0 1 0 0 0 0 1 0.804281 0.59425 0 963.427 -0.59425 0.804281 0 0 0 0 1 0 0 0 0 1 0.749428 0.662086 0 963.427 -0.662086 0.749428 0 0.000045 0 0 1 0.000122 0 0 0 1 0.688872 0.724883 0 963.427 -0.724883 0.688872 0 -0.00003 0 0 1 0 0 0 0 1 0.623072 0.782164 0 963.427 -0.782164 0.623072 0 0 0 0 1 0.000122 0 0 0 1 0.552531 0.833492 0 963.427 -0.833492 0.552531 0 0.000122 0 0 1 0 0 0 0 1 0.477785 0.878477 0 963.427 -0.878477 0.477785 0 0 0 0 1 -0.00003 0 0 0 1 0.477785 0.878477 0 963.427 -0.878477 0.477785 0 0 0 0 1 0 0 0 0 1 0.477785 0.878477 0 963.427 -0.878477 0.477785 0 0 0 0 1 -0.00003 0 0 0 1 0.477785 0.878477 0 963.427 -0.878477 0.477785 0 -0.000122 0 0 1 -0.00003 0 0 0 1 0.477785 0.878477 0 963.427 -0.878477 0.477785 0 0 0 0 1 -0.00003 0 0 0 1 0.451709 0.892165 0 963.427 -0.892166 0.451709 0 0.000122 0 0 1 -0.00003 0 0 0 1 0.407388 0.913255 0 963.427 -0.913255 0.407388 0 0 0 0 1 -0.00003 0 0 0 1 0.398403 0.917211 0 963.427 -0.917211 0.398403 0 0 0 0 1 -0.000061 0 0 0 1 0.477785 0.878477 0 963.427 -0.878477 0.477785 0 0 0 0 1 -0.00003 0 0 0 1 0.959022 0.283332 0 963.427 -0.283332 0.959022 0 0 0 0 1 0 0 0 0 1 0.959022 0.283332 0 963.427 -0.283332 0.959022 0 -0.000061 0 0 1 0 0 0 0 1 0.959022 0.283332 0 963.427 -0.283332 0.959022 0 0.000015 0 0 1 0 0 0 0 1 0.959022 0.283332 0 963.427 -0.283332 0.959022 0 -0.000015 0 0 1 0 0 0 0 1 0.959022 0.283332 0 963.427 -0.283332 0.959022 0 -0.000045 0 0 1 0 0 0 0 1 0.959022 0.283332 0 963.427 -0.283332 0.959022 0 -0.000061 0 0 1 0 0 0 0 1 0.959256 0.282537 0 963.427 -0.282537 0.959256 0 0.00003 0 0 1 -0.000244 0 0 0 1 0.962007 0.273026 0 963.427 -0.273026 0.962007 0 0 0 0 1 0 0 0 0 1 0.968677 0.248324 0 963.427 -0.248324 0.968677 0 -0.00003 0 0 1 0 0 0 0 1 0.972835 0.231499 0 963.427 -0.231499 0.972835 0 -0.00003 0 0 1 0 0 0 0 1 0.959022 0.283332 0 963.427 -0.283332 0.959022 0 0 0 0 1 0.000122 0 0 0 1 0.749428 0.662086 0 963.427 -0.662086 0.749428 0 -0.000122 0 0 1 0 0 0 0 1 0.622264 0.782808 0 963.427 -0.782808 0.622264 0 0 0 0 1 -0.000122 0 0 0 1 0.399403 0.916776 0 963.427 -0.916776 0.399403 0 0 0 0 1 0 0 0 0 1 0.489764 0.871855 0 963.427 -0.871855 0.489764 0 0.000061 0 0 1 0 0 0 0 1 0.749428 0.662086 0 963.427 -0.662086 0.749428 0 -0.000122 0 0 1 -0.000122 0 0 0 1 0.148514 0.98891 0 963.427 -0.98891 0.148515 0 0 0 0 1 -0.000244 0 0 0 1 0.06176 0.998091 0 963.427 -0.998091 0.06176 0 0 0 0 1 0 0 0 0 1 0.211236 0.977435 0 963.427 -0.977435 0.211236 0 0 0 0 1 0 0 0 0 1 0.552531 0.833492 0 963.427 -0.833492 0.552531 0 -0.000122 0 0 1 -0.000122 0 0 0 1 0.459078 0.888396 0 963.427 -0.888396 0.459078 0 -0.000122 0 0 1 0 0 0 0 1 0.06176 0.998091 0 963.427 -0.998091 0.06176 0 -0.000244 0 0 1 0 0 0 0 1 0.15549 0.987837 0 963.427 -0.987837 0.15549 0 0 0 0 1 0 0 0 0 1 0.552531 0.833492 0 963.427 -0.833492 0.552531 0 -0.000122 0 0 1 -0.000122 0 0 0 1 0.399403 0.916776 0 963.427 -0.916776 0.399403 0 0 0 0 1 -0.000244 0 0 0 1 0.959022 0.283332 0 963.427 -0.283332 0.959022 0 0 0 0 1 0.000122 0 0 0 1 0.959022 0.283332 0 963.427 -0.283332 0.959022 0 -0.00003 0 0 1 0 0 0 0 1 0.959022 0.283331 0 963.427 -0.283331 0.959022 0 0 0 0 1 0.000122 0 0 0 1 0.959027 0.283316 0 963.427 -0.283316 0.959026 0 -0.00003 0 0 1 -0.000122 0 0 0 1 0.959045 0.283253 0 963.427 -0.283253 0.959045 0 -0.00003 0 0 1 0 0 0 0 1 0.959094 0.283086 0 963.427 -0.283086 0.959095 0 0 0 0 1 0 0 0 0 1 0.959195 0.282744 0 963.427 -0.282744 0.959195 0 0 0 0 1 0.000122 0 0 0 1 0.959371 0.282147 0 963.427 -0.282147 0.959371 0 0 0 0 1 -0.000122 0 0 0 1 0.959647 0.281207 0 963.427 -0.281207 0.959647 0 0 0 0 1 0.000122 0 0 0 1 0.960046 0.279843 0 963.427 -0.279843 0.960046 0 0 0 0 1 0 0 0 0 1 0.960585 0.277985 0 963.427 -0.277985 0.960585 0 0 0 0 1 0 0 0 0 1 0.961277 0.275583 0 963.427 -0.275583 0.961277 0 0 0 0 1 0.000244 0 0 0 1 0.962123 0.272614 0 963.427 -0.272614 0.962123 0 0 0 0 1 0 0 0 0 1 0.963114 0.269093 0 963.427 -0.269093 0.963114 0 0 0 0 1 0.000122 0 0 0 1 0.964228 0.265076 0 963.427 -0.265076 0.964227 0 0 0 0 1 -0.000122 0 0 0 1 0.965428 0.260669 0 963.427 -0.260669 0.965428 0 0 0 0 1 -0.000122 0 0 0 1 0.966669 0.25603 0 963.427 -0.25603 0.966669 0 -0.00003 0 0 1 0 0 0 0 1 0.96789 0.251373 0 963.427 -0.251373 0.96789 0 -0.00003 0 0 1 -0.000122 0 0 0 1 0.969024 0.246967 0 963.428 -0.246967 0.969024 0 0 0 0 1 0.000122 0 0 0 1 0.969993 0.243134 0 963.427 -0.243134 0.969993 0 0 0 0 1 0 0 0 0 1 0.970712 0.240245 0 963.427 -0.240245 0.970712 0 -0.00003 0 0 1 -0.000122 0 0 0 1 0.97109 0.238714 0 963.427 -0.238714 0.97109 0 0 0 0 1 0 0 0 0 1 0.971024 0.238984 0 963.427 -0.238984 0.971024 0 0.00003 0 0 1 0.000122 0 0 0 1 0.970397 0.241517 0 963.427 -0.241517 0.970397 0 0.00003 0 0 1 0 0 0 0 1 0.969071 0.246782 0 963.427 -0.246782 0.969071 0 0.00003 0 0 1 -0.000122 0 0 0 1 0.966879 0.255234 0 963.427 -0.255234 0.966879 0 -0.00003 0 0 1 0 0 0 0 1 0.963615 0.267293 0 963.427 -0.267293 0.963615 0 0 0 0 1 0 0 0 0 1 0.959022 0.283332 0 963.427 -0.283332 0.959022 0 -0.00003 0 0 1 -0.000244 0 0 0 1 0.953553 0.301225 0 963.427 -0.301225 0.953553 0 -0.00003 0 0 1 0 0 0 0 1 0.900469 0.434921 0 963.427 -0.434921 0.900469 0 -0.00003 0 0 1 -0.000122 0 0 0 1 0.804281 0.59425 0 963.427 -0.59425 0.804281 0 -0.000061 0 0 1 0 0 0 0 1 0.798333 0.602217 0 963.427 -0.602217 0.798333 0 0 0 0 1 0 0 0 0 1 0.785507 0.618853 0 963.427 -0.618853 0.785507 0 0.000061 0 0 1 -0.000244 0 0 0 1 0.777664 0.62868 0 963.427 -0.62868 0.777664 0 0 0 0 1 -0.000122 0 0 0 1 0.784367 0.620297 0 963.427 -0.620297 0.784367 0 0 0 0 1 -0.000122 0 0 0 1 0.804281 0.59425 0 963.427 -0.59425 0.804281 0 0.000061 0 0 1 0 0 0 0 1 0.80634 0.591452 0 963.427 -0.591452 0.80634 0 0 0 0 1 -0.000244 0 0 0 1 0.812831 0.5825 0 963.427 -0.5825 0.812831 0 -0.000061 0 0 1 -0.000122 0 0 0 1 0.824459 0.565922 0 963.427 -0.565922 0.824459 0 -0.000061 0 0 1 0 0 0 0 1 0.841729 0.5399 0 963.427 -0.5399 0.841729 0 0.000061 0 0 1 0 0 0 0 1 0.86423 0.503097 0 963.427 -0.503097 0.86423 0 -0.000061 0 0 1 0 0 0 0 1 0.890197 0.455577 0 963.427 -0.455577 0.890197 0 -0.00003 0 0 1 0 0 0 0 1 0.916689 0.399601 0 963.427 -0.399601 0.916689 0 0 0 0 1 -0.000244 0 0 0 1 0.940449 0.339936 0 963.427 -0.339936 0.940448 0 0.000007 0 0 1 0 0 0 0 1 0.959022 0.283332 0 963.427 -0.283332 0.959022 0 0.00003 0 0 1 0 0 0 0 1 0.959022 0.283332 0 963.427 -0.283332 0.959022 0 0 0 0 1 0 0 0 0 1 0.959022 0.283332 0 963.427 -0.283332 0.959022 0 0 0 0 1 0 0 0 0 1 0.959022 0.283332 0 963.427 -0.283332 0.959022 0 0 0 0 1 0 0 0 0 1 0.895252 0.44556 0 963.427 -0.44556 0.895252 0 -0.000061 0 0 1 0 0 0 0 1 0.821101 0.570783 0 963.427 -0.570783 0.821101 0 0 0 0 1 -0.000122 0 0 0 1 0.730609 0.682796 0 963.427 -0.682796 0.730609 0 0.00003 0 0 1 -0.000122 0 0 0 1 0.631437 0.775427 0 963.427 -0.775427 0.631437 0 0.00003 0 0 1 0 0 0 0 1 0.533468 0.84582 0 963.427 -0.84582 0.533468 0 0.000015 0 0 1 0 0 0 0 1 0.430804 0.902446 0 963.427 -0.902446 0.430804 0 0 0 0 1 0 0 0 0 1 0.429185 0.903217 0 963.427 -0.903217 0.429185 0 0.00003 0 0 1 0 0 0 0 1 0.665227 0.746641 0 963.427 -0.746641 0.665227 0 -0.00003 0 0 1 0 0 0 0 1 0.862565 0.505946 0 963.427 -0.505946 0.862565 0 0.000061 0 0 1 -0.000122 0 0 0 1 0.942014 0.335572 0 963.427 -0.335572 0.942014 0 0 0 0 1 0 0 0 0 1 0.959022 0.283332 0 963.427 -0.283332 0.959022 0 -0.00003 0 0 1 0 0 0 0 1 0.959022 0.283332 0 963.427 -0.283332 0.959022 0 -0.00003 0 0 1 0 0 0 0 1 0.959731 0.28092 0 963.427 -0.28092 0.959731 0 0 0 0 1 0 0 0 0 1 0.961363 0.275284 0 963.427 -0.275284 0.961363 0 0.00003 0 0 1 0 0 0 0 1 0.963187 0.268833 0 963.427 -0.268833 0.963187 0 0.000061 0 0 1 -0.000122 0 0 0 1 0.964526 0.263986 0 963.427 -0.263986 0.964526 0 0.000122 0 0 1 0.000122 0 0 0 1 0.964747 0.263177 0 963.427 -0.263177 0.964747 0 0 0 0 1 0 0 0 0 1 0.963187 0.268833 0 963.427 -0.268833 0.963187 0 0.000122 0 0 1 0 0 0 0 1 0.959022 0.283332 0 963.427 -0.283332 0.959022 0 0.000061 0 0 1 -0.000122 0 0 0 1 0.951207 0.308554 0 963.427 -0.308554 0.951207 0 0.000061 0 0 1 0.000122 0 0 0 1 0.939424 0.342759 0 963.427 -0.342759 0.939424 0 0.000061 0 0 1 -0.000122 0 0 0 1 0.923822 0.382822 0 963.427 -0.382821 0.923822 0 0.000061 0 0 1 0 0 0 0 1 0.904877 0.425673 0 963.427 -0.425673 0.904877 0 0.000061 0 0 1 0.000122 0 0 0 1 0.883522 0.468389 0 963.427 -0.468388 0.883523 0 0.000061 0 0 1 -0.000122 0 0 0 1 0.861199 0.508268 0 963.427 -0.508268 0.861199 0 0.000061 0 0 1 0 0 0 0 1 0.839806 0.542886 0 963.427 -0.542886 0.839806 0 0.000061 0 0 1 0.000122 0 0 0 1 0.821591 0.570078 0 963.427 -0.570077 0.821591 0 0 0 0 1 0 0 0 0 1 0.808965 0.587856 0 963.427 -0.587856 0.808965 0 0.000061 0 0 1 0 0 0 0 1 0.804281 0.594249 0 963.427 -0.594249 0.804281 0 0 0 0 1 0 0 0 0 1 0.823851 0.566806 0 963.427 -0.566806 0.823851 0 0.000122 0 0 1 0 0 0 0 1 0.865249 0.501343 0 963.427 -0.501343 0.865249 0 0 0 0 1 0 0 0 0 1 0.90552 0.424303 0 963.427 -0.424303 0.90552 0 -0.00003 0 0 1 0 0 0 0 1 0.933742 0.357946 0 963.427 -0.357946 0.933742 0 0 0 0 1 0 0 0 0 1 0.949649 0.313317 0 963.427 -0.313317 0.949649 0 0 0 0 1 0 0 0 0 1 0.956981 0.29015 0 963.427 -0.29015 0.956981 0 0 0 0 1 0 0 0 0 1 0.959022 0.283332 0 963.427 -0.283332 0.959022 0 0 0 0 1 0 0 0 0 1 0.978881 0.20443 0 963.427 -0.20443 0.978881 0 -0.00003 0 0 1 0.000122 0 0 0 1 0.959022 0.283332 0 963.427 -0.283332 0.959022 0 0 0 0 1 0 0 0 0 1 0.477785 0.878477 0 963.427 -0.878477 0.477785 0 0 0 0 1 0 0 0 0 1 0.477785 0.878477 0 963.427 -0.878477 0.477785 0 0.000244 0 0 1 0 0 0 0 1 0.853012 0.521891 0 963.427 -0.521891 0.853012 0 -0.000122 0 0 1 -0.000122 0 0 0 1 0.477785 0.878477 0 963.427 -0.878477 0.477785 0 0.00003 0 0 1 0.000061 0 0 0 1 0.399403 0.916776 0 963.427 -0.916776 0.399403 0 -0.00003 0 0 1 0.000122 0 0 0 1 0.749428 0.662086 0 963.427 -0.662086 0.749428 0 -0.000122 0 0 1 -0.000122 0 0 0 1 0.620644 0.784092 0 963.427 -0.784092 0.620644 0 -0.000061 0 0 1 0 0 0 0 1 0.620644 0.784092 0 963.427 -0.784092 0.620644 0 0.000061 0 0 1 -0.000244 0 0 0 1 0.620644 0.784092 0 963.427 -0.784092 0.620644 0 0 0 0 1 0 0 0 0 1 0.626128 0.77972 0 963.427 -0.77972 0.626128 0 0.000061 0 0 1 -0.000122 0 0 0 1 0.620644 0.784092 0 963.427 -0.784092 0.620644 0 -0.000061 0 0 1 0 0 0 0 1 0.552531 0.833492 0 963.427 -0.833492 0.552532 0 0.000122 0 0 1 0 0 0 0 1 0.545664 0.838004 0 963.427 -0.838004 0.545664 0 0 0 0 1 0 0 0 0 1 0.552531 0.833492 0 963.427 -0.833492 0.552531 0 0 0 0 1 0 0 0 0 1 0.552531 0.833492 0 963.427 -0.833492 0.552531 0 0 0 0 1 0 0 0 0 1 0.552531 0.833492 0 963.427 -0.833492 0.552532 0 0.000122 0 0 1 0 0 0 0 1</float_array>
        <technique_common>
          <accessor source="#Bip01_R_Forearm-node-transform_Bip01_R_Forearm-node_transform-output-array" count="146" stride="16">
            <param name="TRANSFORM" type="float4x4"/>
          </accessor>
        </technique_common>
      </source>
      <source id="Bip01_R_Forearm-node-transform_Bip01_R_Forearm-node_transform-interpolations">
        <Name_array id="Bip01_R_Forearm-node-transform_Bip01_R_Forearm-node_transform-interpolations-array" count="146">LINEAR LINEAR LINEAR LINEAR LINEAR LINEAR LINEAR LINEAR LINEAR LINEAR LINEAR LINEAR LINEAR LINEAR LINEAR LINEAR LINEAR LINEAR LINEAR LINEAR LINEAR LINEAR LINEAR LINEAR LINEAR LINEAR LINEAR LINEAR LINEAR LINEAR LINEAR LINEAR LINEAR LINEAR LINEAR LINEAR LINEAR LINEAR LINEAR LINEAR LINEAR LINEAR LINEAR LINEAR LINEAR LINEAR LINEAR LINEAR LINEAR LINEAR LINEAR LINEAR LINEAR LINEAR LINEAR LINEAR LINEAR LINEAR LINEAR LINEAR LINEAR LINEAR LINEAR LINEAR LINEAR LINEAR LINEAR LINEAR LINEAR LINEAR LINEAR LINEAR LINEAR LINEAR LINEAR LINEAR LINEAR LINEAR LINEAR LINEAR LINEAR LINEAR LINEAR LINEAR LINEAR LINEAR LINEAR LINEAR LINEAR LINEAR LINEAR LINEAR LINEAR LINEAR LINEAR LINEAR LINEAR LINEAR LINEAR LINEAR LINEAR LINEAR LINEAR LINEAR LINEAR LINEAR LINEAR LINEAR LINEAR LINEAR LINEAR LINEAR LINEAR LINEAR LINEAR LINEAR LINEAR LINEAR LINEAR LINEAR LINEAR LINEAR LINEAR LINEAR LINEAR LINEAR LINEAR LINEAR LINEAR LINEAR LINEAR LINEAR LINEAR LINEAR LINEAR LINEAR LINEAR LINEAR LINEAR LINEAR LINEAR LINEAR LINEAR LINEAR LINEAR LINEAR</Name_array>
        <technique_common>
          <accessor source="#Bip01_R_Forearm-node-transform_Bip01_R_Forearm-node_transform-interpolations-array" count="146" stride="1">
            <param name="INTERPOLATION" type="Name"/>
          </accessor>
        </technique_common>
      </source>
      <sampler id="Bip01_R_Forearm-node-transform_Bip01_R_Forearm-node_transform-sampler">
        <input semantic="INPUT" source="#Bip01_R_Forearm-node-transform_Bip01_R_Forearm-node_transform-input"/>
        <input semantic="OUTPUT" source="#Bip01_R_Forearm-node-transform_Bip01_R_Forearm-node_transform-output"/>
        <input semantic="INTERPOLATION" source="#Bip01_R_Forearm-node-transform_Bip01_R_Forearm-node_transform-interpolations"/>
      </sampler>
      <channel source="#Bip01_R_Forearm-node-transform_Bip01_R_Forearm-node_transform-sampler" target="Bip01_R_Forearm-node/transform"/>
    </animation>
    <animation id="Bip01_R_Hand-node-transform">
      <source id="Bip01_R_Hand-node-transform_Bip01_R_Hand-node_transform-input">
        <float_array id="Bip01_R_Hand-node-transform_Bip01_R_Hand-node_transform-input-array" count="146">0 0.1 0.2 0.3 0.4 0.5 0.6 0.7 0.8 0.9 1 1.1 1.2 1.3 1.4 1.5 1.6 1.7 1.8 1.9 2 2.1 2.2 2.3 2.4 2.5 2.6 2.7 2.8 2.9 3 3.1 3.2 3.3 3.4 3.5 3.6 3.7 3.8 3.9 4 4.1 4.2 4.3 4.4 4.5 4.6 4.7 4.8 4.9 5 5.1 5.2 5.3 5.4 5.5 5.6 5.7 5.8 5.9 6 6.1 6.2 6.3 6.4 6.5 6.6 6.7 6.8 6.9 7 7.1 7.2 7.3 7.4 7.5 7.6 7.7 7.8 7.9 8 8.1 8.2 8.3 8.4 8.5 8.6 8.7 8.8 8.9 9 9.1 9.2 9.3 9.4 9.5 9.6 9.7 9.8 9.9 10 10.1 10.2 10.3 10.4 10.5 10.6 10.7 10.8 10.9 11 11.1 11.2 11.3 11.4 11.5 11.6 11.7 11.8 11.9 12 12.1 12.2 12.3 12.4 12.5 12.6 12.7 12.8 12.9 13 13.1 13.2 13.3 13.4 13.5 13.6 13.7 13.8 13.9 14 14.1 14.2 14.3 14.4 14.5</float_array>
        <technique_common>
          <accessor source="#Bip01_R_Hand-node-transform_Bip01_R_Hand-node_transform-input-array" count="146" stride="1">
            <param name="TIME" type="float"/>
          </accessor>
        </technique_common>
        <technique profile="MAYA">
          <pre_infinity>CONSTANT</pre_infinity>
          <post_infinity>CONSTANT</post_infinity>
        </technique>
      </source>
      <source id="Bip01_R_Hand-node-transform_Bip01_R_Hand-node_transform-output">
        <float_array id="Bip01_R_Hand-node-transform_Bip01_R_Hand-node_transform-output-array" count="2336">1 0 0 734.064 0 0.000796 -1 -0.00003 0 1 0.000796 0.000122 0 0 0 1 1 0 0 734.064 0 0.000796 -1 -0.00003 0 1 0.000796 0.000122 0 0 0 1 1 0 0 734.064 0 0.000796 -1 0 0 1 0.000796 -0.000122 0 0 0 1 1 0 0 734.064 0 0.000796 -1 0.000061 0 1 0.000796 0.000122 0 0 0 1 1 0 0 734.064 0 0.000796 -1 -0.00003 0 1 0.000796 0.000122 0 0 0 1 1 0 0 734.064 0 0.000796 -1 -0.000061 0 1 0.000796 0.000122 0 0 0 1 1 0 0 734.064 0 0.000796 -1 -0.000122 0 1 0.000796 -0.000122 0 0 0 1 1 0 0 734.064 0 0.000796 -1 0 0 1 0.000796 0 0 0 0 1 1 0 0 734.064 0 0.000796 -1 -0.000122 0 1 0.000796 -0.000122 0 0 0 1 1 0 0 734.064 0 0.000796 -1 0 0 1 0.000796 0 0 0 0 1 1 0 0 734.064 0 0.000796 -1 0 0 1 0.000796 0.000183 0 0 0 1 1 0 0 734.064 0 0.000796 -1 -0.000244 0 1 0.000796 0 0 0 0 1 1 0 0 734.064 0 0.000796 -1 0 0 1 0.000796 0.000183 0 0 0 1 1 0 0 734.064 0 0.000796 -1 -0.000244 0 1 0.000796 0 0 0 0 1 1 0 0 734.064 0 0.000796 -1 0 0 1 0.000796 0.000183 0 0 0 1 1 0 0 734.064 0 0.000796 -1 0.000244 0 1 0.000796 0.000061 0 0 0 1 1 0 0 734.064 0 0.000796 -1 -0.000122 0 1 0.000796 0.00003 0 0 0 1 1 0 0 734.064 0 0.000796 -1 -0.000366 0 1 0.000796 0.000183 0 0 0 1 1 0 0 734.064 0 0.000796 -1 0 0 1 0.000796 0.000183 0 0 0 1 1 0 0 734.064 0 0.000796 -1 -0.000015 0 1 0.000796 -0.000244 0 0 0 1 1 0 0 734.064 0 0.000796 -1 -0.00003 0 1 0.000796 0.000122 0 0 0 1 1 0 0 734.064 0 0.000796 -1 0 0 1 0.000796 0 0 0 0 1 1 0 0 734.064 0 0.000796 -1 0 0 1 0.000796 0.000122 0 0 0 1 1 0 0 734.064 0 0.000796 -1 0 0 1 0.000796 -0.000122 0 0 0 1 1 0 0 734.064 0 0.000796 -1 -0.000015 0 1 0.000796 0 0 0 0 1 1 0 0 734.064 0 0.000796 -1 0 0 1 0.000796 0 0 0 0 1 1 0 0 734.064 0 0.000796 -1 0 0 1 0.000796 0 0 0 0 1 1 0 0 734.064 0 0.000796 -1 0 0 1 0.000796 -0.000122 0 0 0 1 1 0 0 734.064 0 0.000796 -1 0.00003 0 1 0.000796 0.000122 0 0 0 1 1 0 0 734.064 0 0.000796 -1 0 0 1 0.000796 0 0 0 0 1 1 0 0 734.064 0 0.000796 -1 0 0 1 0.000796 -0.000122 0 0 0 1 1 0 0 734.064 0 0.000796 -1 -0.000244 0 1 0.000796 0 0 0 0 1 1 0 0 734.064 0 0.000796 -1 0.000122 0 1 0.000796 -0.000122 0 0 0 1 1 0 0 734.064 0 0.000796 -1 0.000122 0 1 0.000796 0 0 0 0 1 1 0 0 734.064 0 0.000796 -1 -0.000122 0 1 0.000796 -0.000122 0 0 0 1 1 0 0 734.064 0 0.000796 -1 0 0 1 0.000796 0 0 0 0 1 1 0 0 734.064 0 0.000796 -1 0 0 1 0.000796 0.000244 0 0 0 1 1 0 0 734.064 0 0.000796 -1 0 0 1 0.000796 0.000122 0 0 0 1 1 0 0 734.064 0 0.000796 -1 0 0 1 0.000796 0 0 0 0 1 1 0 0 734.064 0 0.000796 -1 0.000122 0 1 0.000796 0 0 0 0 1 1 0 0 734.064 0 0.000796 -1 -0.000061 0 1 0.000796 0.000244 0 0 0 1 1 0 0 734.064 0 0.000796 -1 0 0 1 0.000796 0 0 0 0 1 1 0 0 734.064 0 0.000796 -1 0 0 1 0.000796 0 0 0 0 1 1 0 0 734.064 0 0.000796 -1 -0.000122 0 1 0.000796 0.000122 0 0 0 1 1 0 0 734.064 0 0.000796 -1 -0.00003 0 1 0.000796 -0.000244 0 0 0 1 1 0 0 734.064 0 0.000796 -1 -0.00003 0 1 0.000796 -0.000122 0 0 0 1 1 0 0 734.064 0 0.000796 -1 -0.000015 0 1 0.000796 0 0 0 0 1 1 0 0 734.064 0 0.000796 -1 -0.000015 0 1 0.000796 0 0 0 0 1 1 0 0 734.064 0 0.000796 -1 -0.000015 0 1 0.000796 -0.000122 0 0 0 1 1 0 0 734.064 0 0.000796 -1 0.00003 0 1 0.000796 0 0 0 0 1 1 0 0 734.064 0 0.000796 -1 0.00003 0 1 0.000796 0 0 0 0 1 1 0 0 734.064 0 0.000796 -1 -0.000015 0 1 0.000796 0 0 0 0 1 1 0 0 734.064 0 0.000796 -1 -0.000015 0 1 0.000796 0 0 0 0 1 1 0 0 734.064 0 0.000796 -1 0 0 1 0.000796 -0.000122 0 0 0 1 1 0 0 734.064 0 0.000796 -1 -0.000015 0 1 0.000796 0 0 0 0 1 1 0 0 734.064 0 0.000796 -1 -0.00003 0 1 0.000796 -0.000244 0 0 0 1 1 0 0 734.064 0 0.000796 -1 0 0 1 0.000796 0 0 0 0 1 1 0 0 734.064 0 0.000796 -1 -0.00003 0 1 0.000796 0 0 0 0 1 1 0 0 734.064 0 0.000796 -1 0 0 1 0.000796 0.000244 0 0 0 1 1 0 0 734.064 0 0.000796 -1 0 0 1 0.000796 0.000122 0 0 0 1 1 0 0 734.064 0 0.000796 -1 0 0 1 0.000796 0 0 0 0 1 1 0 0 734.064 0 0.000796 -1 -0.000007 0 1 0.000796 -0.000122 0 0 0 1 1 0 0 734.064 0 0.000796 -1 -0.000007 0 1 0.000796 -0.000122 0 0 0 1 1 0 0 734.064 0 0.000796 -1 0 0 1 0.000796 0 0 0 0 1 1 0 0 734.064 0 0.000796 -1 0.000003 0 1 0.000796 0.000244 0 0 0 1 1 0 0 734.064 0 0.000796 -1 -0.000015 0 1 0.000796 -0.000122 0 0 0 1 1 0 0 734.064 0 0.000796 -1 0 0 1 0.000796 -0.000122 0 0 0 1 1 0 0 734.064 0 0.000796 -1 0 0 1 0.000796 0.000244 0 0 0 1 1 0 0 734.064 0 0.000796 -1 0 0 1 0.000796 0.000122 0 0 0 1 1 0 0 734.064 0 0.000796 -1 0 0 1 0.000796 0 0 0 0 1 1 0 0 734.064 0 0.000796 -1 0.000015 0 1 0.000796 0.000122 0 0 0 1 1 0 0 734.064 0 0.000796 -1 0 0 1 0.000796 0.000122 0 0 0 1 1 0 0 734.064 0 0.000796 -1 0.00003 0 1 0.000796 0 0 0 0 1 1 0 0 734.064 0 0.000796 -1 0.000122 0 1 0.000796 0 0 0 0 1 1 0 0 734.064 0 0.000796 -1 0.000122 0 1 0.000796 0 0 0 0 1 1 0 0 734.064 0 0.000796 -1 0.000122 0 1 0.000796 0 0 0 0 1 1 0 0 734.064 0 0.000796 -1 0 0 1 0.000796 0.000244 0 0 0 1 1 0 0 734.064 0 0.000796 -1 0 0 1 0.000796 0.000366 0 0 0 1 1 0 0 734.064 0 0.000796 -1 0.000122 0 1 0.000796 0.000122 0 0 0 1 1 0 0 734.064 0 0.000796 -1 -0.000244 0 1 0.000796 -0.000122 0 0 0 1 1 0 0 734.064 0 0.000796 -1 0 0 1 0.000796 0.000122 0 0 0 1 1 0 0 734.064 0 0.000796 -1 0 0 1 0.000796 0.000244 0 0 0 1 1 0 0 734.064 0 0.000796 -1 0 0 1 0.000796 0 0 0 0 1 1 0 0 734.064 0 0.000796 -1 0.000122 0 1 0.000796 -0.000244 0 0 0 1 1 0 0 734.064 0 0.000796 -1 0 0 1 0.000796 0 0 0 0 1 1 0 0 734.064 0 0.000796 -1 0 0 1 0.000796 0 0 0 0 1 1 0 0 734.064 0 0.000796 -1 0.000061 0 1 0.000796 0 0 0 0 1 1 0 0 734.064 0 0.000796 -1 0 0 1 0.000796 -0.000244 0 0 0 1 1 0 0 734.064 0 0.000796 -1 0 0 1 0.000796 0 0 0 0 1 1 0 0 734.064 0 0.000796 -1 -0.000015 0 1 0.000796 -0.000244 0 0 0 1 1 0 0 734.064 0 0.000796 -1 0 0 1 0.000796 0 0 0 0 1 1 0 0 734.064 0 0.000796 -1 0 0 1 0.000796 0 0 0 0 1 1 0 0 734.064 0 0.000796 -1 -0.000015 0 1 0.000796 -0.000122 0 0 0 1 1 0 0 734.064 0 0.000796 -1 -0.000122 0 1 0.000796 -0.000122 0 0 0 1 1 0 0 734.064 0 0.000796 -1 0.000183 0 1 0.000796 0.000244 0 0 0 1 1 0 0 734.064 0 0.000796 -1 -0.000122 0 1 0.000796 -0.000122 0 0 0 1 1 0 0 734.064 0 0.000796 -1 0 0 1 0.000796 -0.000244 0 0 0 1 1 0 0 734.064 0 0.000796 -1 0.000122 0 1 0.000796 0 0 0 0 1 1 0 0 734.064 0 0.000796 -1 0.000122 0 1 0.000796 -0.000122 0 0 0 1 1 0 0 734.064 0 0.000796 -1 0 0 1 0.000796 0 0 0 0 1 1 0 0 734.064 0 0.000796 -1 0 0 1 0.000796 0.000244 0 0 0 1 1 0 0 734.064 0 0.000796 -1 0.00003 0 1 0.000796 0.000122 0 0 0 1 1 0 0 734.064 0 0.000796 -1 0 0 1 0.000796 0.000122 0 0 0 1 1 0 0 734.064 0 0.000796 -1 0 0 1 0.000796 0.000122 0 0 0 1 1 0 0 734.064 0 0.000796 -1 0 0 1 0.000796 0 0 0 0 1 1 0 0 734.064 0 0.000796 -1 -0.000015 0 1 0.000796 0 0 0 0 1 1 0 0 734.064 0 0.000796 -1 -0.000015 0 1 0.000796 0.000122 0 0 0 1 1 0 0 734.064 0 0.000796 -1 -0.00003 0 1 0.000796 0 0 0 0 1 1 0 0 734.064 0 0.000796 -1 -0.00003 0 1 0.000796 0 0 0 0 1 1 0 0 734.064 0 0.000796 -1 0 0 1 0.000796 0 0 0 0 1 1 0 0 734.064 0 0.000796 -1 0.00003 0 1 0.000796 -0.000244 0 0 0 1 1 0 0 734.064 0 0.000796 -1 0 0 1 0.000796 -0.000122 0 0 0 1 1 0 0 734.064 0 0.000796 -1 0 0 1 0.000796 0 0 0 0 1 1 0 0 734.064 0 0.000796 -1 -0.00003 0 1 0.000796 0 0 0 0 1 1 0 0 734.064 0 0.000796 -1 0.000015 0 1 0.000796 0.000122 0 0 0 1 1 0 0 734.064 0 0.000796 -1 0.000015 0 1 0.000796 -0.000122 0 0 0 1 1 0 0 734.064 0 0.000796 -1 0 0 1 0.000796 0.000244 0 0 0 1 1 0 0 734.064 0 0.000796 -1 0 0 1 0.000796 0 0 0 0 1 1 0 0 734.064 0 0.000796 -1 0.000061 0 1 0.000796 0.000122 0 0 0 1 1 0 0 734.064 0 0.000796 -1 -0.00003 0 1 0.000796 -0.000122 0 0 0 1 1 0 0 734.064 0 0.000796 -1 0.00003 0 1 0.000796 0 0 0 0 1 1 0 0 734.064 0 0.000796 -1 0.000061 0 1 0.000796 0.000122 0 0 0 1 1 0 0 734.064 0 0.000796 -1 0.000061 0 1 0.000796 0 0 0 0 1 1 0 0 734.064 0 0.000796 -1 0 0 1 0.000796 0.000122 0 0 0 1 1 0 0 734.064 0 0.000796 -1 0.000045 0 1 0.000796 0 0 0 0 1 1 0 0 734.064 0 0.000796 -1 0 0 1 0.000796 -0.000122 0 0 0 1 1 0 0 734.064 0 0.000796 -1 -0.00003 0 1 0.000796 -0.000244 0 0 0 1 1 0 0 734.064 0 0.000796 -1 0 0 1 0.000796 0.000122 0 0 0 1 1 0 0 734.064 0 0.000796 -1 0.00003 0 1 0.000796 0.000122 0 0 0 1 1 0 0 734.064 0 0.000796 -1 -0.000015 0 1 0.000796 0 0 0 0 1 1 0 0 734.064 0 0.000796 -1 -0.000061 0 1 0.000796 -0.000122 0 0 0 1 1 0 0 734.064 0 0.000796 -1 0 0 1 0.000796 -0.000122 0 0 0 1 1 0 0 734.064 0 0.000796 -1 0.000061 0 1 0.000796 0.000122 0 0 0 1 1 0 0 734.064 0 0.000796 -1 0 0 1 0.000796 0 0 0 0 1 1 0 0 734.064 0 0.000796 -1 -0.000122 0 1 0.000796 -0.000244 0 0 0 1 1 0 0 734.064 0 0.000796 -1 -0.000122 0 1 0.000796 -0.000122 0 0 0 1 1 0 0 734.064 0 0.000796 -1 0.000122 0 1 0.000796 0 0 0 0 1 1 0 0 734.064 0 0.000796 -1 0 0 1 0.000796 0 0 0 0 1 1 0 0 734.064 0 0.000796 -1 0 0 1 0.000796 0.000122 0 0 0 1 1 0 0 734.064 0 0.000796 -1 -0.000122 0 1 0.000796 0 0 0 0 1 1 0 0 734.064 0 0.000796 -1 0.000122 0 1 0.000796 0 0 0 0 1 1 0 0 734.064 0 0.000796 -1 -0.000244 0 1 0.000796 -0.000122 0 0 0 1 1 0 0 734.064 0 0.000796 -1 -0.000122 0 1 0.000796 -0.000122 0 0 0 1 1 0 0 734.064 0 0.000796 -1 0 0 1 0.000796 0 0 0 0 1 1 0 0 734.064 0 0.000796 -1 0.000122 0 1 0.000796 -0.000122 0 0 0 1 1 0 0 734.064 0 0.000796 -1 -0.000244 0 1 0.000796 -0.000122 0 0 0 1</float_array>
        <technique_common>
          <accessor source="#Bip01_R_Hand-node-transform_Bip01_R_Hand-node_transform-output-array" count="146" stride="16">
            <param name="TRANSFORM" type="float4x4"/>
          </accessor>
        </technique_common>
      </source>
      <source id="Bip01_R_Hand-node-transform_Bip01_R_Hand-node_transform-interpolations">
        <Name_array id="Bip01_R_Hand-node-transform_Bip01_R_Hand-node_transform-interpolations-array" count="146">LINEAR LINEAR LINEAR LINEAR LINEAR LINEAR LINEAR LINEAR LINEAR LINEAR LINEAR LINEAR LINEAR LINEAR LINEAR LINEAR LINEAR LINEAR LINEAR LINEAR LINEAR LINEAR LINEAR LINEAR LINEAR LINEAR LINEAR LINEAR LINEAR LINEAR LINEAR LINEAR LINEAR LINEAR LINEAR LINEAR LINEAR LINEAR LINEAR LINEAR LINEAR LINEAR LINEAR LINEAR LINEAR LINEAR LINEAR LINEAR LINEAR LINEAR LINEAR LINEAR LINEAR LINEAR LINEAR LINEAR LINEAR LINEAR LINEAR LINEAR LINEAR LINEAR LINEAR LINEAR LINEAR LINEAR LINEAR LINEAR LINEAR LINEAR LINEAR LINEAR LINEAR LINEAR LINEAR LINEAR LINEAR LINEAR LINEAR LINEAR LINEAR LINEAR LINEAR LINEAR LINEAR LINEAR LINEAR LINEAR LINEAR LINEAR LINEAR LINEAR LINEAR LINEAR LINEAR LINEAR LINEAR LINEAR LINEAR LINEAR LINEAR LINEAR LINEAR LINEAR LINEAR LINEAR LINEAR LINEAR LINEAR LINEAR LINEAR LINEAR LINEAR LINEAR LINEAR LINEAR LINEAR LINEAR LINEAR LINEAR LINEAR LINEAR LINEAR LINEAR LINEAR LINEAR LINEAR LINEAR LINEAR LINEAR LINEAR LINEAR LINEAR LINEAR LINEAR LINEAR LINEAR LINEAR LINEAR LINEAR LINEAR LINEAR LINEAR LINEAR LINEAR LINEAR</Name_array>
        <technique_common>
          <accessor source="#Bip01_R_Hand-node-transform_Bip01_R_Hand-node_transform-interpolations-array" count="146" stride="1">
            <param name="INTERPOLATION" type="Name"/>
          </accessor>
        </technique_common>
      </source>
      <sampler id="Bip01_R_Hand-node-transform_Bip01_R_Hand-node_transform-sampler">
        <input semantic="INPUT" source="#Bip01_R_Hand-node-transform_Bip01_R_Hand-node_transform-input"/>
        <input semantic="OUTPUT" source="#Bip01_R_Hand-node-transform_Bip01_R_Hand-node_transform-output"/>
        <input semantic="INTERPOLATION" source="#Bip01_R_Hand-node-transform_Bip01_R_Hand-node_transform-interpolations"/>
      </sampler>
      <channel source="#Bip01_R_Hand-node-transform_Bip01_R_Hand-node_transform-sampler" target="Bip01_R_Hand-node/transform"/>
    </animation>
    <animation id="bucket-node-translation">
      <source id="bucket-node-translation_bucket-node_translation-input">
        <float_array id="bucket-node-translation_bucket-node_translation-input-array" count="13">0.9 1 1.1 1.2 1.3 1.4 1.8 1.9 13.2 13.3 13.4 13.5 13.6</float_array>
        <technique_common>
          <accessor source="#bucket-node-translation_bucket-node_translation-input-array" count="13" stride="1">
            <param name="TIME" type="float"/>
          </accessor>
        </technique_common>
        <technique profile="MAYA">
          <pre_infinity>CONSTANT</pre_infinity>
          <post_infinity>CONSTANT</post_infinity>
        </technique>
      </source>
      <source id="bucket-node-translation_bucket-node_translation-output">
        <float_array id="bucket-node-translation_bucket-node_translation-output-array" count="39">-2602.66 9.46252 1805.7 -1703.63 -958.76 2541.24 -1795.78 -958.76 2692.7 -1735.84 -979.26 2507.35 -1675.91 -999.76 2692.7 -1703.63 -958.76 2541.24 -1703.63 -958.76 2541.24 -1593.44 -603.861 1805.7 -1593.44 -603.861 1805.7 -686.361 -1294.82 1288.9 -2602.66 9.46252 1805.7 -2602.66 9.46252 1805.7 -1231.81 -1377.77 1805.7</float_array>
        <technique_common>
          <accessor source="#bucket-node-translation_bucket-node_translation-output-array" count="13" stride="3">
            <param name="X" type="float"/>
            <param name="Y" type="float"/>
            <param name="Z" type="float"/>
          </accessor>
        </technique_common>
      </source>
      <source id="bucket-node-translation_bucket-node_translation-interpolations">
        <Name_array id="bucket-node-translation_bucket-node_translation-interpolations-array" count="13">BEZIER BEZIER BEZIER BEZIER BEZIER BEZIER BEZIER BEZIER BEZIER BEZIER BEZIER BEZIER BEZIER</Name_array>
        <technique_common>
          <accessor source="#bucket-node-translation_bucket-node_translation-interpolations-array" count="13" stride="1">
            <param name="INTERPOLATION" type="Name"/>
          </accessor>
        </technique_common>
      </source>
      <source id="bucket-node-translation_bucket-node_translation-intangents">
        <float_array id="bucket-node-translation_bucket-node_translation-intangents-array" count="78">0.567069 -2602.66 0.567069 9.46252 0.567069 1805.7 0.9667 -1703.63 0.9667 -958.76 0.9667 2393.56 1.0667 -1795.78 1.0667 -958.76 1.0667 2692.7 1.1667 -1755.8 1.1667 -972.434 1.1667 2507.35 1.2667 -1675.91 1.2667 -999.76 1.2667 2692.7 1.3667 -1703.63 1.3667 -958.76 1.3667 2541.24 1.6668 -1703.63 1.6668 -958.76 1.6668 2541.24 1.8667 -1593.44 1.8667 -603.861 1.8667 1805.7 9.4371 -1593.44 9.4371 -603.861 9.4371 1805.7 13.2667 -686.361 13.2667 -1294.82 13.2667 1288.9 13.3667 -2602.66 13.3667 9.46252 13.3667 1805.7 13.4667 -2602.66 13.4667 9.46252 13.4667 1805.7 13.5667 -1231.81 13.5667 -1377.77 13.5667 1805.7</float_array>
        <technique_common>
          <accessor source="#bucket-node-translation_bucket-node_translation-intangents-array" count="13" stride="6">
            <param name="X" type="float"/>
            <param name="Y" type="float"/>
            <param name="X" type="float"/>
            <param name="Y" type="float"/>
            <param name="X" type="float"/>
            <param name="Y" type="float"/>
          </accessor>
        </technique_common>
      </source>
      <source id="bucket-node-translation_bucket-node_translation-outtangents">
        <float_array id="bucket-node-translation_bucket-node_translation-outtangents-array" count="78">0.9333 -2602.66 0.9333 9.46252 0.9333 1805.7 1.0333 -1703.63 1.0333 -958.76 1.0333 2688.93 1.1333 -1795.78 1.1333 -958.76 1.1333 2692.7 1.2333 -1715.88 1.2333 -986.086 1.2333 2507.35 1.3333 -1675.91 1.3333 -999.76 1.3333 2692.7 1.5332 -1703.63 1.5332 -958.76 1.5332 2541.24 1.8333 -1703.63 1.8333 -958.76 1.8333 2541.24 5.6629 -1593.44 5.6629 -603.861 5.6629 1805.7 13.2333 -1593.44 13.2333 -603.861 13.2333 1805.7 13.3333 -686.361 13.3333 -1294.82 13.3333 1288.9 13.4333 -2602.66 13.4333 9.46252 13.4333 1805.7 13.5333 -2602.66 13.5333 9.46252 13.5333 1805.7 13.9329 -1231.81 13.9329 -1377.77 13.9329 1805.7</float_array>
        <technique_common>
          <accessor source="#bucket-node-translation_bucket-node_translation-outtangents-array" count="13" stride="6">
            <param name="X" type="float"/>
            <param name="Y" type="float"/>
            <param name="X" type="float"/>
            <param name="Y" type="float"/>
            <param name="X" type="float"/>
            <param name="Y" type="float"/>
          </accessor>
        </technique_common>
      </source>
      <sampler id="bucket-node-translation_bucket-node_translation-sampler">
        <input semantic="INPUT" source="#bucket-node-translation_bucket-node_translation-input"/>
        <input semantic="OUTPUT" source="#bucket-node-translation_bucket-node_translation-output"/>
        <input semantic="INTERPOLATION" source="#bucket-node-translation_bucket-node_translation-interpolations"/>
        <input semantic="IN_TANGENT" source="#bucket-node-translation_bucket-node_translation-intangents"/>
        <input semantic="OUT_TANGENT" source="#bucket-node-translation_bucket-node_translation-outtangents"/>
      </sampler>
      <channel source="#bucket-node-translation_bucket-node_translation-sampler" target="bucket-node/translation"/>
    </animation>
    <animation id="bucket-node-rz">
      <source id="bucket-node-rz_bucket-node_RotZ.ANGLE-input">
        <float_array id="bucket-node-rz_bucket-node_RotZ.ANGLE-input-array" count="12">0.9 1 1.1 1.3 1.4 1.8 1.9 13.2 13.3 13.4 13.5 13.6</float_array>
        <technique_common>
          <accessor source="#bucket-node-rz_bucket-node_RotZ.ANGLE-input-array" count="12" stride="1">
            <param name="TIME" type="float"/>
          </accessor>
        </technique_common>
        <technique profile="MAYA">
          <pre_infinity>CONSTANT</pre_infinity>
          <post_infinity>CONSTANT</post_infinity>
        </technique>
      </source>
      <source id="bucket-node-rz_bucket-node_RotZ.ANGLE-output">
        <float_array id="bucket-node-rz_bucket-node_RotZ.ANGLE-output-array" count="12">50 50 50 50 50 50 50 50 190 50 50 50</float_array>
        <technique_common>
          <accessor source="#bucket-node-rz_bucket-node_RotZ.ANGLE-output-array" count="12" stride="1">
            <param name="ANGLE" type="float"/>
          </accessor>
        </technique_common>
      </source>
      <source id="bucket-node-rz_bucket-node_RotZ.ANGLE-interpolations">
        <Name_array id="bucket-node-rz_bucket-node_RotZ.ANGLE-interpolations-array" count="12">BEZIER BEZIER BEZIER BEZIER BEZIER BEZIER BEZIER BEZIER BEZIER BEZIER BEZIER BEZIER</Name_array>
        <technique_common>
          <accessor source="#bucket-node-rz_bucket-node_RotZ.ANGLE-interpolations-array" count="12" stride="1">
            <param name="INTERPOLATION" type="Name"/>
          </accessor>
        </technique_common>
      </source>
      <source id="bucket-node-rz_bucket-node_RotZ.ANGLE-intangents">
        <float_array id="bucket-node-rz_bucket-node_RotZ.ANGLE-intangents-array" count="24">0.567069 50 0.9667 50 1.0667 50 1.2334 50 1.3667 50 1.6668 50 1.8667 50 9.4371 50 13.2667 190 13.3667 50 13.4667 50 13.5667 50</float_array>
        <technique_common>
          <accessor source="#bucket-node-rz_bucket-node_RotZ.ANGLE-intangents-array" count="12" stride="2">
            <param name="X" type="float"/>
            <param name="Y" type="float"/>
          </accessor>
        </technique_common>
      </source>
      <source id="bucket-node-rz_bucket-node_RotZ.ANGLE-outtangents">
        <float_array id="bucket-node-rz_bucket-node_RotZ.ANGLE-outtangents-array" count="24">0.9333 50 1.0333 50 1.1666 50 1.3333 50 1.5332 50 1.8333 50 5.6629 50 13.2333 50 13.3333 190 13.4333 50 13.5333 50 13.9329 50</float_array>
        <technique_common>
          <accessor source="#bucket-node-rz_bucket-node_RotZ.ANGLE-outtangents-array" count="12" stride="2">
            <param name="X" type="float"/>
            <param name="Y" type="float"/>
          </accessor>
        </technique_common>
      </source>
      <sampler id="bucket-node-rz_bucket-node_RotZ.ANGLE-sampler">
        <input semantic="INPUT" source="#bucket-node-rz_bucket-node_RotZ.ANGLE-input"/>
        <input semantic="OUTPUT" source="#bucket-node-rz_bucket-node_RotZ.ANGLE-output"/>
        <input semantic="INTERPOLATION" source="#bucket-node-rz_bucket-node_RotZ.ANGLE-interpolations"/>
        <input semantic="IN_TANGENT" source="#bucket-node-rz_bucket-node_RotZ.ANGLE-intangents"/>
        <input semantic="OUT_TANGENT" source="#bucket-node-rz_bucket-node_RotZ.ANGLE-outtangents"/>
      </sampler>
      <channel source="#bucket-node-rz_bucket-node_RotZ.ANGLE-sampler" target="bucket-node/RotZ.ANGLE"/>
    </animation>
    <animation id="bucket-node-ry">
      <source id="bucket-node-ry_bucket-node_RotY.ANGLE-input">
        <float_array id="bucket-node-ry_bucket-node_RotY.ANGLE-input-array" count="12">0.9 1 1.1 1.3 1.4 1.8 1.9 13.2 13.3 13.4 13.5 13.6</float_array>
        <technique_common>
          <accessor source="#bucket-node-ry_bucket-node_RotY.ANGLE-input-array" count="12" stride="1">
            <param name="TIME" type="float"/>
          </accessor>
        </technique_common>
        <technique profile="MAYA">
          <pre_infinity>CONSTANT</pre_infinity>
          <post_infinity>CONSTANT</post_infinity>
        </technique>
      </source>
      <source id="bucket-node-ry_bucket-node_RotY.ANGLE-output">
        <float_array id="bucket-node-ry_bucket-node_RotY.ANGLE-output-array" count="12">0 0 0 0 0 0 0 0 -60 0 0 0</float_array>
        <technique_common>
          <accessor source="#bucket-node-ry_bucket-node_RotY.ANGLE-output-array" count="12" stride="1">
            <param name="ANGLE" type="float"/>
          </accessor>
        </technique_common>
      </source>
      <source id="bucket-node-ry_bucket-node_RotY.ANGLE-interpolations">
        <Name_array id="bucket-node-ry_bucket-node_RotY.ANGLE-interpolations-array" count="12">BEZIER BEZIER BEZIER BEZIER BEZIER BEZIER BEZIER BEZIER BEZIER BEZIER BEZIER BEZIER</Name_array>
        <technique_common>
          <accessor source="#bucket-node-ry_bucket-node_RotY.ANGLE-interpolations-array" count="12" stride="1">
            <param name="INTERPOLATION" type="Name"/>
          </accessor>
        </technique_common>
      </source>
      <source id="bucket-node-ry_bucket-node_RotY.ANGLE-intangents">
        <float_array id="bucket-node-ry_bucket-node_RotY.ANGLE-intangents-array" count="24">0.567069 0 0.9667 0 1.0667 0 1.2334 0 1.3667 0 1.6668 0 1.8667 0 9.4371 0 13.2667 -60 13.3667 0 13.4667 0 13.5667 0</float_array>
        <technique_common>
          <accessor source="#bucket-node-ry_bucket-node_RotY.ANGLE-intangents-array" count="12" stride="2">
            <param name="X" type="float"/>
            <param name="Y" type="float"/>
          </accessor>
        </technique_common>
      </source>
      <source id="bucket-node-ry_bucket-node_RotY.ANGLE-outtangents">
        <float_array id="bucket-node-ry_bucket-node_RotY.ANGLE-outtangents-array" count="24">0.9333 0 1.0333 0 1.1666 0 1.3333 0 1.5332 0 1.8333 0 5.6629 0 13.2333 0 13.3333 -60 13.4333 0 13.5333 0 13.9329 0</float_array>
        <technique_common>
          <accessor source="#bucket-node-ry_bucket-node_RotY.ANGLE-outtangents-array" count="12" stride="2">
            <param name="X" type="float"/>
            <param name="Y" type="float"/>
          </accessor>
        </technique_common>
      </source>
      <sampler id="bucket-node-ry_bucket-node_RotY.ANGLE-sampler">
        <input semantic="INPUT" source="#bucket-node-ry_bucket-node_RotY.ANGLE-input"/>
        <input semantic="OUTPUT" source="#bucket-node-ry_bucket-node_RotY.ANGLE-output"/>
        <input semantic="INTERPOLATION" source="#bucket-node-ry_bucket-node_RotY.ANGLE-interpolations"/>
        <input semantic="IN_TANGENT" source="#bucket-node-ry_bucket-node_RotY.ANGLE-intangents"/>
        <input semantic="OUT_TANGENT" source="#bucket-node-ry_bucket-node_RotY.ANGLE-outtangents"/>
      </sampler>
      <channel source="#bucket-node-ry_bucket-node_RotY.ANGLE-sampler" target="bucket-node/RotY.ANGLE"/>
    </animation>
    <animation id="bucket-node-rx">
      <source id="bucket-node-rx_bucket-node_RotX.ANGLE-input">
        <float_array id="bucket-node-rx_bucket-node_RotX.ANGLE-input-array" count="12">0.9 1 1.1 1.3 1.4 1.8 1.9 13.2 13.3 13.4 13.5 13.6</float_array>
        <technique_common>
          <accessor source="#bucket-node-rx_bucket-node_RotX.ANGLE-input-array" count="12" stride="1">
            <param name="TIME" type="float"/>
          </accessor>
        </technique_common>
        <technique profile="MAYA">
          <pre_infinity>CONSTANT</pre_infinity>
          <post_infinity>CONSTANT</post_infinity>
        </technique>
      </source>
      <source id="bucket-node-rx_bucket-node_RotX.ANGLE-output">
        <float_array id="bucket-node-rx_bucket-node_RotX.ANGLE-output-array" count="12">0 0 -2.77504 6.17618 0 0 0 0 0 0 0 0</float_array>
        <technique_common>
          <accessor source="#bucket-node-rx_bucket-node_RotX.ANGLE-output-array" count="12" stride="1">
            <param name="ANGLE" type="float"/>
          </accessor>
        </technique_common>
      </source>
      <source id="bucket-node-rx_bucket-node_RotX.ANGLE-interpolations">
        <Name_array id="bucket-node-rx_bucket-node_RotX.ANGLE-interpolations-array" count="12">BEZIER BEZIER BEZIER BEZIER BEZIER BEZIER BEZIER BEZIER BEZIER BEZIER BEZIER BEZIER</Name_array>
        <technique_common>
          <accessor source="#bucket-node-rx_bucket-node_RotX.ANGLE-interpolations-array" count="12" stride="1">
            <param name="INTERPOLATION" type="Name"/>
          </accessor>
        </technique_common>
      </source>
      <source id="bucket-node-rx_bucket-node_RotX.ANGLE-intangents">
        <float_array id="bucket-node-rx_bucket-node_RotX.ANGLE-intangents-array" count="24">0.567069 0 0.9667 0 1.0667 -2.77504 1.2334 6.17618 1.3667 0 1.6668 0 1.8667 0 9.4371 0 13.2667 0 13.3667 0 13.4667 0 13.5667 0</float_array>
        <technique_common>
          <accessor source="#bucket-node-rx_bucket-node_RotX.ANGLE-intangents-array" count="12" stride="2">
            <param name="X" type="float"/>
            <param name="Y" type="float"/>
          </accessor>
        </technique_common>
      </source>
      <source id="bucket-node-rx_bucket-node_RotX.ANGLE-outtangents">
        <float_array id="bucket-node-rx_bucket-node_RotX.ANGLE-outtangents-array" count="24">0.9333 0 1.0333 0 1.1666 -2.77504 1.3333 6.17618 1.5332 0 1.8333 0 5.6629 0 13.2333 0 13.3333 0 13.4333 0 13.5333 0 13.9329 0</float_array>
        <technique_common>
          <accessor source="#bucket-node-rx_bucket-node_RotX.ANGLE-outtangents-array" count="12" stride="2">
            <param name="X" type="float"/>
            <param name="Y" type="float"/>
          </accessor>
        </technique_common>
      </source>
      <sampler id="bucket-node-rx_bucket-node_RotX.ANGLE-sampler">
        <input semantic="INPUT" source="#bucket-node-rx_bucket-node_RotX.ANGLE-input"/>
        <input semantic="OUTPUT" source="#bucket-node-rx_bucket-node_RotX.ANGLE-output"/>
        <input semantic="INTERPOLATION" source="#bucket-node-rx_bucket-node_RotX.ANGLE-interpolations"/>
        <input semantic="IN_TANGENT" source="#bucket-node-rx_bucket-node_RotX.ANGLE-intangents"/>
        <input semantic="OUT_TANGENT" source="#bucket-node-rx_bucket-node_RotX.ANGLE-outtangents"/>
      </sampler>
      <channel source="#bucket-node-rx_bucket-node_RotX.ANGLE-sampler" target="bucket-node/RotX.ANGLE"/>
    </animation>
    <animation id="bucket-node-scale">
      <source id="bucket-node-scale_bucket-node_scale-input">
        <float_array id="bucket-node-scale_bucket-node_scale-input-array" count="10">0.9 1 1.4 1.8 1.9 13.2 13.3 13.4 13.5 13.6</float_array>
        <technique_common>
          <accessor source="#bucket-node-scale_bucket-node_scale-input-array" count="10" stride="1">
            <param name="TIME" type="float"/>
          </accessor>
        </technique_common>
        <technique profile="MAYA">
          <pre_infinity>CONSTANT</pre_infinity>
          <post_infinity>CONSTANT</post_infinity>
        </technique>
      </source>
      <source id="bucket-node-scale_bucket-node_scale-output">
        <float_array id="bucket-node-scale_bucket-node_scale-output-array" count="30">1 1 1 1 1 1 1 1 1 1 1 1 1 1 1 1 1 1 1 1 1 1 1 1 1 1 1 1 1 1</float_array>
        <technique_common>
          <accessor source="#bucket-node-scale_bucket-node_scale-output-array" count="10" stride="3">
            <param name="X" type="float"/>
            <param name="Y" type="float"/>
            <param name="Z" type="float"/>
          </accessor>
        </technique_common>
      </source>
      <source id="bucket-node-scale_bucket-node_scale-interpolations">
        <Name_array id="bucket-node-scale_bucket-node_scale-interpolations-array" count="10">BEZIER BEZIER BEZIER BEZIER BEZIER BEZIER BEZIER BEZIER BEZIER BEZIER</Name_array>
        <technique_common>
          <accessor source="#bucket-node-scale_bucket-node_scale-interpolations-array" count="10" stride="1">
            <param name="INTERPOLATION" type="Name"/>
          </accessor>
        </technique_common>
      </source>
      <source id="bucket-node-scale_bucket-node_scale-intangents">
        <float_array id="bucket-node-scale_bucket-node_scale-intangents-array" count="60">0.567069 1 0.567069 1 0.567069 1 0.9667 1 0.9667 1 0.9667 1 1.2668 1 1.2668 1 1.2668 1 1.6668 1 1.6668 1 1.6668 1 1.8667 1 1.8667 1 1.8667 1 9.4371 1 9.4371 1 9.4371 1 13.2667 1 13.2667 1 13.2667 1 13.3667 1 13.3667 1 13.3667 1 13.4667 1 13.4667 1 13.4667 1 13.5667 1 13.5667 1 13.5667 1</float_array>
        <technique_common>
          <accessor source="#bucket-node-scale_bucket-node_scale-intangents-array" count="10" stride="6">
            <param name="X" type="float"/>
            <param name="Y" type="float"/>
            <param name="X" type="float"/>
            <param name="Y" type="float"/>
            <param name="X" type="float"/>
            <param name="Y" type="float"/>
          </accessor>
        </technique_common>
      </source>
      <source id="bucket-node-scale_bucket-node_scale-outtangents">
        <float_array id="bucket-node-scale_bucket-node_scale-outtangents-array" count="60">0.9333 1 0.9333 1 0.9333 1 1.1332 1 1.1332 1 1.1332 1 1.5332 1 1.5332 1 1.5332 1 1.8333 1 1.8333 1 1.8333 1 5.6629 1 5.6629 1 5.6629 1 13.2333 1 13.2333 1 13.2333 1 13.3333 1 13.3333 1 13.3333 1 13.4333 1 13.4333 1 13.4333 1 13.5333 1 13.5333 1 13.5333 1 13.9329 1 13.9329 1 13.9329 1</float_array>
        <technique_common>
          <accessor source="#bucket-node-scale_bucket-node_scale-outtangents-array" count="10" stride="6">
            <param name="X" type="float"/>
            <param name="Y" type="float"/>
            <param name="X" type="float"/>
            <param name="Y" type="float"/>
            <param name="X" type="float"/>
            <param name="Y" type="float"/>
          </accessor>
        </technique_common>
      </source>
      <sampler id="bucket-node-scale_bucket-node_scale-sampler">
        <input semantic="INPUT" source="#bucket-node-scale_bucket-node_scale-input"/>
        <input semantic="OUTPUT" source="#bucket-node-scale_bucket-node_scale-output"/>
        <input semantic="INTERPOLATION" source="#bucket-node-scale_bucket-node_scale-interpolations"/>
        <input semantic="IN_TANGENT" source="#bucket-node-scale_bucket-node_scale-intangents"/>
        <input semantic="OUT_TANGENT" source="#bucket-node-scale_bucket-node_scale-outtangents"/>
      </sampler>
      <channel source="#bucket-node-scale_bucket-node_scale-sampler" target="bucket-node/scale"/>
    </animation>
  </library_animations>
  <library_materials>
    <material id="hair" name="hair">
      <instance_effect url="#hair-fx"/>
    </material>
    <material id="texture" name="texture">
      <instance_effect url="#texture-fx"/>
    </material>
    <material id="tray" name="tray">
      <instance_effect url="#tray-fx"/>
    </material>
    <material id="cleaner" name="cleaner">
      <instance_effect url="#cleaner-fx"/>
    </material>
    <material id="repair" name="repair">
      <instance_effect url="#repair-fx"/>
    </material>
  </library_materials>
  <library_effects>
    <effect id="hair-fx" name="hair">
      <profile_COMMON>
        <technique sid="common">
          <blinn>
            <ambient>
              <color>0.443137 0.321569 0.262745 1</color>
            </ambient>
            <diffuse>
              <color>0.443137 0.321569 0.262745 1</color>
            </diffuse>
            <specular>
              <color>0.9 0.9 0.9 1</color>
            </specular>
            <shininess>
              <float>1.46862</float>
            </shininess>
            <reflective>
              <color>0 0 0 1</color>
            </reflective>
            <reflectivity>
              <float>1</float>
            </reflectivity>
            <transparent opaque="A_ONE">
              <color>1 1 1 1</color>
            </transparent>
            <transparency>
              <float>1</float>
            </transparency>
          </blinn>
          <extra>
            <technique profile="FCOLLADA">
              <spec_level>
                <float>0</float>
              </spec_level>
              <emission_level>
                <float>0</float>
              </emission_level>
            </technique>
          </extra>
        </technique>
      </profile_COMMON>
      <extra>
        <technique profile="MAX3D">
          <faceted>0</faceted>
          <double_sided>0</double_sided>
          <wireframe>0</wireframe>
          <face_map>0</face_map>
        </technique>
      </extra>
    </effect>
    <effect id="texture-fx" name="texture">
      <profile_COMMON>
        <technique sid="common">
          <blinn>
            <ambient>
              <color>0 0 0 1</color>
            </ambient>
            <diffuse>
              <color>0.588 0.588 0.588 1</color>
            </diffuse>
            <specular>
              <color>0 0 0 1</color>
            </specular>
            <shininess>
              <float>1.46862</float>
            </shininess>
            <reflective>
              <color>0 0 0 1</color>
            </reflective>
            <reflectivity>
              <float>1</float>
            </reflectivity>
            <transparent opaque="A_ONE">
              <color>1 1 1 1</color>
            </transparent>
            <transparency>
              <float>1</float>
            </transparency>
          </blinn>
          <extra>
            <technique profile="FCOLLADA">
              <spec_level>
                <float>0</float>
              </spec_level>
              <emission_level>
                <float>0</float>
              </emission_level>
            </technique>
          </extra>
        </technique>
      </profile_COMMON>
      <extra>
        <technique profile="MAX3D">
          <faceted>0</faceted>
          <double_sided>0</double_sided>
          <wireframe>0</wireframe>
          <face_map>0</face_map>
        </technique>
      </extra>
    </effect>
    <effect id="tray-fx" name="tray">
      <profile_COMMON>
        <technique sid="common">
          <blinn>
            <ambient>
              <color>0 0 0 1</color>
            </ambient>
            <diffuse>
              <color>0.588 0.588 0.588 1</color>
            </diffuse>
            <specular>
              <color>0 0 0 1</color>
            </specular>
            <shininess>
              <float>1.46862</float>
            </shininess>
            <reflective>
              <color>0 0 0 1</color>
            </reflective>
            <reflectivity>
              <float>1</float>
            </reflectivity>
            <transparent opaque="A_ONE">
              <color>1 1 1 1</color>
            </transparent>
            <transparency>
              <float>1</float>
            </transparency>
          </blinn>
          <extra>
            <technique profile="FCOLLADA">
              <spec_level>
                <float>0</float>
              </spec_level>
              <emission_level>
                <float>1</float>
              </emission_level>
            </technique>
          </extra>
        </technique>
      </profile_COMMON>
      <extra>
        <technique profile="MAX3D">
          <faceted>0</faceted>
          <double_sided>0</double_sided>
          <wireframe>0</wireframe>
          <face_map>0</face_map>
        </technique>
      </extra>
    </effect>
    <effect id="cleaner-fx" name="cleaner">
      <profile_COMMON>
        <technique sid="common">
          <blinn>
            <ambient>
              <color>0 0 0 1</color>
            </ambient>
            <diffuse>
              <color>0.588 0.588 0.588 1</color>
            </diffuse>
            <specular>
              <color>0 0 0 1</color>
            </specular>
            <shininess>
              <float>1.46862</float>
            </shininess>
            <reflective>
              <color>0 0 0 1</color>
            </reflective>
            <reflectivity>
              <float>1</float>
            </reflectivity>
            <transparent opaque="A_ONE">
              <color>1 1 1 1</color>
            </transparent>
            <transparency>
              <float>1</float>
            </transparency>
          </blinn>
          <extra>
            <technique profile="FCOLLADA">
              <spec_level>
                <float>0</float>
              </spec_level>
              <emission_level>
                <float>0</float>
              </emission_level>
            </technique>
          </extra>
        </technique>
      </profile_COMMON>
      <extra>
        <technique profile="MAX3D">
          <faceted>0</faceted>
          <double_sided>0</double_sided>
          <wireframe>0</wireframe>
          <face_map>0</face_map>
        </technique>
      </extra>
    </effect>
    <effect id="repair-fx" name="repair">
      <profile_COMMON>
        <technique sid="common">
          <blinn>
            <ambient>
              <color>0 0 0 1</color>
            </ambient>
            <diffuse>
              <color>0.588 0.588 0.588 1</color>
            </diffuse>
            <specular>
              <color>0 0 0 1</color>
            </specular>
            <shininess>
              <float>1.46862</float>
            </shininess>
            <reflective>
              <color>0 0 0 1</color>
            </reflective>
            <reflectivity>
              <float>1</float>
            </reflectivity>
            <transparent opaque="A_ONE">
              <color>1 1 1 1</color>
            </transparent>
            <transparency>
              <float>1</float>
            </transparency>
          </blinn>
          <extra>
            <technique profile="FCOLLADA">
              <spec_level>
                <float>0</float>
              </spec_level>
              <emission_level>
                <float>1</float>
              </emission_level>
            </technique>
          </extra>
        </technique>
      </profile_COMMON>
      <extra>
        <technique profile="MAX3D">
          <faceted>0</faceted>
          <double_sided>0</double_sided>
          <wireframe>0</wireframe>
          <face_map>0</face_map>
        </technique>
      </extra>
    </effect>
  </library_effects>
  <library_geometries>
    <geometry id="hair07-mesh" name="hair07">
      <mesh>
        <source id="hair07-mesh-positions">
          <float_array id="hair07-mesh-positions-array" count="111">-1003.76 -23.1337 6523.27 -66.8499 -266.166 6785.98 -66.85 -1230.38 6519.05 -756.14 1338.81 5910.42 -1630.03 323.329 5910.42 -66.8498 723.37 6523.27 -1215.64 -770.972 5910.75 -66.8501 -1793.32 5910.42 -1812 375.127 5013.28 -1125.98 -971.482 5204.37 -1165.29 -459.523 4274.91 622.44 1338.81 5910.42 734.72 1455.25 4719.73 -868.419 1455.25 4719.73 482.745 911.888 3847.78 -475.349 911.888 3847.78 870.057 -23.1339 6523.27 1496.33 323.329 5910.42 1082.31 -764.709 5910.42 1693.1 361.937 5025.48 1140.37 -971.482 5204.37 828.325 -1496.94 5544.68 1294.12 292.118 4103.29 1179.69 -459.523 4274.91 7.1982 -1533.67 5380.01 -1279.72 292.118 4103.29 -824.9 2205.09 5003.45 5.7802 1844.82 5875.48 5.78064 1141.56 5348.22 -523.046 1684.03 4446.69 490.016 1684.03 4446.69 814.269 2205.09 5003.45 5.7799 2871.73 5379.39 5.7799 2977.03 4334.76 5.78 2153.33 2797.83 -842.655 -1507.98 5544.92 6.65894 -1535.56 5383.88</float_array>
          <technique_common>
            <accessor source="#hair07-mesh-positions-array" count="37" stride="3">
              <param name="X" type="float"/>
              <param name="Y" type="float"/>
              <param name="Z" type="float"/>
            </accessor>
          </technique_common>
        </source>
        <source id="hair07-mesh-normals">
          <float_array id="hair07-mesh-normals-array" count="111">0 -0.043271 0.999063 -0.521498 0.007411 0.85322 0.000901 -0.573369 0.819296 -0.363964 0.80923 0.461169 -0.871053 0.167251 0.461838 0 0.464303 0.885677 -0.782508 -0.47047 0.407846 -0.00978 -0.964534 0.263778 -0.981326 0.143682 -0.127889 -0.835676 -0.520088 -0.176504 -0.864898 -0.379108 -0.328983 0.363382 0.809319 0.461472 0.407816 0.886585 -0.218296 -0.421694 0.873796 -0.242188 -0.559239 -0.819917 -0.122419 0.292901 0.771195 -0.565215 -0.266314 0.759583 -0.59339 0.521902 0.006689 0.852979 0.866722 0.169266 0.469193 0.765114 -0.431379 0.47803 0.983455 0.169358 -0.064293 0.884671 -0.46413 -0.044055 0.571518 -0.818949 -0.051872 0.855546 0.259814 -0.447814 0.907659 -0.327874 -0.262019 0.005433 -0.898448 -0.439046 -0.807962 0.221174 -0.546149 0.005526 -0.150153 0.988647 -0.970669 0.129653 0.202465 0.008304 -0.945248 0.326246 -0.65279 -0.694503 -0.302541 0.63536 -0.709221 -0.305488 0.973439 0.121178 0.194246 0.00566 0.828212 0.560387 0.006009 0.967061 -0.254473 0.005621 -0.022551 -0.99973 0.013126 -0.83734 -0.546526</float_array>
          <technique_common>
            <accessor source="#hair07-mesh-normals-array" count="37" stride="3">
              <param name="X" type="float"/>
              <param name="Y" type="float"/>
              <param name="Z" type="float"/>
            </accessor>
          </technique_common>
        </source>
        <source id="hair07-mesh-map-channel1">
          <float_array id="hair07-mesh-map-channel1-array" count="147">0.3227 0.6481 0.1317 0.4909 0.6663 0.0876 0.4961 0.6478 0.204 0.1101 0.6055 0.1384 0.2633 0.6055 0.1946 0.0244 0.6481 0.0325 0.3907 0.6055 0.2269 0.4971 0.6055 0.272 0.2573 0.5432 0.2161 0.4257 0.5448 0.2451 0.378 0.5212 0.1973 -0.1009 0.6055 0.1322 -0.1036 0.5228 0.1516 0.1116 0.5228 0.1579 -0.1339 0.4623 0.0824 0.1241 0.4623 0.0773 0.6717 0.6481 0.1228 -0.3283 0.6481 0.1228 0.8991 0.6055 0.1322 0.736 0.6055 0.1846 0.5942 0.6055 0.2399 0.8964 0.5228 0.1516 0.7412 0.5441 0.208 0.6089 0.5565 0.2229 0.7302 0.48 0.1607 0.6465 0.4919 0.183 0.5186 0.5636 0.2657 0.8661 0.4623 0.0824 0.2708 0.48 0.1529 0.3578 0.4919 0.1768 0.0683 0.5425 0.2323 -0.0036 0.6031 0.1677 0.5395 0.5784 0.0155 0.0613 0.5039 0.16 -0.0633 0.5039 0.1608 0.9287 0.5425 0.2344 0.9367 0.5039 0.1608 0.9964 0.6031 0.1677 -0.0021 0.5686 0.2918 0.9979 0.5686 0.2918 -0.002 0.4961 0.3045 -0.0029 0.3894 0.205 0.9971 0.3894 0.205 0.998 0.4961 0.3045 0.25 0.9414 0.9995 0.4102 0.9961 0.7593 0.4297 0.9141 0.7698 0.468525 0.581207 0.261234 0.518443 0.563905 0.265746</float_array>
          <technique_common>
            <accessor source="#hair07-mesh-map-channel1-array" count="49" stride="3">
              <param name="S" type="float"/>
              <param name="T" type="float"/>
              <param name="P" type="float"/>
            </accessor>
          </technique_common>
        </source>
        <vertices id="hair07-mesh-vertices">
          <input semantic="POSITION" source="#hair07-mesh-positions"/>
        </vertices>
        <triangles material="hair" count="59">
          <input semantic="VERTEX" source="#hair07-mesh-vertices" offset="0"/>
          <input semantic="NORMAL" source="#hair07-mesh-normals" offset="1"/>
          <input semantic="TEXCOORD" source="#hair07-mesh-map-channel1" offset="2" set="1"/>
          <p>1 0 1 0 1 0 2 2 2 0 1 0 3 3 3 4 4 4 5 5 5 3 3 3 0 1 0 2 2 2 6 6 6 7 7 7 3 3 3 8 8 8 4 4 4 9 9 9 8 8 8 10 10 10 1 0 1 5 5 5 0 1 0 11 11 11 3 3 3 5 5 5 11 11 11 12 12 12 3 3 3 3 3 3 12 12 12 13 13 13 7 7 7 6 6 6 35 14 47 12 12 12 14 15 14 13 13 13 13 13 13 14 15 14 15 16 15 16 17 16 1 0 1 2 2 2 11 11 11 5 5 5 16 17 17 17 18 19 11 11 18 16 17 16 17 18 19 16 17 16 18 19 20 18 19 20 2 2 2 7 7 7 12 12 21 11 11 18 19 20 22 19 20 22 11 11 18 17 18 19 19 20 22 17 18 19 18 19 20 20 21 23 19 20 22 18 19 20 21 22 23 18 19 20 7 7 7 22 23 24 12 12 21 19 20 22 23 24 25 19 20 22 20 21 23 5 5 5 1 0 1 16 17 17 18 19 20 16 17 16 2 2 2 21 22 23 7 7 7 36 25 48 0 1 0 4 4 4 6 6 6 0 1 0 6 6 6 2 2 2 4 4 4 8 8 8 6 6 6 7 7 7 35 14 47 36 25 48 6 6 6 8 8 8 9 9 9 12 12 21 22 23 24 14 15 27 19 20 22 23 24 25 22 23 24 13 13 13 15 16 15 25 26 28 3 3 3 13 13 13 8 8 8 10 10 29 8 8 8 25 26 28 25 26 28 8 8 8 13 13 13 27 27 31 26 28 30 28 29 32 26 28 30 29 30 33 28 29 32 29 30 33 30 31 34 28 29 32 30 31 36 31 32 35 28 29 32 31 32 35 27 27 37 28 29 32 26 28 30 27 27 31 32 33 38 31 32 35 32 33 39 27 27 37 26 28 30 33 34 40 34 35 41 29 30 33 26 28 30 34 35 41 30 31 34 29 30 33 34 35 41 31 32 35 30 31 36 34 35 42 33 34 43 31 32 35 34 35 42 31 32 35 33 34 43 32 33 39 26 28 30 32 33 38 33 34 40 21 22 45 24 36 44 20 21 46 21 22 23 20 21 20 18 19 7 35 14 47 6 6 6 9 9 9 35 14 47 9 9 9 24 36 26 36 25 48 35 14 47 24 36 26 21 22 23 36 25 48 24 36 26</p>
        </triangles>
      </mesh>
    </geometry>
    <geometry id="hair02-mesh" name="hair02">
      <mesh>
        <source id="hair02-mesh-positions">
          <float_array id="hair02-mesh-positions-array" count="78">3.7009 -281.218 6791.8 -933.206 -46.4699 6551.26 3.7004 -1423.92 6528.73 3.7014 700.033 6551.26 -685.588 1325.32 5938.41 -1559.48 309.844 5938.41 -1145.46 -1397.23 5938.41 -797.868 1462.37 4720.8 -1756.25 374.88 5020.52 -1125.98 -971.482 5204.37 7.1997 -1533.67 5380.01 3.70019 -2075.86 5894.4 -1279.72 292.119 4103.29 -1165.29 -459.522 4274.91 -478.613 911.888 3847.78 3.7002 -2062.51 6727.39 692.991 1325.32 5938.41 805.271 1462.37 4720.8 486.015 911.888 3847.78 940.608 -46.4708 6551.26 1566.88 309.842 5938.41 1152.86 -1397.23 5938.41 1763.65 374.879 5020.52 1140.38 -971.482 5204.37 1294.12 292.118 4103.29 1179.69 -459.523 4274.91</float_array>
          <technique_common>
            <accessor source="#hair02-mesh-positions-array" count="26" stride="3">
              <param name="X" type="float"/>
              <param name="Y" type="float"/>
              <param name="Z" type="float"/>
            </accessor>
          </technique_common>
        </source>
        <source id="hair02-mesh-normals">
          <float_array id="hair02-mesh-normals-array" count="93">-0.492105 0.057967 0.868604 0 0.001113 0.999999 0.000000 -0.026439 0.99965 -0.361874 0.8054 0.469444 0.000000 0.455794 0.890085 -0.852805 0.216494 0.475242 -0.75277 -0.268126 0.601203 -0.413119 0.881939 -0.226973 -0.976952 0.17869 -0.116768 -0.862133 -0.438301 -0.254202 0.001574 -0.753912 -0.656974 -0.000423 -0.935325 -0.353789 -0.404133 -0.810969 -0.423092 -0.829722 0.237299 -0.505224 -0.884175 -0.357599 -0.300594 -0.281975 0.76167 -0.583394 0.000000 0.297049 0.954862 -0.000000 -0.999872 0.016026 -0.328932 -0.813075 -0.480326 0.361874 0.8054 0.469444 0.412556 0.882352 -0.226391 0.280226 0.762435 -0.583237 0.492105 0.057966 0.868604 0.852805 0.216493 0.475242 0.751789 -0.266405 0.603193 0.97703 0.180067 -0.113965 0.866178 -0.434655 -0.246598 0.404595 -0.811763 -0.421122 0.831365 0.239302 -0.501565 0.886443 -0.354942 -0.297042 0.329858 -0.814165 -0.477839</float_array>
          <technique_common>
            <accessor source="#hair02-mesh-normals-array" count="31" stride="3">
              <param name="X" type="float"/>
              <param name="Y" type="float"/>
              <param name="Z" type="float"/>
            </accessor>
          </technique_common>
        </source>
        <source id="hair02-mesh-map-channel1">
          <float_array id="hair02-mesh-map-channel1-array" count="117">0.5026 0.6562 0.2133 0.3306 0.65 0.1254 0.5063 0.6667 0.0893 0.1035 0.6075 0.1318 -0.0192 0.65 0.0296 0.2652 0.6075 0.1862 0.4083 0.6075 0.2485 0.2576 0.5437 0.2094 0.1043 0.5229 0.1532 0.3956 0.5565 0.2179 0.5021 0.6075 0.2749 0.5026 0.5687 0.2406 0.2708 0.48 0.1529 0.3578 0.4919 0.1768 0.1247 0.4623 0.0776 0.5019 0.6622 0.3045 0.4237 0.585 0.2083 0.4343 0.5628 0.2323 -0.1101 0.6075 0.1362 -0.1099 0.5229 0.1576 -0.1344 0.4623 0.0827 0.6735 0.65 0.1317 0.9808 0.65 0.0296 0.8899 0.6075 0.1362 0.7353 0.6075 0.1933 0.5954 0.6075 0.2524 0.8901 0.5229 0.1576 0.7427 0.5437 0.2165 0.6089 0.5565 0.2229 0.8656 0.4623 0.0827 0.7302 0.48 0.1607 0.6465 0.4919 0.183 0.5811 0.585 0.2116 0.5701 0.5628 0.2352 0.0703 0.9141 0.7698 0.0898 0.9961 0.7593 0.25 0.9414 0.9995 0.4102 0.9961 0.7593 0.4297 0.9141 0.7698</float_array>
          <technique_common>
            <accessor source="#hair02-mesh-map-channel1-array" count="39" stride="3">
              <param name="S" type="float"/>
              <param name="T" type="float"/>
              <param name="P" type="float"/>
            </accessor>
          </technique_common>
        </source>
        <vertices id="hair02-mesh-vertices">
          <input semantic="POSITION" source="#hair02-mesh-positions"/>
        </vertices>
        <triangles material="hair" count="41">
          <input semantic="VERTEX" source="#hair02-mesh-vertices" offset="0"/>
          <input semantic="NORMAL" source="#hair02-mesh-normals" offset="1"/>
          <input semantic="TEXCOORD" source="#hair02-mesh-map-channel1" offset="2" set="1"/>
          <p>1 0 1 2 1 0 0 2 2 4 3 3 1 0 1 3 4 4 5 5 5 1 0 1 4 3 3 5 5 5 6 6 6 1 0 1 7 7 8 8 8 7 4 3 3 8 8 7 5 5 5 4 3 3 8 8 7 6 6 6 5 5 5 9 9 9 6 6 6 8 8 7 10 10 11 11 11 10 6 12 6 12 13 12 8 8 7 7 7 8 13 14 13 9 9 9 8 8 7 3 4 4 1 0 1 0 2 2 6 6 6 2 1 0 1 0 1 7 7 8 14 15 14 12 13 12 8 8 7 12 13 12 13 14 13 6 6 6 15 16 15 2 1 0 11 11 10 15 17 15 6 12 6 6 12 6 9 18 16 10 10 11 16 19 18 4 3 3 3 4 4 17 20 19 7 7 8 16 19 18 16 19 18 7 7 8 4 3 3 18 21 20 14 15 14 17 20 19 17 20 19 14 15 14 7 7 8 19 22 21 0 2 2 2 1 0 16 19 23 3 4 22 19 22 21 20 23 24 16 19 23 19 22 21 20 23 24 19 22 21 21 24 25 17 20 26 16 19 23 22 25 27 22 25 27 16 19 23 20 23 24 22 25 27 20 23 24 21 24 25 23 26 28 22 25 27 21 24 25 10 10 11 21 27 25 11 11 10 18 21 29 17 20 26 24 28 30 25 29 31 22 25 27 23 26 28 3 4 22 0 2 2 19 22 21 21 24 25 19 22 21 2 1 0 22 25 27 24 28 30 17 20 26 22 25 27 25 29 31 24 28 30 21 24 25 2 1 0 15 16 15 11 11 10 21 27 25 15 17 15 21 27 25 10 10 11 23 30 32</p>
        </triangles>
      </mesh>
    </geometry>
    <geometry id="hair05-mesh" name="hair05">
      <mesh>
        <source id="hair05-mesh-positions">
          <float_array id="hair05-mesh-positions-array" count="75">3.7002 -281.218 6791.8 -933.206 -46.4697 6551.26 3.69999 -1347.29 6513.1 3.7007 700.033 6551.26 -685.589 1325.32 5938.41 -1559.48 309.844 5938.41 -1145.46 -745.268 5914.48 -797.869 1462.37 4720.8 -1756.25 374.88 5020.52 -1125.98 -971.481 5204.37 7.2002 -1533.67 5380.01 3.6997 -1749.31 6020.74 -1279.72 292.119 4103.29 -1165.29 -459.522 4274.91 -478.614 911.888 3847.78 692.99 1325.32 5938.41 805.27 1462.37 4720.8 486.014 911.888 3847.78 940.607 -46.4706 6551.26 1566.88 309.842 5938.41 1152.86 -745.269 5914.48 1763.65 374.879 5020.52 1140.38 -971.482 5204.37 1294.12 292.118 4103.29 1179.69 -459.523 4274.91</float_array>
          <technique_common>
            <accessor source="#hair05-mesh-positions-array" count="25" stride="3">
              <param name="X" type="float"/>
              <param name="Y" type="float"/>
              <param name="Z" type="float"/>
            </accessor>
          </technique_common>
        </source>
        <source id="hair05-mesh-normals">
          <float_array id="hair05-mesh-normals-array" count="90">-0.522946 -0.004139 0.852356 0.000000 -0.389884 0.920864 0.000000 -0.042534 0.999095 -0.361874 0.8054 0.469444 0.000000 0.455794 0.890085 -0.869413 0.156899 0.468513 -0.802699 -0.410002 0.433096 -0.413119 0.881939 -0.226973 -0.982747 0.157323 -0.097254 -0.904296 -0.426336 -0.022035 -0.607101 -0.789781 0.0876 -0.000734 -0.971132 0.238542 -0.645543 -0.708731 0.28456 -0.829722 0.237298 -0.505224 -0.884175 -0.357599 -0.300594 -0.281975 0.76167 -0.583394 0 -0.774592 0.632461 0.001653 -0.947767 -0.31896 0.361874 0.8054 0.469444 0.412556 0.882352 -0.226391 0.280226 0.762435 -0.583237 0.522946 -0.00414 0.852355 0.869413 0.156898 0.468513 0.802433 -0.408141 0.435342 0.982765 0.15888 -0.094494 0.906493 -0.421897 -0.016501 0.607108 -0.789104 0.093461 0.831365 0.239302 -0.501565 0.886443 -0.354942 -0.297043 0.644914 -0.707555 0.288878</float_array>
          <technique_common>
            <accessor source="#hair05-mesh-normals-array" count="30" stride="3">
              <param name="X" type="float"/>
              <param name="Y" type="float"/>
              <param name="Z" type="float"/>
            </accessor>
          </technique_common>
        </source>
        <source id="hair05-mesh-map-channel1">
          <float_array id="hair05-mesh-map-channel1-array" count="87">0.5028 0.6474 0.203 0.3306 0.65 0.1254 0.5063 0.6667 0.0893 0.1035 0.6075 0.1318 -0.0192 0.65 0.0296 0.2652 0.6075 0.1862 0.4038 0.5973 0.2382 0.2576 0.5437 0.2094 0.1043 0.5229 0.1532 0.3956 0.5565 0.2179 0.5021 0.6132 0.2667 0.5026 0.5687 0.2406 0.2708 0.48 0.1529 0.3578 0.4919 0.1768 0.1247 0.4623 0.0776 -0.1101 0.6075 0.1362 -0.1099 0.5229 0.1576 -0.1344 0.4623 0.0827 0.6735 0.65 0.1317 0.9808 0.65 0.0296 0.8899 0.6075 0.1362 0.7353 0.6075 0.1933 0.6 0.5973 0.2423 0.8901 0.5229 0.1576 0.7427 0.5437 0.2165 0.6089 0.5565 0.2229 0.8656 0.4623 0.0827 0.7302 0.48 0.1607 0.6465 0.4919 0.183</float_array>
          <technique_common>
            <accessor source="#hair05-mesh-map-channel1-array" count="29" stride="3">
              <param name="S" type="float"/>
              <param name="T" type="float"/>
              <param name="P" type="float"/>
            </accessor>
          </technique_common>
        </source>
        <vertices id="hair05-mesh-vertices">
          <input semantic="POSITION" source="#hair05-mesh-positions"/>
        </vertices>
        <triangles material="hair" count="39">
          <input semantic="VERTEX" source="#hair05-mesh-vertices" offset="0"/>
          <input semantic="NORMAL" source="#hair05-mesh-normals" offset="1"/>
          <input semantic="TEXCOORD" source="#hair05-mesh-map-channel1" offset="2" set="1"/>
          <p>1 0 1 2 1 0 0 2 2 4 3 3 1 0 1 3 4 4 5 5 5 1 0 1 4 3 3 5 5 5 6 6 6 1 0 1 7 7 8 8 8 7 4 3 3 8 8 7 5 5 5 4 3 3 8 8 7 6 6 6 5 5 5 9 9 9 6 6 6 8 8 7 9 10 9 11 11 10 6 12 6 12 13 12 8 8 7 7 7 8 13 14 13 9 9 9 8 8 7 3 4 4 1 0 1 0 2 2 6 6 6 2 1 0 1 0 1 7 7 8 14 15 14 12 13 12 8 8 7 12 13 12 13 14 13 11 11 10 2 16 0 6 12 6 11 11 10 9 10 9 10 17 11 15 18 15 4 3 3 3 4 4 16 19 16 7 7 8 15 18 15 15 18 15 7 7 8 4 3 3 17 20 17 14 15 14 16 19 16 16 19 16 14 15 14 7 7 8 18 21 18 0 2 2 2 1 0 15 18 20 3 4 19 18 21 18 19 22 21 15 18 20 18 21 18 19 22 21 18 21 18 20 23 22 16 19 23 15 18 20 21 24 24 21 24 24 15 18 20 19 22 21 21 24 24 19 22 21 20 23 22 22 25 25 21 24 24 20 23 22 10 17 11 22 26 25 11 11 10 17 20 26 16 19 23 23 27 27 24 28 28 21 24 24 22 25 25 3 4 19 0 2 2 18 21 18 20 23 22 18 21 18 2 1 0 21 24 24 23 27 27 16 19 23 21 24 24 24 28 28 23 27 27 11 11 10 20 29 22 2 16 0 20 29 22 11 11 10 22 26 25</p>
        </triangles>
      </mesh>
    </geometry>
    <geometry id="hair03-mesh" name="hair03">
      <mesh>
        <source id="hair03-mesh-positions">
          <float_array id="hair03-mesh-positions-array" count="81">5.66566 -281.218 6791.8 -933.207 -46.4696 6551.26 5.27072 -1395.84 6482.63 5.66566 700.033 6551.26 -685.589 1325.33 5938.41 -1559.48 309.844 5938.41 -1145.46 -1267.26 5531.79 -797.869 1462.37 4720.8 -1756.25 374.88 5020.52 -1125.98 -971.481 5204.37 7.20005 -1533.67 5380.01 -89.7077 -1907.52 5487.08 -1279.72 292.119 4103.29 -1165.29 -459.522 4274.91 -478.614 911.888 3847.78 692.99 1325.32 5938.41 805.269 1462.37 4720.8 486.014 911.888 3847.78 940.606 -46.4705 6551.26 1566.88 309.843 5938.41 1152.86 -1267.26 5542.83 1763.65 374.879 5020.52 1140.37 -971.481 5204.37 1294.12 292.118 4103.29 1179.69 -459.523 4274.91 368.339 -1943.97 4912.16 1140.4 -1381.78 4470.8</float_array>
          <technique_common>
            <accessor source="#hair03-mesh-positions-array" count="27" stride="3">
              <param name="X" type="float"/>
              <param name="Y" type="float"/>
              <param name="Z" type="float"/>
            </accessor>
          </technique_common>
        </source>
        <source id="hair03-mesh-normals">
          <float_array id="hair03-mesh-normals-array" count="102">-0.529826 -0.012892 0.848008 0.004635 -0.647848 0.761756 0.000564 -0.05063 0.998717 -0.36185 0.805359 0.469533 0.000673 0.455794 0.890085 -0.859345 0.169406 0.482523 -0.7036 -0.710131 -0.025699 -0.413119 0.881939 -0.226973 -0.978988 0.172429 -0.108864 -0.702185 -0.5354 -0.469344 -0.197394 -0.327655 -0.923947 0.02659 -0.996934 0.073593 -0.829722 0.237299 -0.505224 -0.884175 -0.357599 -0.300594 -0.281975 0.76167 -0.583394 0.361898 0.805441 0.469355 0.412556 0.882352 -0.226391 0.280226 0.762435 -0.583237 0.52944 -0.011492 0.84827 0.859236 0.170453 0.482348 0.741308 -0.58438 0.330093 0.974295 0.203243 -0.09717 0.831365 0.239302 -0.501565 0.85938 -0.170735 -0.48199 0.498223 -0.825306 0.26579 -0.781161 0.023819 -0.623875 -0.705414 0.284044 -0.649392 -0.664709 0.226675 -0.711885 0.851167 -0.521308 -0.06125 -0.453376 0.777904 -0.435103 -0.527417 0.648389 -0.54902 -0.999049 0.038038 -0.021308 -0.999049 0.038038 -0.021308 -0.999049 0.038038 -0.021308</float_array>
          <technique_common>
            <accessor source="#hair03-mesh-normals-array" count="34" stride="3">
              <param name="X" type="float"/>
              <param name="Y" type="float"/>
              <param name="Z" type="float"/>
            </accessor>
          </technique_common>
        </source>
        <source id="hair03-mesh-map-channel1">
          <float_array id="hair03-mesh-map-channel1-array" count="132">0.4854 0.6536 0.2142 0.3306 0.65 0.1254 0.5063 0.6667 0.0893 0.1035 0.6075 0.1318 -0.0192 0.65 0.0296 0.2652 0.6075 0.1862 0.4083 0.5792 0.2485 0.2576 0.5437 0.2094 0.1043 0.5229 0.1532 0.3956 0.5565 0.2179 0.4852 0.6075 0.2761 0.5026 0.5687 0.2406 0.2708 0.48 0.1529 0.3578 0.4919 0.1768 0.1247 0.4623 0.0776 -0.1101 0.6075 0.1362 -0.1099 0.5229 0.1576 -0.1344 0.4623 0.0827 0.6735 0.65 0.1317 0.9808 0.65 0.0296 0.8899 0.6075 0.1362 0.7353 0.6075 0.1933 0.5954 0.6075 0.2524 0.8901 0.5229 0.1576 0.7427 0.5437 0.2165 0.6089 0.5565 0.2229 0.8656 0.4623 0.0827 0.7302 0.48 0.1607 0.6465 0.4919 0.183 0.5811 0.585 0.2116 0.4102 0.9961 0.7593 0.4297 0.9141 0.7698 0.25 0.9414 0.9995 0.5026 0.5687 0.2406 0.4852 0.6075 0.2761 0.5954 0.6075 0.2524 0.5811 0.585 0.2116 0.5954 0.6075 0.2524 0.5811 0.585 0.2116 0.5954 0.6075 0.2524 0.5954 0.6075 0.2524 0.7427 0.5437 0.2165 0.5954 0.6075 0.2524 0.7427 0.5437 0.2165</float_array>
          <technique_common>
            <accessor source="#hair03-mesh-map-channel1-array" count="44" stride="3">
              <param name="S" type="float"/>
              <param name="T" type="float"/>
              <param name="P" type="float"/>
            </accessor>
          </technique_common>
        </source>
        <vertices id="hair03-mesh-vertices">
          <input semantic="POSITION" source="#hair03-mesh-positions"/>
        </vertices>
        <triangles material="hair" count="43">
          <input semantic="VERTEX" source="#hair03-mesh-vertices" offset="0"/>
          <input semantic="NORMAL" source="#hair03-mesh-normals" offset="1"/>
          <input semantic="TEXCOORD" source="#hair03-mesh-map-channel1" offset="2" set="1"/>
          <p>1 0 1 2 1 0 0 2 2 4 3 3 1 0 1 3 4 4 5 5 5 1 0 1 4 3 3 5 5 5 6 6 6 1 0 1 7 7 8 8 8 7 4 3 3 8 8 7 5 5 5 4 3 3 8 8 7 6 6 6 5 5 5 9 9 9 6 6 6 8 8 7 10 10 11 11 11 10 6 6 6 12 12 12 8 8 7 7 7 8 13 13 13 9 9 9 8 8 7 3 4 4 1 0 1 0 2 2 6 6 6 2 1 0 1 0 1 7 7 8 14 14 14 12 12 12 8 8 7 12 12 12 13 13 13 11 11 10 2 1 0 6 6 6 6 6 6 9 9 9 10 10 11 15 15 15 4 3 3 3 4 4 16 16 16 7 7 8 15 15 15 15 15 15 7 7 8 4 3 3 17 17 17 14 14 14 16 16 16 16 16 16 14 14 14 7 7 8 18 18 18 0 2 2 2 1 0 15 15 20 3 4 19 18 18 18 19 19 21 15 15 20 18 18 18 19 19 21 18 18 18 20 20 22 16 16 23 15 15 20 21 21 24 21 21 24 15 15 20 19 19 21 21 21 24 19 19 21 20 20 22 17 17 26 16 16 23 23 22 27 3 4 19 0 2 2 18 18 18 20 20 22 18 18 18 2 1 0 21 21 24 23 22 27 16 16 23 21 21 24 24 23 28 23 22 27 11 11 10 25 24 34 20 20 22 11 25 10 10 26 11 25 27 33 20 20 22 2 1 0 11 11 10 25 24 34 26 28 35 20 20 22 10 26 11 22 29 29 26 30 36 26 30 36 25 27 33 10 26 11 22 31 38 24 32 39 26 33 35 21 21 24 20 20 22 26 28 40 21 21 24 26 28 40 24 23 42</p>
        </triangles>
      </mesh>
    </geometry>
    <geometry id="hair04-mesh" name="hair04">
      <mesh>
        <source id="hair04-mesh-positions">
          <float_array id="hair04-mesh-positions-array" count="81">3.6997 -281.218 6791.79 -929.707 -46.47 6551.25 3.69919 -1663.8 6372.91 3.7004 792.852 6551.25 -682.09 1334.52 5938.41 -1141.96 -766.961 5931.35 -794.37 1285.59 4720.8 -1752.75 374.88 5020.52 -1125.98 -971.481 5204.37 3.69919 -1824.74 5686.95 -1283.63 292.119 4103.29 -1166.29 -459.523 4274.91 -458.821 911.888 3847.78 35.9829 -1533.67 5380.01 692.99 1334.51 5938.41 805.269 1285.59 4720.8 523.609 911.888 3847.78 940.606 -46.4707 6551.25 1801.55 324.415 5941.32 1152.86 -766.962 5931.35 1763.65 374.879 5020.52 1197.94 -971.481 5204.37 1355.6 292.118 4103.29 1238.26 -459.523 4274.91 2129.51 2020.89 5951.43 -1787.15 324.416 5941.32 -2115.11 2020.89 5951.43</float_array>
          <technique_common>
            <accessor source="#hair04-mesh-positions-array" count="27" stride="3">
              <param name="X" type="float"/>
              <param name="Y" type="float"/>
              <param name="Z" type="float"/>
            </accessor>
          </technique_common>
        </source>
        <source id="hair04-mesh-normals">
          <float_array id="hair04-mesh-normals-array" count="81">-0.433277 -0.074854 0.898147 -0.000675 -0.787307 0.61656 -0.00047 -0.071832 0.997417 0.111528 0.854922 0.506627 -0.000663 0.475234 0.879859 -0.796035 -0.605188 -0.008675 -0.007039 -0.989865 -0.141836 -0.728535 -0.554335 0.40243 -0.82925 0.280008 -0.483674 -0.930468 -0.049372 -0.363032 -0.246727 0.874326 -0.417947 -0.885602 -0.357396 -0.296609 -0.26673 0.844673 -0.464092 0.017122 -0.726416 -0.687042 -0.11123 0.854916 0.506701 0.242243 0.881018 -0.406356 0.275802 0.848262 -0.45209 0.432141 -0.075141 0.89867 0.874327 -0.286287 0.391908 0.594265 0.769251 0.234737 0.713785 -0.551317 0.431926 0.806474 -0.590204 0.03549 0.937471 -0.028144 -0.346924 0.847992 0.295277 -0.440138 0.904914 -0.333339 -0.264606 -0.873947 -0.293662 0.387272 -0.5935 0.769709 0.235172</float_array>
          <technique_common>
            <accessor source="#hair04-mesh-normals-array" count="27" stride="3">
              <param name="X" type="float"/>
              <param name="Y" type="float"/>
              <param name="Z" type="float"/>
            </accessor>
          </technique_common>
        </source>
        <source id="hair04-mesh-map-channel1">
          <float_array id="hair04-mesh-map-channel1-array" count="186">0.5026 0.6403 0.2193 0.3306 0.65 0.1254 0.5063 0.6667 0.0893 0.0943 0.6075 0.1429 -0.0139 0.65 0.0407 0.2543 0.6075 0.2423 0.3922 0.6075 0.2159 0.2576 0.5437 0.2094 0.1194 0.5229 0.1369 0.3956 0.5565 0.2179 0.5022 0.6131 0.2568 0.4237 0.585 0.2083 0.2708 0.48 0.1529 0.3578 0.4919 0.1768 0.1247 0.4623 0.0776 0.5026 0.5687 0.2406 -0.1006 0.6075 0.1469 -0.1252 0.5229 0.1418 -0.1344 0.4623 0.0827 0.6735 0.65 0.1317 0.9861 0.65 0.0407 0.8994 0.6075 0.1469 0.7458 0.6075 0.2494 0.6118 0.6075 0.2204 0.8748 0.5229 0.1418 0.7427 0.5437 0.2165 0.6089 0.5565 0.2229 0.5811 0.585 0.2116 0.8656 0.4623 0.0827 0.7302 0.48 0.1607 0.6465 0.4919 0.183 0.0703 0.9141 0.7698 0.0898 0.9961 0.7593 0.25 0.9414 0.9995 0.4102 0.9961 0.7593 0.4297 0.9141 0.7698 0.8994 0.6075 0.1469 0.8748 0.5229 0.1418 0.7458 0.6075 0.2494 0.7427 0.5437 0.2165 0.7458 0.6075 0.2494 0.7458 0.6075 0.2494 0.6735 0.65 0.1317 0.6118 0.6075 0.2204 0.6089 0.5565 0.2229 0.7427 0.5437 0.2165 0.8748 0.5229 0.1418 0.8994 0.6075 0.1469 0.8994 0.6075 0.1469 0.8748 0.5229 0.1418 0.7427 0.5437 0.2165 0.7458 0.6075 0.2494 0.7458 0.6075 0.2494 0.6735 0.65 0.1317 0.6118 0.6075 0.2204 0.6089 0.5565 0.2229 0.7427 0.5437 0.2165 0.8748 0.5229 0.1418 0.8994 0.6075 0.1469 0.8994 0.6075 0.1469 0.8748 0.5229 0.1418 0.7427 0.5437 0.2165</float_array>
          <technique_common>
            <accessor source="#hair04-mesh-map-channel1-array" count="62" stride="3">
              <param name="S" type="float"/>
              <param name="T" type="float"/>
              <param name="P" type="float"/>
            </accessor>
          </technique_common>
        </source>
        <vertices id="hair04-mesh-vertices">
          <input semantic="POSITION" source="#hair04-mesh-positions"/>
        </vertices>
        <triangles material="hair" count="43">
          <input semantic="VERTEX" source="#hair04-mesh-vertices" offset="0"/>
          <input semantic="NORMAL" source="#hair04-mesh-normals" offset="1"/>
          <input semantic="TEXCOORD" source="#hair04-mesh-map-channel1" offset="2" set="1"/>
          <p>1 0 1 2 1 0 0 2 2 4 3 3 1 0 1 3 4 4 8 5 11 9 6 10 5 7 6 10 8 12 7 9 7 6 10 8 11 11 13 8 5 9 7 9 7 3 4 4 1 0 1 0 2 2 5 7 6 2 1 0 1 0 1 6 10 8 12 12 14 10 8 12 7 9 7 10 8 12 11 11 13 9 6 10 2 1 0 5 7 6 9 6 10 8 5 11 13 13 15 14 14 16 4 3 3 3 4 4 15 15 17 6 10 8 14 14 16 14 14 16 6 10 8 4 3 3 16 16 18 12 12 14 15 15 17 15 15 17 12 12 14 6 10 8 17 17 19 0 2 2 2 1 0 14 14 21 3 4 20 17 17 19 18 18 22 24 19 38 17 17 19 18 18 22 17 17 19 19 20 23 21 21 26 18 18 22 19 20 23 21 21 26 20 22 25 18 18 22 13 13 15 21 21 27 9 6 10 16 16 28 15 15 24 22 23 29 23 24 30 20 22 25 21 21 26 3 4 20 0 2 2 17 17 19 19 20 23 17 17 19 2 1 0 20 22 25 22 23 29 15 15 24 20 22 25 23 24 30 22 23 29 9 6 10 19 20 23 2 1 0 19 20 23 9 6 10 21 21 27 15 15 24 14 14 21 24 19 36 14 14 21 17 17 19 24 19 38 20 22 25 15 15 24 24 19 37 18 18 22 20 22 25 24 19 39 25 25 51 1 0 53 26 26 52 25 25 51 5 7 54 1 0 53 8 5 55 5 7 54 25 25 51 8 5 55 25 25 51 7 9 56 6 10 57 26 26 59 4 3 58 4 3 58 26 26 52 1 0 53 7 9 56 26 26 60 6 10 57 25 25 51 26 26 61 7 9 56</p>
        </triangles>
      </mesh>
    </geometry>
    <geometry id="hair08-mesh" name="hair08">
      <mesh>
        <source id="hair08-mesh-positions">
          <float_array id="hair08-mesh-positions-array" count="111">3.6997 -281.218 6791.79 -933.207 -46.4699 6551.26 119.17 -1357.12 6512.85 3.7004 792.852 6551.25 -589.248 1324.92 5938.4 -1541.07 403.115 5938.4 -1145.46 -736.107 5938.41 -747.594 1556.66 4901.07 -1595.09 374.88 5020.52 7.92822 -1749.16 5988.63 -1791.65 399.967 4073.53 -1165.29 -459.522 4274.91 -930.589 1209.21 3830.15 596.647 1324.92 5938.4 754.992 1556.66 4901.07 936.917 1209.21 3830.15 940.606 -46.4707 6551.25 1548.47 403.114 5938.4 1152.86 -750.159 5947.78 1602.49 374.879 5020.52 1140.38 -971.482 5204.37 1807.12 399.966 4073.53 1179.69 -459.523 4274.91 -696.347 994.188 3006.91 -1389.76 322.972 3262.41 -1078.75 144.704 3334.39 703.591 994.188 3006.91 1404.61 322.971 3262.41 1092.71 144.704 3334.39 7.1997 -1533.67 5380.01 -696.347 994.188 3006.91 -566.025 532.384 3178.53 703.591 994.188 3006.91 571.005 532.384 3178.53 -565.877 538.888 4270.74 571.153 538.888 4270.74 -1125.98 -971.481 5204.37</float_array>
          <technique_common>
            <accessor source="#hair08-mesh-positions-array" count="37" stride="3">
              <param name="X" type="float"/>
              <param name="Y" type="float"/>
              <param name="Z" type="float"/>
            </accessor>
          </technique_common>
        </source>
        <source id="hair08-mesh-normals">
          <float_array id="hair08-mesh-normals-array" count="126">-0.528494 -0.011378 0.848861 0.075893 -0.625026 0.776906 -0.013415 -0.051056 0.998606 -0.364513 0.795008 0.484863 0.000000 0.48494 0.874547 -0.885619 0.245011 0.394524 -0.777767 -0.491245 0.392117 -0.400799 0.915732 0.028206 -0.986095 0.122732 0.112046 -0.840948 -0.540285 0.029982 -0.000359 -0.942659 -0.333757 -0.022715 -0.976824 0.212834 -0.984567 0.024131 -0.173334 -0.428062 0.857539 -0.285289 -0.626707 -0.745605 -0.226522 0.364513 0.795008 0.484863 0.400226 0.915971 0.028557 0.420599 0.863131 -0.279467 0.531638 0.012067 0.846886 0.885069 0.247294 0.394332 0.79308 -0.482152 0.372227 0.985456 0.124588 0.115562 0.8432 -0.536919 0.027056 0.989703 0.045941 -0.135564 0.842894 -0.519586 -0.139861 -0.68093 -0.244336 -0.690387 -0.323677 0.88887 -0.324259 -0.035891 -0.754208 -0.655654 0.313571 0.890135 -0.330656 0.640363 -0.156661 -0.751925 0.172378 -0.607238 -0.775595 0.211395 -0.490861 -0.845203 -0.002822 -0.349049 -0.9371 0.009051 -0.35062 -0.936474 0.003742 -0.351876 -0.936039 0.857355 -0.514717 0.002948 -0.000000 -0.999982 0.005954 -0.289482 -0.957166 0.005739 -0.000000 -0.999982 0.005954 -0.421666 -0.902856 -0.083959 -0.725256 -0.678212 -0.118459 -0.826768 -0.504956 -0.247939</float_array>
          <technique_common>
            <accessor source="#hair08-mesh-normals-array" count="42" stride="3">
              <param name="X" type="float"/>
              <param name="Y" type="float"/>
              <param name="Z" type="float"/>
            </accessor>
          </technique_common>
        </source>
        <source id="hair08-mesh-map-channel1">
          <float_array id="hair08-mesh-map-channel1-array" count="162">0.5373 0.6473 0.2255 0.3306 0.65 0.1254 0.5063 0.6667 0.0893 0.0917 0.6075 0.125 -0.0139 0.65 0.0407 0.2564 0.6075 0.1626 0.3922 0.6075 0.2159 0.2583 0.5437 0.1899 0.0925 0.5354 0.159 0.3956 0.5565 0.2179 0.5198 0.6109 0.2588 0.4237 0.585 0.2083 0.2552 0.478 0.2135 0.3578 0.4919 0.1768 0.1397 0.4611 0.1422 0.5026 0.5687 0.2406 -0.099 0.6075 0.129 -0.0983 0.5354 0.163 -0.1445 0.4611 0.1476 0.6735 0.65 0.1317 0.9861 0.65 0.0407 0.901 0.6075 0.129 0.7439 0.6075 0.1697 0.6081 0.5911 0.2268 0.9017 0.5354 0.163 0.742 0.5437 0.197 0.6089 0.5565 0.2229 0.8555 0.4611 0.1476 0.745 0.478 0.2216 0.6465 0.4919 0.183 0.2656 0.4216 0.1657 0.1426 0.4039 0.1038 0.3504 0.4336 0.1221 -0.149 0.4039 0.1094 0.851 0.4039 0.1094 0.7351 0.4216 0.1736 0.6553 0.4336 0.1286 0.0703 0.9141 0.7698 0.0898 0.9961 0.7593 0.25 0.9414 0.9995 0.5373 0.6473 0.2255 0.3922 0.6075 0.2159 0.2583 0.5437 0.1899 0.3956 0.5565 0.2179 0.5198 0.6109 0.2588 0.4237 0.585 0.2083 0.3578 0.4919 0.1768 0.5026 0.5687 0.2406 0.3922 0.6075 0.2159 0.5198 0.6109 0.2588 0.3578 0.4919 0.1768 0.2583 0.5437 0.1899 0.5198 0.6109 0.2588 0.6089 0.5565 0.2229</float_array>
          <technique_common>
            <accessor source="#hair08-mesh-map-channel1-array" count="54" stride="3">
              <param name="S" type="float"/>
              <param name="T" type="float"/>
              <param name="P" type="float"/>
            </accessor>
          </technique_common>
        </source>
        <vertices id="hair08-mesh-vertices">
          <input semantic="POSITION" source="#hair08-mesh-positions"/>
        </vertices>
        <triangles material="hair" count="61">
          <input semantic="VERTEX" source="#hair08-mesh-vertices" offset="0"/>
          <input semantic="NORMAL" source="#hair08-mesh-normals" offset="1"/>
          <input semantic="TEXCOORD" source="#hair08-mesh-map-channel1" offset="2" set="1"/>
          <p>1 0 1 2 1 0 0 2 2 4 3 3 1 0 1 3 4 4 5 5 5 1 0 1 4 3 3 5 5 5 6 6 6 1 0 1 7 7 8 8 8 7 4 3 3 8 8 7 5 5 5 4 3 3 8 8 7 6 6 6 5 5 5 36 9 45 29 10 47 9 11 44 10 12 12 8 8 7 7 7 8 3 4 4 1 0 1 0 2 2 6 6 6 2 1 0 1 0 1 7 7 8 12 13 14 10 12 12 8 8 7 10 12 12 11 14 13 9 11 49 2 1 40 6 6 48 9 11 44 6 6 41 36 9 45 13 15 16 4 3 3 3 4 4 14 16 17 7 7 8 13 15 16 13 15 16 7 7 8 4 3 3 15 17 18 12 13 14 14 16 17 14 16 17 12 13 14 7 7 8 16 18 19 0 2 2 2 1 0 13 15 21 3 4 20 16 18 19 17 19 22 13 15 21 16 18 19 17 19 22 16 18 19 18 20 23 14 16 24 13 15 21 19 21 25 19 21 25 13 15 21 17 19 22 19 21 25 17 19 22 18 20 23 20 22 26 19 21 25 18 20 23 15 17 27 14 16 24 21 23 28 22 24 29 19 21 25 20 22 26 3 4 20 0 2 2 16 18 19 18 20 23 16 18 19 2 1 0 19 21 25 21 23 28 14 16 24 19 21 25 22 24 29 21 23 28 9 11 10 18 20 23 2 1 0 18 20 23 9 11 10 20 22 26 10 12 12 12 13 14 24 25 30 24 25 30 12 13 14 23 26 31 11 14 13 10 12 12 25 27 32 25 27 32 10 12 12 24 25 30 12 13 14 15 17 18 23 26 31 23 26 31 15 17 18 26 28 33 15 17 27 21 23 28 26 28 34 26 28 34 21 23 28 27 29 35 21 23 28 22 24 29 27 29 35 27 29 35 22 24 29 28 30 36 25 27 32 24 25 30 31 31 32 31 31 32 24 25 30 30 32 30 31 31 32 30 32 30 33 33 32 33 33 32 30 32 30 32 34 30 27 29 35 28 30 36 32 34 35 32 34 35 28 30 36 33 33 36 25 27 32 31 31 32 11 14 32 11 14 32 31 31 32 34 35 32 31 36 32 33 37 32 34 38 32 34 38 32 33 37 32 35 39 32 33 37 36 28 40 36 35 39 36 35 39 36 28 40 36 22 41 36 36 9 50 6 6 51 8 8 7 8 8 7 11 14 13 36 9 50 20 22 26 9 11 10 29 10 52</p>
        </triangles>
      </mesh>
    </geometry>
    <geometry id="hair09-mesh" name="hair09">
      <mesh>
        <source id="hair09-mesh-positions">
          <float_array id="hair09-mesh-positions-array" count="102">92.2502 -281.218 6791.79 -851.405 -46.4698 6551.25 83.3132 -1422.39 6530.58 81.6975 705.638 6551.25 -557.833 1324.92 5938.4 -1410.57 308.463 5946.34 -1175.27 -734.605 5938.41 -747.594 1511 4700.82 -1639.79 492.997 4854.83 -1125.98 -971.481 5204.37 7.1995 -1533.67 5380.01 77.1118 -1743.99 5804.92 -1574.1 635.257 3776.02 -1165.29 -459.522 4274.91 -615.058 1119.25 3335.52 566.71 1324.92 5938.4 754.99 1511 4700.82 622.23 1119.25 3335.52 1005.23 -46.4707 6551.25 1599.34 308.462 5946.34 1206.38 -754.497 5865.36 1647.19 492.996 4854.83 1140.37 -971.482 5204.37 1589.04 635.257 3776.02 1179.69 -459.523 4274.91 -335.769 966.021 2410.16 -672.95 590.896 2665.66 -1325.03 114.175 3490.97 344.967 966.021 2410.16 685.848 590.895 2665.66 1331.2 114.175 3490.97 43.0835 594.995 2669.91 41.3723 118.274 3495.23 7.2002 -1533.67 5380.01</float_array>
          <technique_common>
            <accessor source="#hair09-mesh-positions-array" count="34" stride="3">
              <param name="X" type="float"/>
              <param name="Y" type="float"/>
              <param name="Z" type="float"/>
            </accessor>
          </technique_common>
        </source>
        <source id="hair09-mesh-normals">
          <float_array id="hair09-mesh-normals-array" count="123">-0.518403 0.035542 0.854398 0.02557 -0.692605 0.720863 0.005471 -0.026579 0.999632 -0.354078 0.797647 0.48825 0.01582 0.46537 0.884975 -0.859012 0.205244 0.469013 -0.788926 -0.47168 0.393845 -0.382883 0.923652 -0.016335 -0.981153 0.181732 0.065666 -0.829205 -0.558146 0.029857 -0.044641 -0.898226 -0.43726 0.030482 -0.99818 0.052042 -0.917984 0.267362 -0.292954 -0.917786 -0.374313 -0.132512 -0.341744 0.879237 -0.331892 0.335475 0.816137 0.470508 0.382173 0.923952 -0.016024 0.294734 0.916609 -0.270112 0.544264 0.012161 0.838826 0.898879 0.180744 0.399185 0.802722 -0.506078 0.315473 0.981414 0.190095 0.026278 0.835139 -0.550021 -0.004449 0.922936 0.261644 -0.282367 0.918632 -0.372501 -0.13175 -0.748997 0.492943 -0.442732 -0.32662 0.911622 -0.249529 -0.896678 -0.217762 -0.385419 0.271035 0.912176 -0.307367 0.754327 0.210083 -0.621977 0.89143 -0.226329 -0.39259 0.004796 -0.832456 -0.55407 0.008152 -0.794998 -0.606558 -0.000445 -0.736717 -0.676201 -0.000107 -0.836654 -0.547732 0.002594 -0.805346 -0.5928 -0.00908 -0.795563 -0.605803 -0.0051 -0.832451 -0.554074 -0.002665 -0.805286 -0.59288 0.004918 -0.570134 -0.821537 -0.005043 -0.570751 -0.821107</float_array>
          <technique_common>
            <accessor source="#hair09-mesh-normals-array" count="41" stride="3">
              <param name="X" type="float"/>
              <param name="Y" type="float"/>
              <param name="Z" type="float"/>
            </accessor>
          </technique_common>
        </source>
        <source id="hair09-mesh-map-channel1">
          <float_array id="hair09-mesh-map-channel1-array" count="138">0.5092 0.6377 0.2275 0.3414 0.65 0.112 0.5252 0.6667 0.0904 0.0917 0.6075 0.125 -0.0493 0.65 0.0426 0.2564 0.6075 0.1626 0.3735 0.6075 0.2057 0.2461 0.5322 0.1757 0.0956 0.5215 0.1544 0.3956 0.5565 0.2179 0.5077 0.5982 0.2663 0.5026 0.5687 0.2406 0.4032 0.5907 0.2066 0.2286 0.4573 0.1606 0.3578 0.4919 0.1768 0.1158 0.4267 0.1071 -0.099 0.6075 0.129 -0.1015 0.5215 0.1585 -0.1233 0.4267 0.1119 0.6735 0.65 0.1317 0.9507 0.65 0.0426 0.901 0.6075 0.129 0.7439 0.6075 0.1697 0.61 0.5813 0.2459 0.8985 0.5215 0.1585 0.7538 0.5322 0.1828 0.6089 0.5565 0.2229 0.8767 0.4267 0.1119 0.7704 0.4573 0.1685 0.6465 0.4919 0.183 0.2176 0.351 0.0799 0.0871 0.3333 0.072 0.3114 0.4518 0.1523 -0.1002 0.3333 0.0761 0.8998 0.3333 0.0761 0.7795 0.351 0.0875 0.6916 0.4518 0.1596 0.0703 0.9141 0.7698 0.0898 0.9961 0.7593 0.25 0.9414 0.9995 0.7704 0.4573 0.1685 0.6465 0.4919 0.183 0.7795 0.351 0.0875 0.6465 0.4919 0.183 0.7795 0.351 0.0875 0.6916 0.4518 0.1596</float_array>
          <technique_common>
            <accessor source="#hair09-mesh-map-channel1-array" count="46" stride="3">
              <param name="S" type="float"/>
              <param name="T" type="float"/>
              <param name="P" type="float"/>
            </accessor>
          </technique_common>
        </source>
        <vertices id="hair09-mesh-vertices">
          <input semantic="POSITION" source="#hair09-mesh-positions"/>
        </vertices>
        <triangles material="hair" count="59">
          <input semantic="VERTEX" source="#hair09-mesh-vertices" offset="0"/>
          <input semantic="NORMAL" source="#hair09-mesh-normals" offset="1"/>
          <input semantic="TEXCOORD" source="#hair09-mesh-map-channel1" offset="2" set="1"/>
          <p>1 0 1 2 1 0 0 2 2 4 3 3 1 0 1 3 4 4 5 5 5 1 0 1 4 3 3 5 5 5 6 6 6 1 0 1 7 7 8 8 8 7 4 3 3 8 8 7 5 5 5 4 3 3 8 8 7 6 6 6 5 5 5 9 9 9 6 6 6 8 8 7 10 10 11 11 11 10 9 9 12 12 12 13 8 8 7 7 7 8 13 13 14 9 9 9 8 8 7 3 4 4 1 0 1 0 2 2 6 6 6 2 1 0 1 0 1 7 7 8 14 14 15 12 12 13 8 8 7 12 12 13 13 13 14 11 11 10 2 1 0 6 6 6 6 6 6 9 9 12 11 11 10 15 15 16 4 3 3 3 4 4 16 16 17 7 7 8 15 15 16 15 15 16 7 7 8 4 3 3 17 17 18 14 14 15 16 16 17 16 16 17 14 14 15 7 7 8 18 18 19 0 2 2 2 1 0 15 15 21 3 4 20 18 18 19 19 19 22 15 15 21 18 18 19 19 19 22 18 18 19 20 20 23 16 16 24 15 15 21 21 21 25 21 21 25 15 15 21 19 19 22 22 22 26 21 21 25 20 20 23 20 20 23 21 21 25 19 19 22 10 10 11 22 22 26 11 11 10 17 17 27 16 16 24 23 23 28 24 24 29 21 21 25 22 22 26 3 4 20 0 2 2 18 18 19 20 20 23 18 18 19 2 1 0 21 21 25 23 23 28 16 16 24 21 21 25 24 24 29 23 23 28 11 11 10 20 20 23 2 1 0 20 20 23 11 11 10 22 22 26 12 12 13 14 14 15 26 25 30 26 25 30 14 14 15 25 26 31 13 13 14 12 12 13 27 27 32 27 27 32 12 12 13 26 25 30 14 14 15 17 17 18 25 26 31 25 26 31 17 17 18 28 28 33 17 17 27 23 23 28 28 28 34 28 28 34 23 23 28 29 29 35 23 23 40 24 24 41 30 30 42 23 23 44 30 30 43 29 29 45 27 31 32 26 32 30 31 33 30 32 34 32 27 31 32 31 33 30 27 31 32 32 34 32 13 35 14 29 36 35 30 37 36 31 33 35 31 33 35 30 37 36 32 34 36 32 34 36 30 37 36 24 38 29 13 35 29 32 34 36 24 38 29 26 32 30 25 39 30 31 33 30 29 36 35 31 33 35 28 40 35 28 40 35 31 33 35 25 39 35</p>
        </triangles>
      </mesh>
    </geometry>
    <geometry id="hair10-mesh" name="hair10">
      <mesh>
        <source id="hair10-mesh-positions">
          <float_array id="hair10-mesh-positions-array" count="147">3.6987 -265.368 6792.48 -948.78 -27.1661 6546.59 -115.138 -1385.29 6527.06 3.6992 710.799 6552.43 -685.59 1325.32 5938.4 -1523.94 309.844 5938.4 -1162.25 -1102.36 5689.71 -797.87 1462.37 4720.8 -1735.15 374.88 5020.52 -1125.98 -971.481 5204.37 7.1987 -1533.67 5380.01 -239.815 -1726.7 5938.4 -1279.72 292.119 4103.29 -1165.29 -459.522 4274.91 -478.615 911.888 3847.78 692.989 1325.32 5938.4 805.269 1462.37 4720.8 486.013 911.888 3847.78 859.711 -34.8393 6540.69 1531.34 309.842 5938.4 1032.07 -1089.36 5826.43 1742.55 374.879 5020.52 1140.37 -971.482 5204.37 1294.12 292.118 4103.29 1179.69 -459.523 4274.91 1490.09 5.5817 6081.84 1126.04 273.592 5256.99 1490.09 -593.708 5256.99 1490.09 975.253 5766.77 1490.09 975.253 4747.2 1490.09 5.5817 4432.14 2079.15 -428.069 5766.77 2079.15 -428.069 4747.2 2079.15 541.603 6081.84 2079.15 1140.89 5256.99 2079.15 541.603 4432.14 2443.2 273.592 5256.99 -2130.46 5.5817 6081.84 -2494.51 273.592 5256.99 -2130.46 -593.708 5256.99 -2130.46 975.253 5766.77 -2130.46 975.253 4747.2 -2130.46 5.5817 4432.14 -1541.41 -428.069 5766.77 -1541.4 -428.069 4747.2 -1541.4 541.603 6081.84 -1541.4 1140.89 5256.99 -1541.4 541.603 4432.14 -1177.35 273.592 5256.99</float_array>
          <technique_common>
            <accessor source="#hair10-mesh-positions-array" count="49" stride="3">
              <param name="X" type="float"/>
              <param name="Y" type="float"/>
              <param name="Z" type="float"/>
            </accessor>
          </technique_common>
        </source>
        <source id="hair10-mesh-normals">
          <float_array id="hair10-mesh-normals-array" count="147">-0.541 0.018483 0.84082 -0.023882 -0.628776 0.77722 0.030702 -0.032873 0.998988 -0.367782 0.80488 0.46573 0.011978 0.456687 0.889547 -0.862668 0.177663 0.473539 -0.749292 -0.643592 0.156048 -0.416551 0.880691 -0.225539 -0.980676 0.170169 -0.096529 -0.76473 -0.604136 -0.22407 0.107211 -0.960845 -0.255505 -0.137005 -0.984138 0.112703 -0.836896 0.236809 -0.493484 -0.890978 -0.349521 -0.289816 -0.281975 0.76167 -0.583394 0.370628 0.799788 0.472202 0.415983 0.881109 -0.224956 0.280226 0.762435 -0.583237 0.515166 -0.000043 0.85709 0.85799 0.148237 0.491812 0.690573 -0.654198 0.308438 0.983532 0.160261 -0.083549 0.812119 -0.582329 -0.036818 0.838534 0.238822 -0.48972 0.893213 -0.346796 -0.286188 -1 0.000000 0 -0.476984 -0.878912 0 -0.476984 -0.271599 0.835895 -0.476984 0.711055 0.516612 -0.476984 0.711055 -0.516612 -0.476984 -0.271599 -0.835895 0.476984 -0.711055 -0.516611 0.476984 -0.711055 0.516612 0.476984 0.271599 0.835895 0.476984 0.878912 0 0.476984 0.271599 -0.835895 1 -0.000000 0 -1 0 0 -0.476984 -0.878912 0 -0.476984 -0.271599 0.835895 -0.476984 0.711055 0.516612 -0.476984 0.711055 -0.516612 -0.476984 -0.271599 -0.835895 0.476984 -0.711055 -0.516611 0.476983 -0.711055 0.516612 0.476984 0.271599 0.835895 0.476984 0.878912 0 0.476984 0.271599 -0.835895 1 -0.000000 0</float_array>
          <technique_common>
            <accessor source="#hair10-mesh-normals-array" count="49" stride="3">
              <param name="X" type="float"/>
              <param name="Y" type="float"/>
              <param name="Z" type="float"/>
            </accessor>
          </technique_common>
        </source>
        <source id="hair10-mesh-map-channel1">
          <float_array id="hair10-mesh-map-channel1-array" count="171">0.4917 0.6415 0.2078 0.3485 0.6369 0.105 0.5063 0.652 0.0893 0.1035 0.6075 0.1318 -0.0192 0.6353 0.0296 0.2676 0.6075 0.1618 0.3998 0.5902 0.2332 0.2587 0.5437 0.1817 0.1043 0.5229 0.1532 0.3956 0.5565 0.2179 0.4844 0.6075 0.2652 0.5026 0.5687 0.2406 0.2708 0.48 0.1529 0.3578 0.4919 0.1768 0.1247 0.4623 0.0776 -0.1101 0.6075 0.1362 -0.1099 0.5229 0.1576 -0.1344 0.4623 0.0827 0.6474 0.64 0.1013 0.9808 0.6353 0.0296 0.8899 0.6075 0.1362 0.7332 0.6075 0.1688 0.5955 0.5997 0.2264 0.8901 0.5229 0.1576 0.7416 0.5437 0.1888 0.6089 0.5565 0.2229 0.8656 0.4623 0.0827 0.7302 0.48 0.1607 0.6465 0.4919 0.183 0.5811 0.585 0.2116 0.6535 0.5601 0.2229 0.7248 0.5601 0.1409 0.7039 0.6174 0.1911 0.8024 0.5955 0.1936 0.8024 0.5247 0.1936 0.7039 0.5029 0.1911 0.6866 0.5247 0.276 0.6866 0.5955 0.276 0.7564 0.6174 0.2546 0.8 0.5601 0.2675 0.7564 0.5029 0.2546 0.7382 0.5601 0.2992 0.3237 0.5601 0.2843 0.2618 0.5601 0.2992 0.2836 0.6174 0.2602 0.2116 0.5955 0.262 0.2116 0.5247 0.262 0.2836 0.5029 0.2602 0.3341 0.5247 0.2121 0.3341 0.5955 0.2121 0.2412 0.6174 0.1835 0.1826 0.5601 0.201 0.2412 0.5029 0.1835 0.2752 0.5601 0.1409 0.4102 0.9961 0.7593 0.4297 0.9141 0.7698 0.25 0.9414 0.9995</float_array>
          <technique_common>
            <accessor source="#hair10-mesh-map-channel1-array" count="57" stride="3">
              <param name="S" type="float"/>
              <param name="T" type="float"/>
              <param name="P" type="float"/>
            </accessor>
          </technique_common>
        </source>
        <vertices id="hair10-mesh-vertices">
          <input semantic="POSITION" source="#hair10-mesh-positions"/>
        </vertices>
        <triangles material="hair" count="79">
          <input semantic="VERTEX" source="#hair10-mesh-vertices" offset="0"/>
          <input semantic="NORMAL" source="#hair10-mesh-normals" offset="1"/>
          <input semantic="TEXCOORD" source="#hair10-mesh-map-channel1" offset="2" set="1"/>
          <p>1 0 1 2 1 0 0 2 2 4 3 3 1 0 1 3 4 4 5 5 5 1 0 1 4 3 3 5 5 5 6 6 6 1 0 1 7 7 8 8 8 7 4 3 3 8 8 7 5 5 5 4 3 3 8 8 7 6 6 6 5 5 5 9 9 9 6 6 6 8 8 7 10 10 11 11 11 10 6 6 6 12 12 12 8 8 7 7 7 8 13 13 13 9 9 9 8 8 7 3 4 4 1 0 1 0 2 2 6 6 6 2 1 0 1 0 1 7 7 8 14 14 14 12 12 12 8 8 7 12 12 12 13 13 13 11 11 10 2 1 0 6 6 6 6 6 6 9 9 9 10 10 11 15 15 15 4 3 3 3 4 4 16 16 16 7 7 8 15 15 15 15 15 15 7 7 8 4 3 3 17 17 17 14 14 14 16 16 16 16 16 16 14 14 14 7 7 8 18 18 18 0 2 2 2 1 0 15 15 20 3 4 19 18 18 18 19 19 21 15 15 20 18 18 18 19 19 21 18 18 18 20 20 22 16 16 23 15 15 20 21 21 24 21 21 24 15 15 20 19 19 21 21 21 24 19 19 21 20 20 22 22 22 25 21 21 24 20 20 22 10 10 11 20 20 22 11 11 10 17 17 26 16 16 23 23 23 27 24 24 28 21 21 24 22 22 25 3 4 19 0 2 2 18 18 18 20 20 22 18 18 18 2 1 0 21 21 24 23 23 27 16 16 23 21 21 24 24 24 28 23 23 27 11 11 10 20 20 22 2 1 0 20 20 22 10 10 11 22 22 29 26 25 31 27 26 30 25 27 32 26 25 31 25 27 32 28 28 33 26 25 31 28 28 33 29 29 34 26 25 31 29 29 34 30 30 35 26 25 31 30 30 35 27 26 30 27 26 30 32 31 36 31 32 37 25 27 32 31 32 37 33 33 38 28 28 33 33 33 38 34 34 39 29 29 34 34 34 39 35 35 40 30 30 35 35 35 40 32 31 36 31 32 37 25 27 32 27 26 30 33 33 38 28 28 33 25 27 32 34 34 39 29 29 34 28 28 33 35 35 40 30 30 35 29 29 34 32 31 36 27 26 30 30 30 35 36 36 41 33 33 38 31 32 37 36 36 41 34 34 39 33 33 38 36 36 41 35 35 40 34 34 39 36 36 41 32 31 36 35 35 40 36 36 41 31 32 37 32 31 36 38 37 43 39 38 42 37 39 44 38 37 43 37 39 44 40 40 45 38 37 43 40 40 45 41 41 46 38 37 43 41 41 46 42 42 47 38 37 43 42 42 47 39 38 42 39 38 42 44 43 48 43 44 49 37 39 44 43 44 49 45 45 50 40 40 45 45 45 50 46 46 51 41 41 46 46 46 51 47 47 52 42 42 47 47 47 52 44 43 48 43 44 49 37 39 44 39 38 42 45 45 50 40 40 45 37 39 44 46 46 51 41 41 46 40 40 45 47 47 52 42 42 47 41 41 46 44 43 48 39 38 42 42 42 47 48 48 53 45 45 50 43 44 49 48 48 53 46 46 51 45 45 50 48 48 53 47 47 52 46 46 51 48 48 53 44 43 48 47 47 52 48 48 53 43 44 49 44 43 48</p>
        </triangles>
      </mesh>
    </geometry>
    <geometry id="hat04-mesh" name="hat04">
      <mesh>
        <source id="hat04-mesh-positions">
          <float_array id="hat04-mesh-positions-array" count="66">-1239.11 -31.0582 6986.91 -997.706 -147.62 6204.8 -470.597 -147.62 6348.08 -458.771 -26.9745 7108.77 -800.386 33.6224 6203.49 -875.419 331.299 7621.56 -1011.64 -334.804 9038.68 -778.459 -334.804 8935.87 -1338.06 -56.5162 7759.84 -541.359 -64.0202 7902.81 -1210.6 -334.804 8934.9 1014.9 -31.0582 6986.91 773.504 -147.62 6204.8 246.395 -147.62 6348.08 234.569 -26.9745 7108.77 576.185 33.6224 6203.49 651.217 331.299 7621.56 787.439 -334.804 9038.68 554.258 -334.804 8935.87 1113.86 -56.5162 7759.84 317.158 -64.0202 7902.81 986.396 -334.804 8934.9</float_array>
          <technique_common>
            <accessor source="#hat04-mesh-positions-array" count="22" stride="3">
              <param name="X" type="float"/>
              <param name="Y" type="float"/>
              <param name="Z" type="float"/>
            </accessor>
          </technique_common>
        </source>
        <source id="hat04-mesh-normals">
          <float_array id="hat04-mesh-normals-array" count="120">-0.007455 -0.998446 0.055232 -0.037001 -0.990001 0.136124 -0.028548 -0.98886 0.146085 -0.006612 -0.998631 0.051893 0.585639 0.806127 -0.084773 0.52368 0.840101 -0.141381 -0.162757 0.964391 -0.208473 0.032751 0.994952 0.094854 -0.018799 0.905545 0.423834 0.258011 0.869326 0.421547 -0.609812 0.76529 -0.206061 -0.482232 0.850662 -0.209347 0.01474 -0.991682 -0.127867 0.017256 -0.988828 -0.148058 -0.048949 -0.976929 -0.207881 -0.004689 -0.97737 -0.211487 0.642213 0.72328 0.253827 -0.614687 0.778508 0.126827 -0.280642 0.883005 0.376221 0.12599 -0.962178 -0.241536 0.007455 -0.998446 0.055232 0.028548 -0.98886 0.146085 0.037001 -0.990001 0.136124 0.006612 -0.998631 0.051893 -0.585639 0.806127 -0.084773 0.162757 0.964391 -0.208473 -0.52368 0.840101 -0.141381 -0.032751 0.994952 0.094854 0.018799 0.905545 0.423834 -0.258011 0.869326 0.421547 0.609812 0.76529 -0.206061 0.482232 0.850662 -0.209348 -0.01474 -0.991682 -0.127867 0.048949 -0.976929 -0.207881 -0.017256 -0.988828 -0.148058 0.004689 -0.97737 -0.211487 -0.642213 0.72328 0.253827 0.280642 0.883005 0.376221 0.614687 0.778508 0.126827 -0.12599 -0.962178 -0.241536</float_array>
          <technique_common>
            <accessor source="#hat04-mesh-normals-array" count="40" stride="3">
              <param name="X" type="float"/>
              <param name="Y" type="float"/>
              <param name="Z" type="float"/>
            </accessor>
          </technique_common>
        </source>
        <source id="hat04-mesh-map-channel1">
          <float_array id="hat04-mesh-map-channel1-array" count="120">0.85668 0.858832 0 0.994516 0.884688 0 0.980394 0.977205 0 0.851138 0.994036 0 0.851242 0.714447 0 0.980467 0.731517 0 0.723183 0.857044 0 0.714366 0.995446 0 0.533897 0.97521 0 0.511854 0.93752 0 0.525643 0.901632 0 0.998546 0.790505 0 0.755725 0.775204 0 0.511854 0.770335 0 0.533967 0.732686 0 0.994417 0.82406 0 0.856534 0.849661 0 0.714473 0.712784 0 0.723034 0.851202 0 0.525577 0.806249 0 0.85668 0.858832 0 0.994516 0.884688 0 0.980394 0.977205 0 0.851138 0.994036 0 0.851242 0.714447 0 0.980467 0.731517 0 0.723183 0.857044 0 0.714366 0.995446 0 0.533897 0.97521 0 0.511854 0.93752 0 0.525643 0.901632 0 0.998546 0.790505 0 0.755725 0.775204 0 0.511854 0.770335 0 0.533967 0.732686 0 0.994417 0.82406 0 0.856534 0.849661 0 0.714473 0.712784 0 0.723034 0.851202 0 0.525577 0.806249 0</float_array>
          <technique_common>
            <accessor source="#hat04-mesh-map-channel1-array" count="40" stride="3">
              <param name="S" type="float"/>
              <param name="T" type="float"/>
              <param name="P" type="float"/>
            </accessor>
          </technique_common>
        </source>
        <vertices id="hat04-mesh-vertices">
          <input semantic="POSITION" source="#hat04-mesh-positions"/>
        </vertices>
        <triangles material="texture" count="34">
          <input semantic="VERTEX" source="#hat04-mesh-vertices" offset="0"/>
          <input semantic="NORMAL" source="#hat04-mesh-normals" offset="1"/>
          <input semantic="TEXCOORD" source="#hat04-mesh-map-channel1" offset="2" set="1"/>
          <p>0 0 0 1 1 1 2 2 2 0 0 0 2 2 2 3 3 3 3 4 4 2 5 5 4 6 11 3 4 4 4 6 11 5 7 12 6 8 13 7 9 14 5 7 12 1 10 15 0 11 16 5 7 12 1 10 15 5 7 12 4 6 11 8 12 6 9 13 7 7 14 8 8 12 6 7 14 8 6 15 9 5 7 12 7 9 14 9 16 17 5 7 12 8 17 18 10 18 19 8 12 6 0 0 0 3 3 3 8 12 6 3 3 3 9 13 7 9 16 17 3 4 4 5 7 12 0 11 16 8 17 18 5 7 12 10 18 19 6 8 13 5 7 12 6 15 9 10 19 10 8 12 6 11 20 20 13 21 22 12 22 21 11 20 20 14 23 23 13 21 22 14 24 24 15 25 31 13 26 25 14 24 24 16 27 32 15 25 31 17 28 33 16 27 32 18 29 34 12 30 35 16 27 32 11 31 36 12 30 35 15 25 31 16 27 32 19 32 26 18 33 28 20 34 27 19 32 26 17 35 29 18 33 28 16 27 32 20 36 37 18 29 34 16 27 32 21 37 39 19 38 38 19 32 26 14 23 23 11 20 20 19 32 26 20 34 27 14 23 23 20 36 37 16 27 32 14 24 24 11 31 36 16 27 32 19 38 38 21 37 39 16 27 32 17 28 33 17 35 29 19 32 26 21 39 30</p>
        </triangles>
      </mesh>
    </geometry>
    <geometry id="hat08-mesh" name="hat08">
      <mesh>
        <source id="hat08-mesh-positions">
          <float_array id="hat08-mesh-positions-array" count="36">390.497 -591.932 7031.76 390.497 911.667 6766.63 831.245 159.867 6899.19 -490.998 911.667 6766.63 -490.998 -591.932 7031.76 -931.746 159.867 6899.19 258.289 907.221 8060.12 566.829 380.933 8152.92 -358.791 907.221 8060.12 -667.33 380.933 8152.92 -358.79 -145.355 8245.72 258.289 -145.355 8245.72</float_array>
          <technique_common>
            <accessor source="#hat08-mesh-positions-array" count="12" stride="3">
              <param name="X" type="float"/>
              <param name="Y" type="float"/>
              <param name="Z" type="float"/>
            </accessor>
          </technique_common>
        </source>
        <source id="hat08-mesh-normals">
          <float_array id="hat08-mesh-normals-array" count="54">0 -0.173648 -0.984808 0 -0.173648 -0.984808 0 -0.173648 -0.984808 0 -0.173648 -0.984808 0 -0.173648 -0.984808 0 -0.173648 -0.984808 0.979104 0.035313 0.20027 0.36391 0.739817 0.565898 0.727819 0.119083 0.675351 0.489552 0.87036 0.053028 -0.36391 0.739817 0.565899 -0.489552 0.87036 0.053028 -0.727819 0.119083 0.675351 -0.979104 0.035312 0.20027 -0.36391 -0.501652 0.784803 -0.489552 -0.799734 0.347511 0.36391 -0.501651 0.784803 0.489552 -0.799734 0.347511</float_array>
          <technique_common>
            <accessor source="#hat08-mesh-normals-array" count="18" stride="3">
              <param name="X" type="float"/>
              <param name="Y" type="float"/>
              <param name="Z" type="float"/>
            </accessor>
          </technique_common>
        </source>
        <source id="hat08-mesh-map-channel1">
          <float_array id="hat08-mesh-map-channel1-array" count="78">0.522398 0.586755 0 0.522398 0.673893 0 0.496856 0.630324 0 0.573484 0.673893 0 0.573484 0.586755 0 0.599026 0.630324 0 0.90625 0.785156 0 0.702491 0.760059 0 0.63287 0.641303 0 0.702491 0.641303 0 0.737302 0.700681 0 0.63287 0.760059 0 0.598059 0.700681 0 0.90625 0.988281 0 0.507813 0.785156 0 0.828125 0.988281 0 0.589844 0.785156 0 0.507813 0.988281 0 0.671875 0.988281 0 0.75 0.988281 0 0.828125 0.785156 0 0.589844 0.988281 0 0.667969 0.785156 0 0.746094 0.785156 0 0.988281 0.785156 0 0.988281 0.988281 0</float_array>
          <technique_common>
            <accessor source="#hat08-mesh-map-channel1-array" count="26" stride="3">
              <param name="S" type="float"/>
              <param name="T" type="float"/>
              <param name="P" type="float"/>
            </accessor>
          </technique_common>
        </source>
        <vertices id="hat08-mesh-vertices">
          <input semantic="POSITION" source="#hat08-mesh-positions"/>
        </vertices>
        <triangles material="texture" count="20">
          <input semantic="VERTEX" source="#hat08-mesh-vertices" offset="0"/>
          <input semantic="NORMAL" source="#hat08-mesh-normals" offset="1"/>
          <input semantic="TEXCOORD" source="#hat08-mesh-map-channel1" offset="2" set="1"/>
          <p>0 0 0 1 1 1 2 2 2 0 0 0 3 3 3 1 1 1 0 0 0 4 4 4 3 3 3 3 3 3 4 4 4 5 5 5 2 6 6 6 7 25 7 8 13 2 6 6 1 9 24 6 7 25 1 9 14 8 10 21 6 7 17 1 9 14 3 11 16 8 10 21 3 11 16 9 12 18 8 10 21 3 11 16 5 13 22 9 12 18 5 13 22 10 14 19 9 12 18 5 13 22 4 15 23 10 14 19 4 15 23 11 16 15 10 14 19 4 15 23 0 17 20 11 16 15 0 17 20 7 8 13 11 16 15 0 17 20 2 6 6 7 8 13 10 14 7 6 7 8 8 10 9 10 14 7 8 10 9 9 12 10 11 16 11 6 7 8 10 14 7 7 8 12 6 7 8 11 16 11</p>
        </triangles>
      </mesh>
    </geometry>
    <geometry id="shirt01-mesh" name="shirt01">
      <mesh>
        <source id="shirt01-mesh-positions">
          <float_array id="shirt01-mesh-positions-array" count="63">-549.323 -367.233 3281.47 4.7026 -522.474 3281.47 -549.322 126.396 3419.67 558.728 126.395 3419.67 558.728 -367.234 3281.47 4.7026 -640.694 2260.64 -608.997 -521.222 2260.64 -657.017 -596.198 1224.2 4.70235 -725.018 1209.34 618.402 -521.222 2260.64 666.422 -596.198 1224.2 878.81 -30.4681 2260.64 947.207 -67.0437 1281.03 618.402 424.03 2260.64 666.422 451.05 1307.2 4.7027 543.501 2260.64 4.70255 579.068 1319.04 -608.997 424.03 2260.64 -657.017 451.051 1307.2 -869.405 -30.4678 2260.64 -937.802 -67.0434 1281.03</float_array>
          <technique_common>
            <accessor source="#shirt01-mesh-positions-array" count="21" stride="3">
              <param name="X" type="float"/>
              <param name="Y" type="float"/>
              <param name="Z" type="float"/>
            </accessor>
          </technique_common>
        </source>
        <source id="shirt01-mesh-normals">
          <float_array id="shirt01-mesh-normals-array" count="78">-0.000000 -0.237012 0.971507 -0.03347 -0.235452 0.97131 -0.075329 -0.268834 0.960236 0.075328 -0.268833 0.960237 0.03347 -0.235452 0.97131 -0.574088 -0.814168 0.086908 -0.000287 -0.996771 0.080297 -0.587408 -0.800533 0.118736 -0.006427 -0.994447 0.105039 0.573643 -0.814671 0.085114 0.592325 -0.797962 0.11139 0.997035 -0.033674 0.069187 0.991378 0.026213 0.12838 0.600995 0.797848 0.047357 0.563786 0.813865 0.140601 0.000096 0.999283 0.037854 0.000052 0.987383 0.158353 -0.604352 0.794962 0.052854 -0.565985 0.812793 0.137945 -0.996627 -0.031499 0.075783 -0.991823 0.028004 0.124513 -0.753499 -0.617955 0.224434 -0.014389 -0.991228 0.131378 0.759085 -0.605688 0.238604 -0.643708 0.671277 0.36746 0.643709 0.671277 0.36746</float_array>
          <technique_common>
            <accessor source="#shirt01-mesh-normals-array" count="26" stride="3">
              <param name="X" type="float"/>
              <param name="Y" type="float"/>
              <param name="Z" type="float"/>
            </accessor>
          </technique_common>
        </source>
        <source id="shirt01-mesh-map-channel1">
          <float_array id="shirt01-mesh-map-channel1-array" count="87">0.128741 0.492518 0 0.230469 0.375165 0 0.128741 0.375165 0 0.336103 0.375165 0 0.336103 0.492518 0 0.230469 0.011133 0.6911 0.128741 0.011133 1.1556 0.128741 0.195313 1.0535 0.230339 0.195578 0.6017 0.336103 0.011133 1.1556 0.337672 0.195578 1.0535 0.40625 0.011133 1.444 0.406507 0.195578 1.34 0.464844 0.011133 1.156 0.464093 0.195578 1.0778 0.570313 0.011133 0.6911 0.571375 0.195578 0.6534 0.67204 0.011133 1.156 0.67204 0.195313 1.0778 0.066406 0.011133 1.444 0.011553 0.011133 1.156 0.011553 0.195313 1.0778 0.065355 0.195578 1.34 0.128741 0.375165 0.9043 0.230469 0.375165 0.4764 0.336103 0.375165 0.9043 0.67204 0.375165 0.8843 0.011553 0.375165 0.8843 0.464844 0.375165 0.8843</float_array>
          <technique_common>
            <accessor source="#shirt01-mesh-map-channel1-array" count="29" stride="3">
              <param name="S" type="float"/>
              <param name="T" type="float"/>
              <param name="P" type="float"/>
            </accessor>
          </technique_common>
        </source>
        <vertices id="shirt01-mesh-vertices">
          <input semantic="POSITION" source="#shirt01-mesh-positions"/>
        </vertices>
        <triangles material="texture" count="32">
          <input semantic="VERTEX" source="#shirt01-mesh-vertices" offset="0"/>
          <input semantic="NORMAL" source="#shirt01-mesh-normals" offset="1"/>
          <input semantic="TEXCOORD" source="#shirt01-mesh-map-channel1" offset="2" set="1"/>
          <p>1 0 1 2 1 0 0 2 2 1 0 1 4 3 3 3 4 4 2 1 0 1 0 1 3 4 4 7 5 6 8 6 5 6 7 7 6 7 7 8 6 5 5 8 8 8 6 5 10 9 9 5 8 8 5 8 8 10 9 9 9 10 10 10 9 9 12 11 11 9 10 10 9 10 10 12 11 11 11 12 12 12 11 11 14 13 13 11 12 12 11 12 12 14 13 13 13 14 14 14 13 13 16 15 15 13 14 14 13 14 14 16 15 15 15 16 16 16 15 15 18 17 17 15 16 16 15 16 16 18 17 17 17 18 18 18 17 20 20 19 19 17 18 21 17 18 21 20 19 19 19 20 22 20 19 19 7 5 6 19 20 22 19 20 22 7 5 6 6 7 7 6 7 7 5 8 8 0 21 23 0 21 23 5 8 8 1 22 24 19 20 22 6 7 7 0 21 23 5 8 8 9 10 10 1 22 24 1 22 24 9 10 10 4 23 25 9 10 10 11 12 12 4 23 25 15 16 16 17 18 18 2 24 26 17 18 21 19 20 22 2 24 27 2 24 27 19 20 22 0 21 23 11 12 12 13 14 14 3 25 28 4 23 25 11 12 12 3 25 28 3 25 28 13 14 14 15 16 16 2 24 26 3 25 28 15 16 16</p>
        </triangles>
      </mesh>
    </geometry>
    <geometry id="hat05-mesh" name="hat05">
      <mesh>
        <source id="hat05-mesh-positions">
          <float_array id="hat05-mesh-positions-array" count="105">1072.27 -39.37 7674.75 1307.52 13.6038 8730.18 595.766 1241.72 8622.73 478.14 985.792 7585.06 -827.755 1241.73 8622.74 -710.133 985.795 7585.06 -1539.52 13.6126 8730.19 -1304.27 -39.3628 7674.76 -827.762 -1214.5 8837.63 -710.139 -1064.52 7764.44 595.759 -1214.51 8837.63 478.134 -1064.53 7764.44 1105.65 -120.08 6766.93 445.9 849.679 6684.68 -677.896 849.682 6684.68 -1337.65 -120.072 6766.94 -677.901 -1089.38 6854.32 445.894 -1089.39 6854.32 1091.78 -1357.21 6444.85 1592.06 -154.024 6339.58 1091.78 1049.16 6234.32 -116.006 -1855.58 6488.45 -115.996 1547.54 6190.72 -1323.78 1049.17 6234.32 -1323.78 -1357.2 6444.85 -1824.06 -154.014 6339.59 1740.79 -115.5 6794.62 1196.95 1192.45 6680.19 -115.995 1734.23 6632.8 -1428.94 1192.46 6680.2 -1972.79 -115.489 6794.63 -1428.95 -1423.44 6909.06 -116.006 -1965.22 6956.46 1196.94 -1423.45 6909.06 -114.743 -127.685 6655.97</float_array>
          <technique_common>
            <accessor source="#hat05-mesh-positions-array" count="35" stride="3">
              <param name="X" type="float"/>
              <param name="Y" type="float"/>
              <param name="Z" type="float"/>
            </accessor>
          </technique_common>
        </source>
        <source id="hat05-mesh-normals">
          <float_array id="hat05-mesh-normals-array" count="165">0.495686 0.828505 -0.26053 0.975943 -0.029166 -0.216068 0.994301 -0.0128 -0.105837 0.484878 0.85228 -0.196243 -0.495682 0.828507 -0.260528 -0.49269 0.845306 -0.206675 -0.975943 -0.029159 -0.216066 -0.994158 0.007711 -0.107662 -0.480181 -0.859978 -0.172813 -0.488651 -0.869068 -0.077078 0.480175 -0.859981 -0.172814 0.496222 -0.86366 -0.088624 0.000003 0.087154 0.996195 0.000002 0.087154 0.996195 0.000002 0.087155 0.996195 0.000001 0.087155 0.996195 0 0.087156 0.996195 -0.000002 0.087156 0.996195 0.999688 -0.019943 0.015064 0.466975 0.871712 -0.148499 -0.486703 0.864509 -0.125476 -0.999709 0.021296 0.011372 -0.466703 -0.884381 0.007623 0.486373 -0.87327 0.029004 -0.000148 -0.086999 -0.996208 -0.182872 -0.08571 -0.979393 -0.129353 0.043174 -0.990658 0.129245 0.043017 -0.990679 0.000023 0.096498 -0.995333 0.182609 -0.085715 -0.979442 0.603417 0.645784 0.467815 0.8516 0.045144 0.522245 0.950843 -0.026299 -0.308555 0.672393 0.643683 -0.365458 0.000002 0.895324 0.445417 0.000002 0.921226 -0.389029 -0.603412 0.645788 0.467817 -0.67239 0.643687 -0.365457 -0.851599 0.045149 0.522247 -0.950844 -0.026294 -0.308554 -0.603468 -0.555963 0.571605 -0.672304 -0.696187 -0.251658 -0.000001 -0.805705 0.592316 -0.000003 -0.973639 -0.228094 0.603465 -0.555966 0.571604 0.672299 -0.696191 -0.25166 0.12908 -0.214283 -0.968205 0.000021 -0.267597 -0.963531 -0.12919 -0.214433 -0.968157 0.015249 0.116982 0.993017 -0.015247 0.116984 0.993017 0.038171 0.087146 0.995464 0.015178 0.057416 0.998235 -0.038169 0.087147 0.995464 -0.015174 0.057417 0.998235</float_array>
          <technique_common>
            <accessor source="#hat05-mesh-normals-array" count="55" stride="3">
              <param name="X" type="float"/>
              <param name="Y" type="float"/>
              <param name="Z" type="float"/>
            </accessor>
          </technique_common>
        </source>
        <source id="hat05-mesh-map-channel1">
          <float_array id="hat05-mesh-map-channel1-array" count="210">0.989747 0.991145 0.6745 0.909227 0.991145 0.6745 0.909227 0.8789 0.5708 0.989747 0.8789 0.5708 0.5868 0.991145 0.6745 0.507188 0.991145 0.6745 0.507188 0.8789 0.5708 0.5868 0.8789 0.5708 0.666509 0.991145 0.6745 0.666509 0.8789 0.5708 0.749907 0.991145 0.6745 0.749907 0.8789 0.5708 0.829518 0.991145 0.6745 0.829518 0.8789 0.5708 0.585805 0.648216 0 0.599457 0.673856 0 0.585805 0.69779 0 0.555045 0.648216 0 0.555045 0.69779 0 0.54135 0.673856 0 0.909227 0.787941 0.5793 0.989747 0.787941 0.5793 0.507188 0.787941 0.5793 0.5868 0.787941 0.5793 0.666509 0.787941 0.5793 0.749907 0.787941 0.5793 0.829518 0.787941 0.5793 0.720499 0.704261 0 0.707622 0.715299 0 0.687338 0.715299 0 0.720499 0.680299 0 0.674461 0.704261 0 0.707622 0.669214 0 0.674461 0.680299 0 0.687338 0.669214 0 0.931946 0.769637 0.999 0.871266 0.769637 0.999 0.871266 0.753985 0.999 0.931946 0.753985 0.999 0.989747 0.769637 0.999 0.989747 0.753985 0.999 0.567868 0.769637 0.999 0.507188 0.769637 0.999 0.507188 0.753985 0.999 0.567868 0.753985 0.999 0.628547 0.769637 0.999 0.628547 0.753985 0.999 0.685441 0.769637 0.999 0.685441 0.753985 0.999 0.749907 0.769637 0.999 0.749907 0.753985 0.999 0.810586 0.769637 0.999 0.810586 0.753985 0.999 0.69714 0.690282 0 0.698776 0.690372 0 0.698958 0.690935 0 0.696269 0.6923 0 0.698233 0.692854 0 0.707606 0.715509 0 0.749907 0.769637 0.999 0.810586 0.769637 0.999 0.628547 0.769637 0.999 0.567868 0.769637 0.999 0.685441 0.769637 0.999 0.931946 0.769637 0.999 0.871266 0.769637 0.999 0.810586 0.769637 0.999 0.989747 0.769637 0.999 0.567868 0.769637 0.999 0.507188 0.769637 0.999</float_array>
          <technique_common>
            <accessor source="#hat05-mesh-map-channel1-array" count="70" stride="3">
              <param name="S" type="float"/>
              <param name="T" type="float"/>
              <param name="P" type="float"/>
            </accessor>
          </technique_common>
        </source>
        <vertices id="hat05-mesh-vertices">
          <input semantic="POSITION" source="#hat05-mesh-positions"/>
        </vertices>
        <triangles material="texture" count="66">
          <input semantic="VERTEX" source="#hat05-mesh-vertices" offset="0"/>
          <input semantic="NORMAL" source="#hat05-mesh-normals" offset="1"/>
          <input semantic="TEXCOORD" source="#hat05-mesh-map-channel1" offset="2" set="1"/>
          <p>2 0 0 1 1 1 0 2 2 3 3 3 2 0 0 0 2 2 4 4 4 2 0 5 3 3 6 5 5 7 4 4 4 3 3 6 6 6 8 4 4 4 5 5 7 7 7 9 6 6 8 5 5 7 8 8 10 6 6 8 7 7 9 9 9 11 8 8 10 7 7 9 10 10 12 8 8 10 9 9 11 11 11 13 10 10 12 9 9 11 1 1 1 10 10 12 11 11 13 0 2 2 1 1 1 11 11 13 4 12 14 6 13 15 8 14 16 4 12 14 8 14 16 2 15 17 8 14 16 10 16 18 2 15 17 10 16 18 1 17 19 2 15 17 0 2 2 12 18 20 3 3 3 13 19 21 3 3 3 12 18 20 3 3 6 13 19 22 5 5 7 14 20 23 5 5 7 13 19 22 5 5 7 14 20 23 7 7 9 15 21 24 7 7 9 14 20 23 7 7 9 15 21 24 9 9 11 16 22 25 9 9 11 15 21 24 9 9 11 16 22 25 11 11 13 17 23 26 11 11 13 16 22 25 11 11 13 17 23 26 0 2 2 12 18 20 0 2 2 17 23 26 34 24 57 19 25 58 18 26 29 24 27 33 34 24 53 21 28 31 24 27 33 25 29 34 34 24 53 34 24 56 18 26 29 21 28 31 27 30 35 26 31 36 19 32 37 20 33 38 27 30 35 19 32 37 28 34 39 27 30 35 20 33 38 22 35 40 28 34 39 20 33 38 29 36 41 28 34 42 22 35 43 23 37 44 29 36 41 22 35 43 30 38 45 29 36 41 23 37 44 25 39 46 30 38 45 23 37 44 31 40 47 30 38 45 25 39 46 24 41 48 31 40 47 25 39 46 32 42 49 31 40 47 24 41 48 21 43 50 32 42 49 24 41 48 33 44 51 32 42 49 21 43 50 18 45 52 33 44 51 21 43 50 19 32 37 33 44 51 18 45 52 34 24 53 25 29 34 23 46 32 23 46 32 22 47 30 34 24 54 22 47 30 20 48 27 34 24 55 20 48 27 19 25 28 34 24 57 26 31 36 33 44 51 19 32 37 31 40 47 32 42 49 16 49 59 17 50 60 16 49 59 32 42 49 32 42 49 33 44 51 17 50 60 15 51 61 14 52 62 29 36 41 29 36 41 30 38 45 15 51 61 31 40 47 15 51 61 30 38 45 15 51 61 31 40 47 16 49 63 27 30 35 12 53 65 26 31 36 12 53 65 27 30 35 13 54 64 12 53 65 17 50 66 33 44 51 33 44 51 26 31 36 12 53 65 27 30 35 28 34 39 13 54 67 14 52 68 13 54 69 28 34 42 28 34 42 29 36 41 14 52 68</p>
        </triangles>
      </mesh>
    </geometry>
    <geometry id="hair06-mesh" name="hair06">
      <mesh>
        <source id="hair06-mesh-positions">
          <float_array id="hair06-mesh-positions-array" count="132">3.7007 -264.876 6791.79 -959.624 -14.6177 6511.06 -115.136 -1384.07 6514.63 3.7012 746.802 6551.74 -685.588 1325.32 5938.41 -1545.01 309.844 5938.41 -1162.25 -732.909 5915.55 -797.868 1462.37 4720.8 -1527.17 374.88 5020.52 -1125.97 -971.481 5204.37 -1051.47 -1436.98 5643.02 -1279.72 292.119 4103.29 -1165.29 -459.522 4274.91 -478.613 911.888 3847.78 7.2007 -1533.67 5380.01 692.991 1325.32 5938.41 805.271 1462.37 4720.8 486.015 911.888 3847.78 870.558 -14.6186 6555.78 1552.41 309.842 5938.41 1052.78 -740.307 5907.06 1534.58 374.879 5020.52 1140.38 -971.482 5204.37 1294.12 292.118 4103.29 1179.69 -459.523 4274.91 359.527 182.722 5715.66 1517.39 1154.28 6071.1 1259.42 2022.2 5199.07 1054.29 1456.04 4642.32 1705.48 679.985 4642.31 2313.06 766.525 5199.07 2304.05 1814.37 5575.01 1753.72 1352.59 2993.46 2384.71 1882.05 4530.39 -1248.35 2022.2 5199.07 -1506.32 1154.28 6071.1 -348.458 182.722 5715.66 -1043.23 1456.04 4642.32 -1694.41 679.985 4642.32 -2301.99 766.525 5199.07 -2292.98 1814.37 5575.01 -2373.64 1882.05 4530.39 -1742.65 1352.59 2993.46 90.6998 -1770.9 5697.09</float_array>
          <technique_common>
            <accessor source="#hair06-mesh-positions-array" count="44" stride="3">
              <param name="X" type="float"/>
              <param name="Y" type="float"/>
              <param name="Z" type="float"/>
            </accessor>
          </technique_common>
        </source>
        <source id="hair06-mesh-normals">
          <float_array id="hair06-mesh-normals-array" count="141">-0.536244 0.018495 0.843861 -0.003281 -0.640326 0.768096 0.007346 -0.042481 0.99907 -0.393575 0.802102 0.449144 -0.001939 0.464575 0.885532 -0.91599 0.165884 0.365301 -0.851617 -0.334843 0.403273 -0.452962 0.866505 -0.209748 -0.980752 0.173866 -0.088858 -0.900773 -0.389834 -0.191411 -0.692515 -0.721314 -0.011379 -0.903447 0.231392 -0.360888 -0.950529 -0.259018 -0.171477 -0.281975 0.76167 -0.583394 0.001151 -0.784451 -0.62019 0.394251 0.80146 0.449698 0.452345 0.866973 -0.209145 0.280226 0.762435 -0.583237 0.520161 -0.014775 0.85394 0.920861 0.121354 0.370523 0.787414 -0.430368 0.441319 0.9837 0.164211 -0.073271 0.939822 -0.341652 -0.00286 0.124099 -0.989489 -0.074238 0.904808 0.233495 -0.356094 0.952215 -0.255642 -0.167134 0.038124 0.024186 0.99898 -0.467368 0.865317 0.181092 -0.727016 -0.617946 0.299317 -0.892826 0.140373 -0.427969 -0.039458 -0.901174 -0.431657 0.76605 -0.618981 0.173294 0.638086 0.528027 0.560387 0.744675 0.617011 -0.254473 -0.013661 -0.018803 -0.99973 -0.038124 0.024186 0.99898 0.727016 -0.617946 0.299317 0.467368 0.865316 0.181092 0.892826 0.140373 -0.427969 0.039458 -0.901174 -0.431657 -0.76605 -0.61898 0.173295 -0.638086 0.528027 0.560387 0.013662 -0.018802 -0.99973 -0.744675 0.617011 -0.254473 0.663639 -0.682096 0.307129 0.663639 -0.682096 0.307129 0.663639 -0.682096 0.307129</float_array>
          <technique_common>
            <accessor source="#hair06-mesh-normals-array" count="47" stride="3">
              <param name="X" type="float"/>
              <param name="Y" type="float"/>
              <param name="Z" type="float"/>
            </accessor>
          </technique_common>
        </source>
        <source id="hair06-mesh-map-channel1">
          <float_array id="hair06-mesh-map-channel1-array" count="165">0.4917 0.6415 0.2078 0.3485 0.6369 0.105 0.5063 0.652 0.0893 0.1035 0.6075 0.1318 -0.0192 0.6353 0.0296 0.2676 0.6075 0.1618 0.3998 0.5902 0.2332 0.2587 0.5437 0.1817 0.1043 0.5229 0.1532 0.3956 0.5565 0.2179 0.4844 0.6075 0.2652 0.2708 0.48 0.1529 0.3578 0.4919 0.1768 0.1247 0.4623 0.0776 0.5026 0.5687 0.2406 -0.1101 0.6075 0.1362 -0.1099 0.5229 0.1576 -0.1344 0.4623 0.0827 0.6474 0.64 0.1013 0.9808 0.6353 0.0296 0.8899 0.6075 0.1362 0.7332 0.6075 0.1688 0.5954 0.6075 0.231 0.8901 0.5229 0.1576 0.7416 0.5437 0.1888 0.6089 0.5565 0.2229 0.5811 0.585 0.2116 0.8656 0.4623 0.0827 0.7302 0.48 0.1607 0.6465 0.4919 0.183 0.8906 0.5561 0.2447 0.8175 0.6167 0.2046 0.6514 0.592 0.0572 0.8688 0.5175 0.1778 0.7704 0.5175 0.2109 0.7709 0.5561 0.2851 0.8339 0.5822 0.3258 0.835 0.5097 0.3384 0.8242 0.403 0.2407 0.3622 0.592 0.0512 0.18 0.6167 0.1978 0.1056 0.5561 0.24 0.1265 0.5175 0.1723 0.2289 0.5175 0.2035 0.2285 0.5561 0.2776 0.1642 0.5822 0.3193 0.1735 0.403 0.234 0.1632 0.5097 0.3319 0.4102 0.9961 0.7593 0.4297 0.9141 0.7698 0.25 0.9414 0.9995 0.484446 0.607715 0.264837 0.497995 0.599458 0.226742 0.327095 1.01056 0.774442 0.6823 0.5414 0.0109</float_array>
          <technique_common>
            <accessor source="#hair06-mesh-map-channel1-array" count="55" stride="3">
              <param name="S" type="float"/>
              <param name="T" type="float"/>
              <param name="P" type="float"/>
            </accessor>
          </technique_common>
        </source>
        <vertices id="hair06-mesh-vertices">
          <input semantic="POSITION" source="#hair06-mesh-positions"/>
        </vertices>
        <triangles material="hair" count="69">
          <input semantic="VERTEX" source="#hair06-mesh-vertices" offset="0"/>
          <input semantic="NORMAL" source="#hair06-mesh-normals" offset="1"/>
          <input semantic="TEXCOORD" source="#hair06-mesh-map-channel1" offset="2" set="1"/>
          <p>1 0 1 2 1 0 0 2 2 4 3 3 1 0 1 3 4 4 5 5 5 1 0 1 4 3 3 1 0 1 6 6 6 2 1 0 7 7 8 8 8 7 4 3 3 8 8 7 5 5 5 4 3 3 8 8 7 6 6 6 5 5 5 9 9 9 6 6 6 8 8 7 9 9 9 10 10 10 6 6 6 11 11 11 8 8 7 7 7 8 12 12 12 9 9 9 8 8 7 3 4 4 1 0 1 0 2 2 5 5 5 6 6 6 1 0 1 7 7 8 13 13 13 11 11 11 8 8 7 11 11 11 12 12 12 10 10 51 2 1 0 6 6 6 10 10 10 9 9 9 14 14 14 15 15 15 4 3 3 3 4 4 16 16 16 7 7 8 15 15 15 15 15 15 7 7 8 4 3 3 17 17 17 13 13 13 16 16 16 16 16 16 13 13 13 7 7 8 18 18 18 0 2 2 2 1 0 15 15 20 3 4 19 18 18 18 19 19 21 15 15 20 18 18 18 19 19 21 18 18 18 20 20 22 16 16 23 15 15 20 21 21 24 21 21 24 15 15 20 19 19 21 21 21 24 19 19 21 20 20 22 22 22 25 21 21 24 20 20 22 43 23 52 20 20 26 2 1 0 17 17 27 16 16 23 23 24 28 24 25 29 21 21 24 22 22 25 3 4 19 0 2 2 18 18 18 20 20 22 18 18 18 2 1 0 21 21 24 23 24 28 16 16 23 21 21 24 24 25 29 23 24 28 10 10 51 43 23 52 2 1 0 26 26 31 27 27 30 25 28 32 27 27 30 28 29 33 25 28 32 28 29 33 29 30 34 25 28 32 29 30 34 30 31 35 25 28 32 30 31 35 26 26 31 25 28 32 27 27 30 26 26 31 31 32 36 30 31 35 31 32 36 26 26 31 27 27 30 33 33 37 32 34 38 28 29 33 27 27 30 32 34 38 29 30 34 28 29 33 32 34 38 30 31 35 29 30 34 32 34 38 33 33 37 30 31 35 32 34 38 30 31 35 33 33 37 31 32 36 27 27 30 31 32 36 33 33 37 35 35 40 36 36 39 34 37 41 34 37 41 36 36 39 37 38 42 37 38 42 36 36 39 38 39 43 38 39 43 36 36 39 39 40 44 39 40 44 36 36 39 35 35 40 34 37 41 40 41 45 35 35 40 39 40 44 35 35 40 40 41 45 34 37 41 42 42 46 41 43 47 37 38 42 42 42 46 34 37 41 38 39 43 42 42 46 37 38 42 39 40 44 42 42 46 38 39 43 41 43 47 42 42 46 39 40 44 39 40 44 40 41 45 41 43 47 34 37 41 41 43 47 40 41 45 22 44 49 20 45 48 43 46 53 10 10 51 14 14 14 43 23 52 14 14 14 22 22 54 43 23 52</p>
        </triangles>
      </mesh>
    </geometry>
    <geometry id="dress-mesh" name="dress">
      <mesh>
        <source id="dress-mesh-positions">
          <float_array id="dress-mesh-positions-array" count="48">-657.017 -596.198 1224.2 4.70235 -725.018 1209.34 666.422 -596.198 1224.2 947.207 -67.0437 1281.03 666.422 451.05 1307.2 4.70255 579.068 1319.04 -657.017 451.051 1307.2 -937.802 -67.0434 1281.03 -746.656 -760.672 702.588 4.69289 -927.061 690.642 756.043 -760.672 702.588 1074.86 -93.8275 726.731 756.042 575.55 731.743 4.6929 740.918 743.473 -746.656 575.55 731.743 -1065.47 -93.8271 726.731</float_array>
          <technique_common>
            <accessor source="#dress-mesh-positions-array" count="16" stride="3">
              <param name="X" type="float"/>
              <param name="Y" type="float"/>
              <param name="Z" type="float"/>
            </accessor>
          </technique_common>
        </source>
        <source id="dress-mesh-normals">
          <float_array id="dress-mesh-normals-array" count="48">-0.557395 -0.765641 0.321098 0.006739 -0.934362 0.356262 -0.573945 -0.744412 0.34123 0.008648 -0.9344 0.356121 0.556658 -0.756656 0.342935 0.590036 -0.742625 0.316806 0.96961 -0.036653 0.241893 0.971311 0.011935 0.237513 0.597768 0.762988 0.246014 0.576416 0.773153 0.264536 -0.006227 0.964361 0.264515 -0.007232 0.964411 0.264309 -0.597993 0.75673 0.264128 -0.583234 0.774318 0.2455 -0.971547 -0.012985 0.23649 -0.970397 0.043122 0.237633</float_array>
          <technique_common>
            <accessor source="#dress-mesh-normals-array" count="16" stride="3">
              <param name="X" type="float"/>
              <param name="Y" type="float"/>
              <param name="Z" type="float"/>
            </accessor>
          </technique_common>
        </source>
        <source id="dress-mesh-map-channel1">
          <float_array id="dress-mesh-map-channel1-array" count="54">0.679688 0.417969 0.7785 0.589844 0.417969 1.0094 0.589844 0.532364 0.8904 0.679688 0.532364 0.6884 0.761719 0.417969 1.0094 0.761719 0.532364 0.8904 0.84375 0.417969 1.1293 0.84375 0.532364 0.9946 0.921875 0.417969 1.0094 0.921875 0.532364 0.8905 0.992188 0.417969 0.7775 0.992188 0.532364 0.6877 0.425781 0.417969 1.0094 0.351563 0.417969 0.7775 0.351563 0.532364 0.6877 0.425781 0.532364 0.8905 0.507813 0.417969 1.1293 0.507813 0.532364 0.9945</float_array>
          <technique_common>
            <accessor source="#dress-mesh-map-channel1-array" count="18" stride="3">
              <param name="S" type="float"/>
              <param name="T" type="float"/>
              <param name="P" type="float"/>
            </accessor>
          </technique_common>
        </source>
        <vertices id="dress-mesh-vertices">
          <input semantic="POSITION" source="#dress-mesh-positions"/>
        </vertices>
        <triangles material="texture" count="16">
          <input semantic="VERTEX" source="#dress-mesh-vertices" offset="0"/>
          <input semantic="NORMAL" source="#dress-mesh-normals" offset="1"/>
          <input semantic="TEXCOORD" source="#dress-mesh-map-channel1" offset="2" set="1"/>
          <p>8 0 1 9 1 0 0 2 2 0 2 2 9 1 0 1 3 3 9 1 0 10 4 4 1 3 3 1 3 3 10 4 4 2 5 5 10 4 4 11 6 6 2 5 5 2 5 5 11 6 6 3 7 7 11 6 6 12 8 8 3 7 7 3 7 7 12 8 8 4 9 9 12 8 8 13 10 10 4 9 9 4 9 9 13 10 10 5 11 11 13 10 13 14 12 12 5 11 14 5 11 14 14 12 12 6 13 15 14 12 12 15 14 16 6 13 15 6 13 15 15 14 16 7 15 17 15 14 16 8 0 1 7 15 17 7 15 17 8 0 1 0 2 2</p>
        </triangles>
      </mesh>
    </geometry>
    <geometry id="pants01-mesh" name="pants01">
      <mesh>
        <source id="pants01-mesh-positions">
          <float_array id="pants01-mesh-positions-array" count="96">789.528 65.6478 1412.69 775.518 -2.5717 660.351 380.703 225.374 660.351 356.515 315.648 1412.69 539.528 -367.365 1412.69 106.515 -117.365 1412.69 152.757 -169.44 660.351 547.572 -397.386 660.351 576.645 -505.889 11.3442 203.919 -92.9126 11.3442 382.504 218.656 11.3442 692.947 38.122 11.3441 692.535 39.6589 133.564 382.504 218.656 133.564 203.507 -91.3756 133.564 513.539 -270.372 133.564 -316.215 315.648 1412.69 -340.403 225.374 660.351 -735.218 -2.5717 660.351 -749.228 65.6478 1412.69 -507.272 -397.386 660.351 -112.458 -169.44 660.351 -66.2148 -117.365 1412.69 -499.228 -367.365 1412.69 -652.647 38.122 11.344 -342.204 218.656 11.3442 -163.619 -92.9126 11.3442 -536.345 -505.889 11.3442 -342.204 218.656 133.564 -652.235 39.6589 133.564 -473.239 -270.372 133.564 -163.208 -91.3756 133.564</float_array>
          <technique_common>
            <accessor source="#pants01-mesh-positions-array" count="32" stride="3">
              <param name="X" type="float"/>
              <param name="Y" type="float"/>
              <param name="Z" type="float"/>
            </accessor>
          </technique_common>
        </source>
        <source id="pants01-mesh-normals">
          <float_array id="pants01-mesh-normals-array" count="96">-0.258182 0.963549 -0.070101 -0.256845 0.958558 -0.123276 0.972608 0.216263 -0.085226 0.955008 0.293242 -0.044373 -0.950435 -0.299015 -0.085226 0.257635 -0.961505 -0.095561 -0.973682 -0.223548 -0.044374 0.258598 -0.965103 0.041276 -0.212313 0.788458 -0.577285 0.788022 0.235013 -0.569026 -0.797882 -0.08849 -0.596284 0.307027 -0.93569 -0.173835 -0.259409 0.96574 -0.007303 0.955354 0.288663 -0.063028 0.344467 -0.783794 0.516729 -0.987032 -0.160506 0.002447 -0.972608 0.216263 -0.085226 0.256845 0.958558 -0.123276 0.258184 0.963549 -0.070102 -0.955008 0.293243 -0.044373 0.973682 -0.223548 -0.044374 -0.257634 -0.961505 -0.095561 0.950435 -0.299015 -0.085227 -0.258598 -0.965103 0.041276 0.797883 -0.08849 -0.596282 -0.788022 0.235013 -0.569025 0.212314 0.788458 -0.577284 -0.307026 -0.935691 -0.173834 0.259409 0.96574 -0.007303 -0.955354 0.288664 -0.063027 -0.344469 -0.783794 0.516729 0.987032 -0.160507 0.002449</float_array>
          <technique_common>
            <accessor source="#pants01-mesh-normals-array" count="32" stride="3">
              <param name="X" type="float"/>
              <param name="Y" type="float"/>
              <param name="Z" type="float"/>
            </accessor>
          </technique_common>
        </source>
        <source id="pants01-mesh-map-channel1">
          <float_array id="pants01-mesh-map-channel1-array" count="144">0.9375 0.269362 1.1985 0.9375 0.144211 1.0714 0.992188 0.144211 1.1023 0.992188 0.269362 1.4128 0.84375 0.269362 0.9364 0.75 0.269362 1.1985 0.75 0.144211 1.0714 0.84375 0.144211 1.0396 0.050781 0.585938 0 0.019531 0.515625 0 0.050781 0.480469 0 0.085937 0.515625 0 0.691406 0.269362 1.4128 0.691406 0.144211 1.1023 0.9375 0.030436 0.8741 0.992188 0.030436 1.0792 0.75 0.030436 0.8741 0.84375 0.030436 0.6028 0.691406 0.030436 1.0792 0.9375 0.007681 0.8726 0.992188 0.007681 1.0792 0.84375 0.007681 1.4128 0.75 0.007681 0.8726 0.691406 0.007681 1.0792 0.992188 0.269362 1.4128 0.992188 0.144211 1.1023 0.9375 0.144211 1.0714 0.9375 0.269362 1.1985 0.84375 0.144211 1.0396 0.75 0.144211 1.0714 0.75 0.269362 1.1985 0.84375 0.269362 0.9364 0.085937 0.515625 0 0.050781 0.480469 0 0.019531 0.515625 0 0.050781 0.585938 0 0.691406 0.144211 1.1023 0.691406 0.269362 1.4128 0.992188 0.030436 1.0792 0.9375 0.030436 0.8741 0.84375 0.030436 0.6028 0.75 0.030436 0.8741 0.691406 0.030436 1.0792 0.992188 0.007681 1.0792 0.9375 0.007681 0.8726 0.84375 0.007681 1.4128 0.75 0.007681 0.8726 0.691406 0.007681 1.0792</float_array>
          <technique_common>
            <accessor source="#pants01-mesh-map-channel1-array" count="48" stride="3">
              <param name="S" type="float"/>
              <param name="T" type="float"/>
              <param name="P" type="float"/>
            </accessor>
          </technique_common>
        </source>
        <vertices id="pants01-mesh-vertices">
          <input semantic="POSITION" source="#pants01-mesh-positions"/>
        </vertices>
        <triangles material="texture" count="52">
          <input semantic="VERTEX" source="#pants01-mesh-vertices" offset="0"/>
          <input semantic="NORMAL" source="#pants01-mesh-normals" offset="1"/>
          <input semantic="TEXCOORD" source="#pants01-mesh-map-channel1" offset="2" set="1"/>
          <p>2 0 2 3 1 3 1 2 1 1 2 1 3 1 3 0 3 0 6 4 6 7 5 7 5 6 5 5 6 5 7 5 7 4 7 4 10 8 10 11 9 11 9 10 9 9 10 9 11 9 11 8 11 8 1 2 1 0 3 0 7 5 7 7 5 7 0 3 0 4 7 4 3 1 12 2 0 13 5 6 5 5 6 5 2 0 13 6 4 6 2 0 2 1 2 1 13 12 15 13 12 15 1 2 1 12 13 14 7 5 7 6 4 6 15 14 17 15 14 17 6 4 6 14 15 16 1 2 1 7 5 7 12 13 14 12 13 14 7 5 7 15 14 17 6 4 6 2 0 13 14 15 16 14 15 16 2 0 13 13 12 18 13 12 15 12 13 14 10 8 20 10 8 20 12 13 14 11 9 19 12 13 14 15 14 17 11 9 19 11 9 19 15 14 17 8 11 21 15 14 17 14 15 16 8 11 21 8 11 21 14 15 16 9 10 22 14 15 16 13 12 18 9 10 22 9 10 22 13 12 18 10 8 23 18 16 26 16 17 24 17 18 25 19 19 27 16 17 24 18 16 26 22 20 30 20 21 28 21 22 29 23 23 31 20 21 28 22 20 30 26 24 34 24 25 32 25 26 33 27 27 35 24 25 32 26 24 34 20 21 28 19 19 27 18 16 26 23 23 31 19 19 27 20 21 28 22 20 30 17 18 36 16 17 37 21 22 29 17 18 36 22 20 30 28 28 38 18 16 26 17 18 25 29 29 39 18 16 26 28 28 38 30 30 40 21 22 29 20 21 28 31 31 41 21 22 29 30 30 40 29 29 39 20 21 28 18 16 26 30 30 40 20 21 28 29 29 39 31 31 41 17 18 36 21 22 29 28 28 42 17 18 36 31 31 41 25 26 43 29 29 39 28 28 38 24 25 44 29 29 39 25 26 43 24 25 44 30 30 40 29 29 39 27 27 45 30 30 40 24 25 44 27 27 45 31 31 41 30 30 40 26 24 46 31 31 41 27 27 45 26 24 46 28 28 42 31 31 41 25 26 47 28 28 42 26 24 46</p>
        </triangles>
      </mesh>
    </geometry>
    <geometry id="face0-mesh" name="face0">
      <mesh>
        <source id="face0-mesh-positions">
          <float_array id="face0-mesh-positions-array" count="84">-845.892 -960.646 4118.95 -1125.97 -971.481 5204.37 -1165.29 -459.523 4274.91 7.20145 -1533.67 5380.01 7.20155 -1321.26 4124.35 7.20185 -731.896 3142.63 -430.569 -719.727 3230.06 -1052.49 -306.749 3629.62 -793.995 -780.327 3560.74 7.20175 -1219.94 3571.45 -1389.85 -142.913 3832.91 -1464.83 -290.828 4421.23 -1582.77 -25.9331 4174.6 860.295 -960.646 4118.95 1179.69 -459.523 4274.91 1140.38 -971.481 5204.37 1066.57 -306.086 3629.74 444.972 -719.728 3230.06 808.399 -780.327 3560.74 1404.26 -142.914 3832.91 1597.18 -25.9336 4174.6 1479.24 -290.829 4421.23 -364.085 191.717 3557.8 374.313 189.556 3556.95 -1279.72 292.119 4103.29 482.748 911.888 3847.78 1294.12 292.118 4103.29 -475.345 911.888 3847.78</float_array>
          <technique_common>
            <accessor source="#face0-mesh-positions-array" count="28" stride="3">
              <param name="X" type="float"/>
              <param name="Y" type="float"/>
              <param name="Z" type="float"/>
            </accessor>
          </technique_common>
        </source>
        <source id="face0-mesh-normals">
          <float_array id="face0-mesh-normals-array" count="84">-0.552003 -0.817175 -0.165887 -0.805646 -0.536262 -0.25171 -0.639554 -0.738582 -0.213232 -0.000000 -0.986857 -0.161597 0 -0.985992 -0.166791 -0.769362 -0.139864 -0.623314 -0.658095 -0.561184 -0.50198 -0.000000 -0.893736 -0.448594 -0.366706 -0.227134 -0.902184 0.000105 -0.170518 -0.985354 -0.616505 -0.738857 -0.272052 -0.654977 -0.708885 -0.261699 -0.780932 -0.574953 -0.244078 0.805526 -0.536271 -0.252074 0.552003 -0.817175 -0.165887 0.639554 -0.738582 -0.213232 0.768825 -0.138761 -0.624223 0.6583 -0.56081 -0.502129 0.366786 -0.226719 -0.902256 0.615856 -0.73919 -0.272616 0.654976 -0.708887 -0.261699 0.780932 -0.574954 -0.244077 0.208808 0.374874 -0.903254 -0.20963 0.374121 -0.903376 -0.702517 0.199398 -0.683162 0.701626 0.200483 -0.683759 0.222632 0.335184 -0.915471 -0.224074 0.334028 -0.915541</float_array>
          <technique_common>
            <accessor source="#face0-mesh-normals-array" count="28" stride="3">
              <param name="X" type="float"/>
              <param name="Y" type="float"/>
              <param name="Z" type="float"/>
            </accessor>
          </technique_common>
        </source>
        <source id="face0-mesh-map-channel1">
          <float_array id="face0-mesh-map-channel1-array" count="93">0.074218 0.941406 0 0.050781 0.800781 0 0.121094 0.777344 0 0.25 0.78125 0 0.25 0.972656 0 0.335938 0.597656 0 0.253906 0.628906 0 0.070312 0.703125 0 0.128906 0.691406 0 0.25 0.695313 0 0.183594 0.640625 0 0.253906 0.628906 0 0.027343 0.722656 0 0.023437 0.820313 0 0.007812 0.777344 0 0.167969 0.597656 0 0.449219 0.804688 0 0.421875 0.945313 0 0.382813 0.78125 0 0.429688 0.707031 0 0.351563 0.550781 0 0.375 0.695313 0 0.320313 0.644531 0 0.042968 0.683594 0 0.453125 0.625 0 0.472656 0.730469 0 0.476563 0.828125 0 0.460938 0.6875 0 0.492188 0.78125 0 0.152344 0.550781 0 0.058593 0.628906 0</float_array>
          <technique_common>
            <accessor source="#face0-mesh-map-channel1-array" count="31" stride="3">
              <param name="S" type="float"/>
              <param name="T" type="float"/>
              <param name="P" type="float"/>
            </accessor>
          </technique_common>
        </source>
        <vertices id="face0-mesh-vertices">
          <input semantic="POSITION" source="#face0-mesh-positions"/>
        </vertices>
        <triangles material="texture" count="39">
          <input semantic="VERTEX" source="#face0-mesh-vertices" offset="0"/>
          <input semantic="NORMAL" source="#face0-mesh-normals" offset="1"/>
          <input semantic="TEXCOORD" source="#face0-mesh-map-channel1" offset="2" set="1"/>
          <p>1 0 0 2 1 1 0 2 2 1 0 0 4 3 3 3 4 4 2 1 1 7 5 7 8 6 8 2 1 1 8 6 8 0 2 2 0 2 2 9 7 9 4 3 3 8 6 8 7 5 7 6 8 10 6 8 10 5 9 11 9 7 9 2 1 1 10 10 12 7 5 7 10 10 12 2 1 1 11 11 13 10 10 12 11 11 13 12 12 14 1 0 0 0 2 2 4 3 3 0 2 2 8 6 8 9 7 9 9 7 9 8 6 8 6 8 10 14 13 16 15 14 17 13 15 18 4 3 3 15 14 17 3 4 4 16 16 19 14 13 16 18 17 21 18 17 21 14 13 16 13 15 18 9 7 9 13 15 18 4 3 3 16 16 19 18 17 21 17 18 22 5 9 11 17 18 22 9 7 9 19 19 25 14 13 16 16 16 19 21 20 26 19 19 25 20 21 28 21 20 26 14 13 16 19 19 25 13 15 18 15 14 17 4 3 3 18 17 21 13 15 18 9 7 9 18 17 21 9 7 9 17 18 22 23 22 5 5 9 6 22 23 15 6 8 10 22 23 15 5 9 6 24 24 30 7 5 7 2 1 23 22 23 15 6 8 10 7 5 7 23 22 5 26 25 24 16 16 19 23 22 5 16 16 19 17 18 22 16 16 19 26 25 24 14 13 27 5 9 6 23 22 5 17 18 22 23 22 5 25 26 20 26 25 24 23 22 5 22 23 15 25 26 20 25 26 20 22 23 15 27 27 29 24 24 30 22 23 15 7 5 7 24 24 30 27 27 29 22 23 15</p>
        </triangles>
      </mesh>
    </geometry>
    <geometry id="hat06-mesh" name="hat06">
      <mesh>
        <source id="hat06-mesh-positions">
          <float_array id="hat06-mesh-positions-array" count="72">-1329.49 -155.411 6290.69 -1329.49 -233.17 6000.49 -734.861 -614.763 6310.03 -734.861 -495.861 6753.78 -254.253 -813.07 6481.4 -254.253 -489.333 7689.6 226.355 -813.07 6481.4 226.355 -489.333 7689.6 706.964 -614.763 6310.03 706.964 -495.861 6753.78 1301.59 -233.17 6000.49 1301.59 -155.411 6290.69 -734.861 -322.881 6231.82 -1329.49 58.7128 5922.28 -1329.49 136.471 6212.48 -734.861 -203.979 6675.57 -254.253 -521.188 6403.19 -254.253 -197.451 7611.39 226.355 -521.188 6403.19 226.355 -197.451 7611.39 706.964 -322.881 6231.82 706.964 -203.979 6675.57 1301.59 58.7128 5922.28 1301.59 136.471 6212.48</float_array>
          <technique_common>
            <accessor source="#hat06-mesh-positions-array" count="24" stride="3">
              <param name="X" type="float"/>
              <param name="Y" type="float"/>
              <param name="Z" type="float"/>
            </accessor>
          </technique_common>
        </source>
        <source id="hat06-mesh-normals">
          <float_array id="hat06-mesh-normals-array" count="162">-0.86561 -0.483657 0.129595 -0.9144 -0.391018 0.104773 -0.535823 -0.81556 0.218529 -0.491128 -0.841406 0.225454 -0.240331 -0.937616 0.251233 -0.114005 -0.959628 0.257132 0.240331 -0.937616 0.251233 0.114005 -0.959628 0.257132 0.535823 -0.81556 0.218529 0.491128 -0.841406 0.225454 0.602349 -0.771033 0.206598 0.602349 -0.771034 0.206598 0.535823 0.81556 -0.218529 0.602349 0.771034 -0.206598 0.602349 0.771034 -0.206598 0.491128 0.841406 -0.225454 0.240331 0.937616 -0.251233 0.114005 0.959628 -0.257132 -0.240331 0.937616 -0.251233 -0.114005 0.959628 -0.257132 -0.535823 0.81556 -0.218529 -0.491128 0.841406 -0.225454 -0.602349 0.771034 -0.206598 -0.602349 0.771034 -0.206598 0.259586 -0.24995 -0.932813 0.319124 -0.245287 -0.91542 0.319124 -0.245288 -0.91542 0.289562 -0.247735 -0.924544 0.097135 -0.257597 -0.961358 0.130828 -0.256595 -0.957623 -0.097135 -0.257596 -0.961358 -0.130827 -0.256596 -0.957623 -0.259588 -0.24995 -0.932813 -0.289563 -0.247734 -0.924544 -0.319123 -0.245288 -0.91542 -0.319123 -0.245287 -0.915421 1 0 0 1 0 0 1 0 0 1 0 0 0.778399 0.162479 0.606379 0.517055 0.221537 0.826786 0.517055 0.221537 0.826786 0.681542 0.189399 0.706844 0.474883 0.227772 0.850062 0.54954 0.216233 0.807 -0.474883 0.227772 0.850062 -0.54954 0.216233 0.807 -0.778399 0.162479 0.606379 -0.681542 0.189399 0.706844 -0.517055 0.221537 0.826786 -0.517055 0.221537 0.826786 -1 0 0 -1 0 0</float_array>
          <technique_common>
            <accessor source="#hat06-mesh-normals-array" count="54" stride="3">
              <param name="X" type="float"/>
              <param name="Y" type="float"/>
              <param name="Z" type="float"/>
            </accessor>
          </technique_common>
        </source>
        <source id="hat06-mesh-map-channel1">
          <float_array id="hat06-mesh-map-channel1-array" count="144">0.993827 0.995043 0 0.630677 0.878459 0 0.631065 0.85912 0 0.72919 0.82378 0 0.631464 0.839781 0 0.795909 0.957794 0 0.631464 0.820442 0 0.862628 0.957794 0 0.631065 0.801104 0 0.929348 0.82378 0 0.630677 0.781765 0 0.701005 0.915271 0 0.754642 0.950907 0 0.754642 0.917498 0 0.701005 0.864185 0 0.647368 0.895542 0 0.647368 0.756448 0 0.593387 0.894989 0 0.593387 0.755895 0 0.888036 0.994789 0 0.954756 0.995009 0 0.821317 0.994475 0 0.754597 0.994475 0 0.687878 0.994789 0 0.621159 0.99457 0 0.608178 0.878459 0 0.608567 0.85912 0 0.608965 0.839781 0 0.608965 0.820442 0 0.608567 0.801104 0 0.608178 0.781765 0 0.993921 0.962146 0 0.66247 0.757463 0 0.66247 0.715906 0 0.72919 0.760233 0 0.795909 0.784774 0 0.862628 0.784774 0 0.929348 0.760233 0 0.996067 0.715906 0 0.996067 0.757463 0 0.621159 0.961786 0 0.687878 0.962006 0 0.754597 0.961691 0 0.821317 0.961691 0 0.888036 0.962006 0 0.954756 0.962226 0 0.586277 0.994474 0 0.586277 0.961874 0</float_array>
          <technique_common>
            <accessor source="#hat06-mesh-map-channel1-array" count="48" stride="3">
              <param name="S" type="float"/>
              <param name="T" type="float"/>
              <param name="P" type="float"/>
            </accessor>
          </technique_common>
        </source>
        <vertices id="hat06-mesh-vertices">
          <input semantic="POSITION" source="#hat06-mesh-positions"/>
        </vertices>
        <triangles material="texture" count="44">
          <input semantic="VERTEX" source="#hat06-mesh-vertices" offset="0"/>
          <input semantic="NORMAL" source="#hat06-mesh-normals" offset="1"/>
          <input semantic="TEXCOORD" source="#hat06-mesh-map-channel1" offset="2" set="1"/>
          <p>0 0 32 1 1 33 2 2 34 0 0 32 2 2 34 3 3 3 3 3 3 2 2 34 4 4 35 3 3 3 4 4 35 5 5 5 5 5 5 4 4 35 6 6 36 5 5 5 6 6 36 7 7 7 7 7 7 6 6 36 8 8 37 7 7 7 8 8 37 9 9 9 9 9 9 8 8 37 10 10 38 9 9 9 10 10 38 11 11 39 12 12 11 13 13 12 14 14 13 12 12 11 14 14 13 15 15 14 16 16 15 12 12 11 15 15 14 16 16 15 15 15 14 17 17 16 18 18 17 16 16 15 17 17 16 18 18 17 17 17 16 19 19 18 20 20 11 18 18 15 19 19 16 20 20 11 19 19 16 21 21 14 22 22 12 20 20 11 21 21 14 22 22 12 21 21 14 23 23 13 2 24 2 1 25 1 13 26 25 2 24 2 13 26 25 12 27 26 4 28 4 2 24 2 12 27 26 4 28 4 12 27 26 16 29 27 6 30 6 4 28 4 16 29 27 6 30 6 16 29 27 18 31 28 8 32 8 6 30 6 18 31 28 8 32 8 18 31 28 20 33 29 10 34 10 8 32 8 20 33 29 10 34 10 20 33 29 22 35 30 11 36 20 10 37 0 22 38 31 11 36 20 22 38 31 23 39 45 9 40 19 11 41 20 23 42 45 9 40 19 23 42 45 21 43 44 7 44 21 9 40 19 21 43 44 7 44 21 21 43 44 19 45 43 5 46 22 7 44 21 19 45 43 5 46 22 19 45 43 17 47 42 3 48 23 5 46 22 17 47 42 3 48 23 17 47 42 15 49 41 0 50 24 3 48 23 15 49 41 0 50 24 15 49 41 14 51 40 1 1 46 0 0 24 14 52 40 1 1 46 14 52 40 13 53 47</p>
        </triangles>
      </mesh>
    </geometry>
    <geometry id="tray-mesh" name="tray">
      <mesh>
        <source id="tray-mesh-positions">
          <float_array id="tray-mesh-positions-array" count="138">0 0 676.48 -127.095 306.834 600.645 -306.834 -127.095 600.645 127.095 -306.834 600.645 306.834 127.095 600.645 -0.000026 616.912 354.062 -436.223 436.223 354.062 -616.912 -0.000053 354.062 -436.223 -436.223 354.062 0.000007 -616.912 354.062 436.223 -436.223 354.062 616.912 -0.000186 354.062 436.223 436.223 354.062 -0.00003 699.223 -32.9745 -494.425 494.425 -32.9745 -699.223 -0.000061 -32.9745 -494.425 -494.425 -32.9745 0.000008 -699.223 -32.9745 494.425 -494.425 -32.9745 699.223 -0.000211 -32.9745 494.425 494.425 -32.9745 -0.000034 783.105 -92.4148 -553.739 553.739 -92.4148 -783.105 -0.000058 -92.4148 -553.739 -553.739 -92.4148 0.000009 -783.105 -92.4148 553.739 -553.739 -92.4148 783.105 -0.000226 -92.4148 553.739 553.739 -92.4148 -0.000033 761.672 -158.117 -538.583 538.583 -158.117 -761.672 -0.000061 -158.117 -538.583 -538.583 -158.117 0.000009 -761.671 -158.117 538.583 -538.583 -158.117 761.672 -0.000224 -158.117 538.583 538.583 -158.117 80.3732 -193.342 623.239 -67.6595 -28.8376 648.438 -79.4054 192.155 623.239 80.3732 -193.342 824.256 -67.6595 -28.8376 824.256 -79.4054 192.155 824.256 0.483895 -0.593927 895.428 68.6273 27.6498 648.438 68.6273 27.6498 824.256</float_array>
          <technique_common>
            <accessor source="#tray-mesh-positions-array" count="46" stride="3">
              <param name="X" type="float"/>
              <param name="Y" type="float"/>
              <param name="Z" type="float"/>
            </accessor>
          </technique_common>
        </source>
        <source id="tray-mesh-normals">
          <float_array id="tray-mesh-normals-array" count="153">0 0 1 -0.175679 0.424126 0.8884 -0.424126 -0.175679 0.8884 0.175679 -0.424126 0.8884 0.424126 0.175679 0.8884 0.01721 0.867893 0.496453 -0.625862 0.601523 0.496453 -0.867893 0.01721 0.496453 -0.601523 -0.625863 0.496453 -0.01721 -0.867893 0.496453 0.625862 -0.601523 0.496453 0.867893 -0.01721 0.496453 0.601523 0.625862 0.496453 0 0.803868 0.594807 -0.568421 0.568421 0.594807 -0.803868 0 0.594807 -0.568421 -0.568421 0.594807 0 -0.803869 0.594807 0.568421 -0.568421 0.594807 0.803869 -0.000000 0.594807 0.568421 0.568421 0.594807 0 0.960599 0.277938 -0.679246 0.679246 0.277938 -0.960599 0 0.277938 -0.679246 -0.679246 0.277939 0.000000 -0.960599 0.277938 0.679246 -0.679246 0.277939 0.960599 -0.000000 0.277938 0.679246 0.679246 0.277939 -0.000000 0.950691 -0.310139 -0.67224 0.67224 -0.310139 -0.950691 -0.000000 -0.310139 -0.672241 -0.672241 -0.310137 0.000000 -0.950691 -0.310139 0.67224 -0.672241 -0.310137 0.950691 -0.000000 -0.310139 0.672241 0.67224 -0.310138 -0.743342 -0.668911 0 -0.732616 -0.659259 0.169267 -0.860467 -0.356642 0.363872 -0.923794 -0.382889 0 -0.984181 -0.052309 0.169267 -0.99859 -0.053075 0 -0.641434 -0.265858 0.71964 0.99859 0.053075 -0.000000 0.923794 0.382889 -0.000000 0.860467 0.356642 0.363872 0.984181 0.052309 0.169267 0.743343 0.668911 0 0.732616 0.659259 0.169267 0.641434 0.265858 0.719641</float_array>
          <technique_common>
            <accessor source="#tray-mesh-normals-array" count="51" stride="3">
              <param name="X" type="float"/>
              <param name="Y" type="float"/>
              <param name="Z" type="float"/>
            </accessor>
          </technique_common>
        </source>
        <source id="tray-mesh-map-channel1">
          <float_array id="tray-mesh-map-channel1-array" count="138">0.5 0.5 0.999501 0.453806 0.611521 0.908531 0.388479 0.453806 0.908531 0.546194 0.388479 0.908531 0.611521 0.546194 0.908531 0.5 0.790385 0.612736 0.294667 0.705333 0.612736 0.209615 0.5 0.612736 0.294667 0.294667 0.612736 0.5 0.209615 0.612736 0.705333 0.294667 0.612736 0.790385 0.5 0.612736 0.705333 0.705333 0.612736 0.5 0.901264 0.148456 0.216263 0.783737 0.148456 0.098735 0.5 0.148456 0.216263 0.216263 0.148456 0.5 0.098735 0.148456 0.783737 0.216263 0.148456 0.901264 0.5 0.148456 0.783737 0.783736 0.148456 0.5 0.999501 0.07499 0.1468 0.8532 0.07499 0.000499 0.5 0.07499 0.1468 0.1468 0.07499 0.5 0.000499 0.07499 0.8532 0.1468 0.07499 0.999501 0.5 0.07499 0.8532 0.8532 0.07499 0.5 0.980046 0.000499 0.160557 0.839444 0.000499 0.019954 0.5 0.000499 0.160556 0.160557 0.000499 0.5 0.019954 0.000499 0.839443 0.160556 0.000499 0.980046 0.5 0.000499 0.839444 0.839443 0.000499 0.003906 0.902344 0.5 0.074218 0.914063 0.000499 0.140625 0.902344 0.5 0.003906 0.972656 0.5 0.074218 0.972656 0.000499 0.140625 0.972656 0.5 0.074218 0.992188 0.5 0.074218 0.914063 0.9995 0.074218 0.972656 0.999501</float_array>
          <technique_common>
            <accessor source="#tray-mesh-map-channel1-array" count="46" stride="3">
              <param name="S" type="float"/>
              <param name="T" type="float"/>
              <param name="P" type="float"/>
            </accessor>
          </technique_common>
        </source>
        <vertices id="tray-mesh-vertices">
          <input semantic="POSITION" source="#tray-mesh-positions"/>
        </vertices>
        <triangles material="tray" count="76">
          <input semantic="VERTEX" source="#tray-mesh-vertices" offset="0"/>
          <input semantic="NORMAL" source="#tray-mesh-normals" offset="1"/>
          <input semantic="TEXCOORD" source="#tray-mesh-map-channel1" offset="2" set="1"/>
          <p>0 0 0 1 1 1 2 2 2 0 0 0 2 2 2 3 3 3 0 0 0 3 3 3 4 4 4 0 0 0 4 4 4 1 1 1 1 1 1 5 5 5 6 6 6 1 1 1 6 6 6 7 7 7 1 1 1 7 7 7 2 2 2 2 2 2 7 7 7 8 8 8 2 2 2 8 8 8 9 9 9 2 2 2 9 9 9 3 3 3 3 3 3 9 9 9 10 10 10 3 3 3 10 10 10 11 11 11 3 3 3 11 11 11 4 4 4 4 4 4 11 11 11 12 12 12 4 4 4 12 12 12 5 5 5 4 4 4 5 5 5 1 1 1 5 5 5 13 13 13 14 14 14 5 5 5 14 14 14 6 6 6 6 6 6 14 14 14 15 15 15 6 6 6 15 15 15 7 7 7 7 7 7 15 15 15 16 16 16 7 7 7 16 16 16 8 8 8 8 8 8 16 16 16 17 17 17 8 8 8 17 17 17 9 9 9 9 9 9 17 17 17 18 18 18 9 9 9 18 18 18 10 10 10 10 10 10 18 18 18 19 19 19 10 10 10 19 19 19 11 11 11 11 11 11 19 19 19 20 20 20 11 11 11 20 20 20 12 12 12 12 12 12 20 20 20 13 13 13 12 12 12 13 13 13 5 5 5 21 21 21 22 22 22 14 14 14 14 14 14 13 13 13 21 21 21 22 22 22 23 23 23 15 15 15 15 15 15 14 14 14 22 22 22 23 23 23 24 24 24 16 16 16 16 16 16 15 15 15 23 23 23 24 24 24 25 25 25 17 17 17 17 17 17 16 16 16 24 24 24 25 25 25 26 26 26 18 18 18 18 18 18 17 17 17 25 25 25 26 26 26 27 27 27 19 19 19 19 19 19 18 18 18 26 26 26 27 27 27 28 28 28 20 20 20 20 20 20 19 19 19 27 27 27 28 28 28 21 21 21 13 13 13 13 13 13 20 20 20 28 28 28 29 29 29 30 30 30 22 22 22 22 22 22 21 21 21 29 29 29 30 30 30 31 31 31 23 23 23 23 23 23 22 22 22 30 30 30 31 31 31 32 32 32 24 24 24 24 24 24 23 23 23 31 31 31 32 32 32 33 33 33 25 25 25 25 25 25 24 24 24 32 32 32 33 33 33 34 34 34 26 26 26 26 26 26 25 25 25 33 33 33 34 34 34 35 35 35 27 27 27 27 27 27 26 26 26 34 34 34 35 35 35 36 36 36 28 28 28 28 28 28 27 27 27 35 35 35 36 36 36 29 29 29 21 21 21 21 21 21 28 28 28 36 36 36 37 37 37 40 38 40 41 39 41 41 39 41 38 40 38 37 37 37 38 40 38 41 39 41 42 41 42 42 41 42 39 42 39 38 40 38 43 43 43 41 39 41 40 38 40 41 39 41 43 43 43 42 41 42 37 44 37 44 45 44 45 46 45 45 46 45 40 47 40 37 44 37 44 45 44 39 48 39 42 49 42 42 49 42 45 46 45 44 45 44 40 47 40 45 46 45 43 50 43 42 49 42 43 50 43 45 46 45</p>
        </triangles>
      </mesh>
    </geometry>
    <geometry id="armleft-mesh" name="armleft">
      <mesh>
        <source id="armleft-mesh-positions">
          <float_array id="armleft-mesh-positions-array" count="87">1248.64 256.437 2185.17 1600.21 251.199 1764.1 1521.95 160.087 2445.56 1878.1 144.241 1971.36 1439.51 -156.138 2569.92 1867.82 -222.877 1972.51 1168.4 -265.688 2312.21 1595.51 -286.246 1770.82 1928.43 248.624 1338.92 1537.15 110.102 1452.77 2079.34 165.414 1664.16 2064.25 -280.589 1665.85 1930.03 -352.628 1335.25 1536.71 -336.241 1455.66 1014.29 258.855 2453.14 1136.64 257.773 2317.47 1281.85 169.719 2733.36 1414.21 166.311 2581.54 1289.83 -153.467 2741.34 1027.2 -264.07 2466.05 814.234 160.875 3190.06 588.036 255.091 2971.56 1416.38 224.308 2831.33 947.23 358.41 2359.05 814.234 -144.014 3190.06 1416.38 -209.659 2831.33 588.036 -238.23 2971.56 947.23 -343.762 2359.05 543.856 7.8674 3222.5</float_array>
          <technique_common>
            <accessor source="#armleft-mesh-positions-array" count="29" stride="3">
              <param name="X" type="float"/>
              <param name="Y" type="float"/>
              <param name="Z" type="float"/>
            </accessor>
          </technique_common>
        </source>
        <source id="armleft-mesh-normals">
          <float_array id="armleft-mesh-normals-array" count="87">-0.476541 0.781088 -0.403498 0.632314 0.61786 0.467363 -0.451423 0.883558 -0.124671 0.671683 0.575381 0.466667 0.621074 -0.571037 0.536827 0.606106 -0.629644 0.485987 -0.462354 -0.812234 -0.355675 -0.547095 -0.83707 0.000852 0.322738 0.647372 -0.690471 -0.800561 0.340438 -0.493157 0.847014 0.520089 0.109884 0.787857 -0.599311 0.1418 0.356286 -0.649247 -0.671967 -0.690163 -0.619076 -0.374726 -0.450925 0.790099 -0.415223 0.596712 0.619824 0.50966 -0.469808 0.776099 -0.420656 0.605735 0.628863 0.487459 0.617121 -0.565278 0.547378 -0.420909 -0.824212 -0.378827 0.164288 0.546331 0.821299 0.842581 0.520592 0.137988 -0.705582 0.70825 0.023133 -0.086559 0.660612 -0.745721 0.171159 -0.563195 0.808404 0.835516 -0.531356 0.139906 -0.687519 -0.725953 0.017607 -0.087826 -0.670326 -0.736851 -0.707737 -0.001198 0.706475</float_array>
          <technique_common>
            <accessor source="#armleft-mesh-normals-array" count="29" stride="3">
              <param name="X" type="float"/>
              <param name="Y" type="float"/>
              <param name="Z" type="float"/>
            </accessor>
          </technique_common>
        </source>
        <source id="armleft-mesh-map-channel1">
          <float_array id="armleft-mesh-map-channel1-array" count="147">0.941406 0.649825 0 0.84375 0.649825 0 0.941406 0.550526 0 0.84375 0.550526 0 0.953125 0.601563 0 0.84375 0.601563 0 0.953125 0.649825 0 0.84375 0.649825 0 0.774314 0.646298 0 0.812244 0.674781 0 0.797751 0.550526 0 0.797751 0.601563 0 0.774314 0.646298 0 0.771981 0.601563 0 0.782756 0.601563 0 0.771981 0.550526 0 0.782756 0.550526 0 0.790662 0.550526 0 0.790662 0.601563 0 0.812244 0.674781 0 0.992188 0.649825 0 0.960938 0.649825 0 0.992188 0.550526 0 0.960938 0.550526 0 0.992188 0.601563 0 0.992188 0.649825 0 0.839844 0.371094 0 0.765625 0.371094 0 0.839844 0.277344 0 0.765625 0.277344 0 0.914063 0.371094 0 0.914063 0.277344 0 0.988281 0.371094 0 0.988281 0.277344 0 0.695313 0.371094 0 0.695313 0.277344 0 0.800781 0.40625 0 0.875 0.40625 0 0.953125 0.40625 0 0.730469 0.402344 0 0.027343 0.46875 0 0.027343 0.40625 0 0.085937 0.46875 0 0.085937 0.40625 0 0.941406 0.601563 0 0.84375 0.601563 0 0.797751 0.601563 0 0.992188 0.601563 0 0.960938 0.601563 0</float_array>
          <technique_common>
            <accessor source="#armleft-mesh-map-channel1-array" count="49" stride="3">
              <param name="S" type="float"/>
              <param name="T" type="float"/>
              <param name="P" type="float"/>
            </accessor>
          </technique_common>
        </source>
        <vertices id="armleft-mesh-vertices">
          <input semantic="POSITION" source="#armleft-mesh-positions"/>
        </vertices>
        <triangles material="texture" count="48">
          <input semantic="VERTEX" source="#armleft-mesh-vertices" offset="0"/>
          <input semantic="NORMAL" source="#armleft-mesh-normals" offset="1"/>
          <input semantic="TEXCOORD" source="#armleft-mesh-map-channel1" offset="2" set="1"/>
          <p>0 0 0 2 1 44 1 2 1 1 2 1 2 1 44 3 3 45 2 1 2 4 4 4 3 3 3 3 3 3 4 4 4 5 5 5 4 4 4 6 6 6 5 5 5 5 5 5 6 6 6 7 7 7 7 7 5 0 0 2 1 2 3 8 8 8 9 9 9 1 2 1 1 2 1 3 3 45 8 8 8 8 8 8 3 3 45 10 10 46 3 3 3 5 5 5 10 10 10 10 10 10 5 5 5 11 11 11 11 11 11 5 5 5 12 12 12 12 12 12 5 5 5 7 7 7 7 7 13 1 2 15 13 13 14 13 13 14 1 2 15 9 9 16 10 10 10 11 11 11 8 8 17 8 8 17 11 11 11 12 12 18 12 12 12 7 7 7 13 13 19 13 13 14 9 9 16 12 12 18 12 12 18 9 9 16 8 8 17 14 14 20 16 15 47 15 16 21 15 16 21 16 15 47 17 17 48 16 15 22 18 18 24 17 17 23 18 18 24 19 19 25 4 4 4 4 4 4 19 19 25 6 6 6 15 16 23 6 6 4 14 14 22 14 14 22 6 6 4 19 19 24 20 20 26 22 21 28 21 22 27 21 22 27 22 21 28 23 23 29 24 24 30 25 25 31 20 20 26 20 20 26 25 25 31 22 21 28 26 26 32 27 27 33 24 24 30 24 24 30 27 27 33 25 25 31 21 22 27 23 23 29 26 26 34 26 26 34 23 23 29 27 27 35 20 20 26 21 22 27 28 28 36 24 24 30 20 20 26 28 28 37 26 26 32 24 24 30 28 28 38 21 22 27 26 26 34 28 28 39 23 23 40 22 21 42 27 27 41 27 27 41 22 21 42 25 25 43 6 6 4 15 16 23 0 0 2 4 4 4 2 1 2 17 17 23 0 0 0 15 16 21 17 17 48 17 17 48 2 1 44 0 0 0 0 0 2 7 7 5 6 6 4 17 17 23 18 18 24 4 4 4</p>
        </triangles>
      </mesh>
    </geometry>
    <geometry id="armright-mesh" name="armright">
      <mesh>
        <source id="armright-mesh-positions">
          <float_array id="armright-mesh-positions-array" count="87">-1232.41 247.812 2185.17 -1505.72 151.462 2445.56 -1583.99 242.574 1764.1 -1861.87 135.616 1971.36 -1423.28 -164.763 2569.92 -1851.6 -231.503 1972.51 -1152.17 -274.313 2312.21 -1579.28 -294.871 1770.82 -1912.2 239.999 1338.92 -1520.92 101.476 1452.77 -2063.11 156.788 1664.16 -2048.02 -289.214 1665.85 -1913.8 -361.253 1335.25 -1520.48 -344.866 1455.66 -998.062 250.23 2453.14 -1265.62 161.093 2733.36 -1120.41 249.148 2317.47 -1397.98 157.685 2581.54 -1273.6 -162.092 2741.34 -1010.97 -272.695 2466.05 -798.006 160.875 3190.06 -1400.16 224.308 2831.33 -571.808 255.091 2971.56 -931.001 358.41 2359.05 -798.006 -144.014 3190.06 -1400.16 -209.659 2831.33 -571.808 -238.23 2971.56 -931.002 -343.762 2359.05 -527.628 7.8674 3222.5</float_array>
          <technique_common>
            <accessor source="#armright-mesh-positions-array" count="29" stride="3">
              <param name="X" type="float"/>
              <param name="Y" type="float"/>
              <param name="Z" type="float"/>
            </accessor>
          </technique_common>
        </source>
        <source id="armright-mesh-normals">
          <float_array id="armright-mesh-normals-array" count="87">0.476541 0.781088 -0.403498 0.451423 0.883558 -0.124671 -0.632314 0.61786 0.467363 -0.671683 0.575381 0.466667 -0.621074 -0.571037 0.536827 -0.606106 -0.629644 0.485987 0.462355 -0.812234 -0.355675 0.547095 -0.83707 0.000852 -0.322738 0.647372 -0.690471 0.800561 0.340438 -0.493158 -0.847014 0.520089 0.109885 -0.787858 -0.599311 0.141799 -0.356286 -0.649247 -0.671966 0.690163 -0.619076 -0.374726 0.450924 0.7901 -0.415222 0.469808 0.776099 -0.420655 -0.596712 0.619824 0.50966 -0.605735 0.628863 0.487459 -0.617121 -0.565278 0.547378 0.420909 -0.824212 -0.378826 -0.164288 0.546331 0.821299 0.705582 0.70825 0.023133 -0.842581 0.520592 0.137988 0.086559 0.660612 -0.745721 -0.171159 -0.563195 0.808404 -0.835516 -0.531356 0.139906 0.687519 -0.725953 0.017607 0.087826 -0.670326 -0.736851 0.707737 -0.001198 0.706475</float_array>
          <technique_common>
            <accessor source="#armright-mesh-normals-array" count="29" stride="3">
              <param name="X" type="float"/>
              <param name="Y" type="float"/>
              <param name="Z" type="float"/>
            </accessor>
          </technique_common>
        </source>
        <source id="armright-mesh-map-channel1">
          <float_array id="armright-mesh-map-channel1-array" count="147">0.84375 0.378906 0 0.84375 0.28125 0 0.769531 0.378906 0 0.769531 0.28125 0 0.917969 0.378906 0 0.917969 0.28125 0 0.992188 0.378906 0 0.992188 0.28125 0 0.695313 0.378906 0 0.695313 0.28125 0 0.804688 0.410156 0 0.878906 0.414063 0 0.953125 0.414063 0 0.734375 0.410156 0 0.015625 0.472656 0 0.089843 0.472656 0 0.015625 0.394531 0 0.089843 0.394531 0 0.9375 0.560087 0 0.839844 0.605469 0 0.839844 0.560087 0 0.7633 0.605469 0 0.7633 0.560087 0 0.953125 0.605469 0 0.992188 0.605469 0 0.992188 0.560087 0 0.960938 0.560087 0 0.787161 0.560087 0 0.787161 0.605469 0 0.773578 0.560087 0 0.773578 0.605469 0 0.753273 0.605469 0 0.753273 0.560087 0 0.9375 0.652947 0 0.839844 0.652947 0 0.777627 0.648481 0 0.810599 0.668551 0 0.992188 0.652947 0 0.960938 0.652947 0 0.953125 0.652947 0 0.839844 0.652947 0 0.777627 0.648481 0 0.810599 0.668551 0 0.992188 0.652947 0 0.9375 0.605469 0 0.839844 0.605469 0 0.992188 0.605469 0 0.960938 0.605469 0 0.787161 0.605469 0</float_array>
          <technique_common>
            <accessor source="#armright-mesh-map-channel1-array" count="49" stride="3">
              <param name="S" type="float"/>
              <param name="T" type="float"/>
              <param name="P" type="float"/>
            </accessor>
          </technique_common>
        </source>
        <vertices id="armright-mesh-vertices">
          <input semantic="POSITION" source="#armright-mesh-positions"/>
        </vertices>
        <triangles material="texture" count="48">
          <input semantic="VERTEX" source="#armright-mesh-vertices" offset="0"/>
          <input semantic="NORMAL" source="#armright-mesh-normals" offset="1"/>
          <input semantic="TEXCOORD" source="#armright-mesh-map-channel1" offset="2" set="1"/>
          <p>0 0 33 2 1 34 1 2 44 2 1 34 3 3 45 1 2 44 1 2 18 3 3 20 4 4 23 3 3 20 5 5 19 4 4 23 4 4 23 5 5 19 6 6 39 5 5 19 7 7 40 6 6 39 7 7 19 2 1 20 0 0 18 8 8 35 2 1 34 9 9 36 2 1 34 8 8 35 3 3 45 8 8 35 10 10 48 3 3 45 3 3 20 10 10 27 5 5 19 10 10 27 11 11 28 5 5 19 11 11 28 12 12 41 5 5 19 12 12 41 7 7 40 5 5 19 7 7 31 13 13 21 2 1 32 13 13 21 9 9 22 2 1 32 10 10 27 8 8 29 11 11 28 8 8 29 12 12 30 11 11 28 12 12 41 13 13 42 7 7 40 13 13 21 12 12 30 9 9 22 12 12 30 8 8 29 9 9 22 14 14 37 16 15 38 15 16 46 16 15 38 17 17 47 15 16 46 15 16 25 17 17 26 18 18 24 18 18 24 4 4 23 19 19 43 4 4 23 6 6 39 19 19 43 16 15 26 14 14 25 6 6 23 14 14 25 19 19 24 6 6 23 20 20 0 22 21 2 21 22 1 22 21 2 23 23 3 21 22 1 24 24 4 20 20 0 25 25 5 20 20 0 21 22 1 25 25 5 26 26 6 24 24 4 27 27 7 24 24 4 25 25 5 27 27 7 22 21 2 26 26 8 23 23 3 26 26 8 27 27 9 23 23 3 20 20 0 28 28 10 22 21 2 24 24 4 28 28 11 20 20 0 26 26 6 28 28 12 24 24 4 22 21 2 28 28 13 26 26 8 23 23 14 27 27 16 21 22 15 27 27 16 25 25 17 21 22 15 6 6 23 0 0 18 16 15 26 4 4 23 17 17 26 1 2 18 0 0 33 17 17 47 16 15 38 17 17 47 0 0 33 1 2 44 0 0 18 6 6 23 7 7 19 17 17 26 4 4 23 18 18 24</p>
        </triangles>
      </mesh>
    </geometry>
    <geometry id="hair01-mesh" name="hair01">
      <mesh>
        <source id="hair01-mesh-positions">
          <float_array id="hair01-mesh-positions-array" count="93">5.66566 -281.218 6791.8 -933.207 -46.4696 6551.26 5.27072 -1395.84 6482.63 5.66566 700.033 6551.26 -685.589 1325.33 5938.41 -1559.48 309.844 5938.41 -1145.46 -1267.26 5531.79 -797.869 1462.37 4720.8 -1756.25 374.88 5020.52 -1125.98 -971.481 5204.37 7.1997 -1533.67 5380.01 1.13794 -1907.52 5487.08 -1279.72 292.119 4103.29 -1165.29 -459.522 4274.91 -478.614 911.888 3847.78 692.99 1325.32 5938.41 805.269 1462.37 4720.8 486.014 911.888 3847.78 940.606 -46.4705 6551.26 1566.88 309.843 5938.41 1152.86 -1267.26 5542.83 1763.65 374.879 5020.52 1140.38 -971.482 5204.37 1294.12 292.118 4103.29 1179.69 -459.523 4274.91 7.2004 -1533.67 5380.01 1140.38 -971.481 5204.37 368.339 -1943.97 4912.16 1140.4 -1381.78 4470.8 -1135.74 -1378.38 4473.89 -382.821 -1946.59 4915.22</float_array>
          <technique_common>
            <accessor source="#hair01-mesh-positions-array" count="31" stride="3">
              <param name="X" type="float"/>
              <param name="Y" type="float"/>
              <param name="Z" type="float"/>
            </accessor>
          </technique_common>
        </source>
        <source id="hair01-mesh-normals">
          <float_array id="hair01-mesh-normals-array" count="99">-0.529826 -0.012892 0.848008 -0.000553 -0.647564 0.762011 0.000564 -0.05063 0.998717 -0.36185 0.805359 0.469533 0.000673 0.455794 0.890085 -0.859345 0.169406 0.482523 -0.78455 -0.554165 0.278177 -0.413119 0.881939 -0.226973 -0.978988 0.172429 -0.108864 -0.899959 -0.039993 -0.434136 0.960506 0.202567 0.190776 0.191384 -0.79841 -0.570889 -0.458188 0.028828 -0.888388 -0.829722 0.237299 -0.505224 -0.884175 -0.357599 -0.300594 -0.281975 0.76167 -0.583394 -0.000335 -0.996276 0.08622 0.361898 0.805441 0.469355 0.412556 0.882352 -0.226391 0.280226 0.762435 -0.583237 0.52944 -0.011492 0.84827 0.859236 0.170453 0.482348 0.779983 -0.55886 0.281607 0.97904 0.173803 -0.106178 0.909355 -0.050157 -0.412986 0.831365 0.239303 -0.501565 0.886443 -0.354942 -0.297043 -0.213377 -0.783091 -0.584156 -0.132059 0.528235 0.838766 -0.132059 0.528235 0.838766 -0.132059 0.528235 0.838766 0.963099 0.154521 -0.220372 0.45443 0.022023 -0.89051</float_array>
          <technique_common>
            <accessor source="#hair01-mesh-normals-array" count="33" stride="3">
              <param name="X" type="float"/>
              <param name="Y" type="float"/>
              <param name="Z" type="float"/>
            </accessor>
          </technique_common>
        </source>
        <source id="hair01-mesh-map-channel1">
          <float_array id="hair01-mesh-map-channel1-array" count="123">0.4854 0.6536 0.2142 0.3306 0.65 0.1254 0.5063 0.6667 0.0893 0.1035 0.6075 0.1318 -0.0192 0.65 0.0296 0.2652 0.6075 0.1862 0.4083 0.5792 0.2485 0.2576 0.5437 0.2094 0.1043 0.5229 0.1532 0.3956 0.5565 0.2179 0.4852 0.6075 0.2761 0.5026 0.5687 0.2406 0.2708 0.48 0.1529 0.3578 0.4919 0.1768 0.1247 0.4623 0.0776 -0.1101 0.6075 0.1362 -0.1099 0.5229 0.1576 -0.1344 0.4623 0.0827 0.6735 0.65 0.1317 0.9808 0.65 0.0296 0.8899 0.6075 0.1362 0.7353 0.6075 0.1933 0.5954 0.6075 0.2524 0.8901 0.5229 0.1576 0.7427 0.5437 0.2165 0.6089 0.5565 0.2229 0.8656 0.4623 0.0827 0.7302 0.48 0.1607 0.6465 0.4919 0.183 0.5811 0.585 0.2116 0.4102 0.9961 0.7593 0.4297 0.9141 0.7698 0.25 0.9414 0.9995 0.5026 0.5687 0.2406 0.4852 0.6075 0.2761 0.5954 0.6075 0.2524 0.5811 0.585 0.2116 0.4083 0.5792 0.2485 0.3956 0.5565 0.2179 0.4852 0.6075 0.2761 0.5026 0.5687 0.2406</float_array>
          <technique_common>
            <accessor source="#hair01-mesh-map-channel1-array" count="41" stride="3">
              <param name="S" type="float"/>
              <param name="T" type="float"/>
              <param name="P" type="float"/>
            </accessor>
          </technique_common>
        </source>
        <vertices id="hair01-mesh-vertices">
          <input semantic="POSITION" source="#hair01-mesh-positions"/>
        </vertices>
        <triangles material="hair" count="50">
          <input semantic="VERTEX" source="#hair01-mesh-vertices" offset="0"/>
          <input semantic="NORMAL" source="#hair01-mesh-normals" offset="1"/>
          <input semantic="TEXCOORD" source="#hair01-mesh-map-channel1" offset="2" set="1"/>
          <p>1 0 1 2 1 0 0 2 2 4 3 3 1 0 1 3 4 4 5 5 5 1 0 1 4 3 3 5 5 5 6 6 6 1 0 1 7 7 8 8 8 7 4 3 3 8 8 7 5 5 5 4 3 3 8 8 7 6 6 6 5 5 5 9 9 9 6 6 6 8 8 7 25 10 40 30 11 39 29 12 37 12 13 12 8 8 7 7 7 8 13 14 13 9 9 9 8 8 7 3 4 4 1 0 1 0 2 2 6 6 6 2 1 0 1 0 1 7 7 8 14 15 14 12 13 12 8 8 7 12 13 12 13 14 13 11 16 10 2 1 0 6 6 6 15 17 15 4 3 3 3 4 4 16 18 16 7 7 8 15 17 15 15 17 15 7 7 8 4 3 3 17 19 17 14 15 14 16 18 16 16 18 16 14 15 14 7 7 8 18 20 18 0 2 2 2 1 0 15 17 20 3 4 19 18 20 18 19 21 21 15 17 20 18 20 18 19 21 21 18 20 18 20 22 22 16 18 23 15 17 20 21 23 24 21 23 24 15 17 20 19 21 21 21 23 24 19 21 21 20 22 22 22 24 25 21 23 24 20 22 22 17 19 26 16 18 23 23 25 27 24 26 28 21 23 24 22 24 25 3 4 19 0 2 2 18 20 18 20 22 22 18 20 18 2 1 0 21 23 24 23 25 27 16 18 23 21 23 24 24 26 28 23 25 27 11 16 10 27 27 34 20 22 22 26 28 31 22 29 30 25 30 32 11 16 10 10 31 11 27 27 33 22 24 29 20 22 22 28 32 35 20 22 22 2 1 0 11 16 10 27 27 34 28 32 35 20 22 22 10 31 11 22 24 29 28 32 36 28 32 36 27 27 33 10 31 11 6 6 6 9 9 9 29 12 38 10 31 11 11 16 10 30 11 39 30 11 39 25 10 40 10 31 11 30 11 39 6 6 6 29 12 37 6 6 6 30 11 39 11 16 10 9 9 9 10 31 11 25 10 40 25 10 40 29 12 38 9 9 9</p>
        </triangles>
      </mesh>
    </geometry>
    <geometry id="hat09-mesh" name="hat09">
      <mesh>
        <source id="hat09-mesh-positions">
          <float_array id="hat09-mesh-positions-array" count="120">0.000003 0 0 1416.02 0 0 708.012 1226.31 0 -708.013 1226.31 0 -1416.02 -0.000123 0 -708.012 -1226.31 0 708.012 -1226.31 0 1125.78 0 1420.94 562.887 974.95 1420.94 -562.888 974.95 1420.94 -1125.78 -0.000098 1420.94 -562.887 -974.95 1420.94 562.887 -974.95 1420.94 0 -0.000034 2305.39 -446.973 2030.36 1100.34 -17.9197 2408.94 702.131 -124.504 1227.86 101.592 -613.151 1122.95 791.912 98.5683 1650.93 1327.44 89.7503 1017.8 1273.5 578.397 1122.71 583.184 527.622 2029.5 929.229 -201.396 2036.64 1956.18 146.805 2343.87 1633.01 589.543 2035.94 1817.31 241.342 1728.71 2140.48 315.728 2900.03 2576.68 -500.275 -2009.65 1105.01 -71.2211 -2388.22 706.794 -177.806 -1207.15 106.255 -666.452 -1102.24 796.576 45.2668 -1630.22 1332.11 36.4487 -997.088 1278.17 525.095 -1102 587.848 474.32 -2008.79 933.893 -254.697 -2015.93 1960.84 93.5041 -2323.16 1637.67 536.242 -2015.23 1821.97 188.04 -1708 2145.14 262.427 -2879.32 2581.34</float_array>
          <technique_common>
            <accessor source="#hat09-mesh-positions-array" count="40" stride="3">
              <param name="X" type="float"/>
              <param name="Y" type="float"/>
              <param name="Z" type="float"/>
            </accessor>
          </technique_common>
        </source>
        <source id="hat09-mesh-normals">
          <float_array id="hat09-mesh-normals-array" count="138">0 0 -1 0 0 -1 0 0 -1 0 0 -1 0 0 -1 0 0 -1 0 0 -1 0.979769 0 0.200134 0.438279 0.759122 0.481296 0.876558 0 0.481296 0.489884 0.848505 0.200134 -0.438279 0.759122 0.481296 -0.489884 0.848504 0.200134 -0.876558 0 0.481296 -0.979769 0 0.200134 -0.438279 -0.759122 0.481296 -0.489884 -0.848504 0.200134 0.438279 -0.759122 0.481296 0.489884 -0.848504 0.200134 0 0 1 -0.943945 0.304494 0.127485 -0.092248 0.854389 -0.51138 -0.157421 0.450249 -0.878917 -0.982554 0.1373 0.125442 0.165762 -0.701785 0.692835 0.203524 -0.132416 0.970074 0.966945 0.164467 -0.194856 0.934453 0.291495 -0.204522 -0.923303 -0.083401 0.374907 -0.029591 0.988077 -0.151093 0.996253 -0.079123 0.034932 0.108756 -0.790001 0.603382 0.111491 0.767163 0.631689 -0.943944 -0.304494 0.127485 -0.157421 -0.450249 -0.878917 -0.092248 -0.854389 -0.51138 -0.982554 -0.1373 0.125442 0.165762 0.701786 0.692835 0.966945 -0.164467 -0.194856 0.203523 0.132416 0.970074 0.934453 -0.291495 -0.204522 -0.923303 0.083401 0.374907 -0.029591 -0.988077 -0.151093 0.996253 0.079124 0.034932 0.108755 0.790001 0.603382 0.111491 -0.767163 0.631688</float_array>
          <technique_common>
            <accessor source="#hat09-mesh-normals-array" count="46" stride="3">
              <param name="X" type="float"/>
              <param name="Y" type="float"/>
              <param name="Z" type="float"/>
            </accessor>
          </technique_common>
        </source>
        <source id="hat09-mesh-map-channel1">
          <float_array id="hat09-mesh-map-channel1-array" count="192">0.917969 0.714844 0 0.898438 0.746094 0 0.878906 0.714844 0 0.933594 0.746094 0 0.953125 0.714844 0 0.933594 0.683594 0 0.898438 0.683594 0 0.65625 0.601563 0.779662 0.65625 0.554688 1.00487 0.714844 0.554688 0.463662 0.714844 0.601563 0.833544 0.65625 0.648438 0.302881 0.714844 0.648438 0.844388 0.714844 0.695313 0.811021 0.65625 0.695313 0.706412 0.714844 0.742188 0.463662 0.65625 0.742188 1.00487 0.582031 0.601563 0.755448 0.582031 0.554688 0.090805 0.582031 0.695313 0.662654 0.582031 0.648438 0.999007 0.582031 0.742188 0.090805 0.515625 0.574219 0.325853 0.515625 0.628906 0.325853 0.515625 0.675781 0.325853 0.515625 0.722656 0.325853 0.65625 0.601563 0.779662 0.65625 0.554688 1.00487 0.714844 0.554688 0.463662 0.714844 0.601563 0.833544 0.65625 0.648438 0.302881 0.714844 0.648438 0.844388 0.714844 0.695313 0.811021 0.65625 0.695313 0.706412 0.714844 0.742188 0.463662 0.65625 0.742188 1.00487 0.582031 0.601563 0.755448 0.582031 0.554688 0.090805 0.582031 0.695313 0.662654 0.582031 0.648438 0.999007 0.582031 0.742188 0.090805 0.515625 0.574219 0.325853 0.515625 0.628906 0.325853 0.515625 0.675781 0.325853 0.515625 0.722656 0.325853 0.742188 0.761719 0.999001 0.832031 0.898438 0.794231 0.742188 0.898438 0.794231 0.832031 0.761719 0.999001 0.910156 0.898438 0.794231 0.910156 0.761719 0.999001 0.507813 0.898438 0.794231 0.507813 0.761719 0.999001 0.582031 0.898438 0.794231 0.582031 0.761719 0.999001 0.660156 0.898438 0.794231 0.660156 0.761719 0.999001 0.742188 0.984375 0 0.984375 0.898438 0.794231 0.984375 0.761719 0.999001 0.910156 0.984375 0 0.660156 0.984375 0 0.582031 0.984375 0 0.832031 0.984375 0</float_array>
          <technique_common>
            <accessor source="#hat09-mesh-map-channel1-array" count="64" stride="3">
              <param name="S" type="float"/>
              <param name="T" type="float"/>
              <param name="P" type="float"/>
            </accessor>
          </technique_common>
        </source>
        <vertices id="hat09-mesh-vertices">
          <input semantic="POSITION" source="#hat09-mesh-positions"/>
        </vertices>
        <triangles material="texture" count="64">
          <input semantic="VERTEX" source="#hat09-mesh-vertices" offset="0"/>
          <input semantic="NORMAL" source="#hat09-mesh-normals" offset="1"/>
          <input semantic="TEXCOORD" source="#hat09-mesh-map-channel1" offset="2" set="1"/>
          <p>0 0 0 2 1 1 1 2 2 0 0 0 3 3 3 2 1 1 0 0 0 4 4 4 3 3 3 0 0 0 5 5 5 4 4 4 0 0 0 6 6 6 5 5 5 0 0 0 1 2 2 6 6 6 1 7 45 8 8 46 7 9 47 1 7 45 2 10 48 8 8 46 2 10 48 9 11 49 8 8 46 2 10 48 3 12 50 9 11 49 3 12 50 10 13 58 9 11 49 3 12 50 4 14 59 10 13 58 4 14 52 11 15 53 10 13 51 4 14 52 5 16 54 11 15 53 5 16 54 12 17 55 11 15 53 5 16 54 6 18 56 12 17 55 6 18 56 7 9 47 12 17 55 6 18 56 1 7 45 7 9 47 7 9 47 8 8 46 13 19 57 8 8 46 9 11 49 13 19 63 9 11 49 10 13 58 13 19 60 10 13 51 11 15 53 13 19 62 11 15 53 12 17 55 13 19 61 12 17 55 7 9 47 13 19 57 14 20 7 15 21 8 16 22 9 16 22 9 17 23 10 14 20 7 18 24 11 19 25 12 20 26 13 20 26 13 21 27 14 18 24 11 14 20 7 17 23 10 19 25 12 19 25 12 18 24 11 14 20 7 16 22 15 15 21 16 21 27 14 21 27 14 20 26 13 16 22 15 15 21 8 14 20 7 22 28 17 22 28 17 23 29 18 15 21 8 18 24 11 21 27 14 24 30 19 24 30 19 25 31 20 18 24 11 14 20 7 18 24 11 25 31 20 25 31 20 22 28 17 14 20 7 21 27 14 15 21 16 23 29 21 23 29 21 24 30 19 21 27 14 23 29 18 22 28 17 26 32 22 22 28 17 25 31 20 26 32 23 25 31 20 24 30 19 26 32 24 24 30 19 23 29 21 26 32 25 27 33 26 29 34 28 28 35 27 29 34 28 27 33 26 30 36 29 31 37 30 33 38 32 32 39 31 33 38 32 31 37 30 34 40 33 27 33 26 32 39 31 30 36 29 32 39 31 27 33 26 31 37 30 29 34 34 34 40 33 28 35 35 34 40 33 29 34 34 33 38 32 28 35 27 35 41 36 27 33 26 35 41 36 28 35 27 36 42 37 31 37 30 37 43 38 34 40 33 37 43 38 31 37 30 38 44 39 27 33 26 38 44 39 31 37 30 38 44 39 27 33 26 35 41 36 34 40 33 36 42 40 28 35 35 36 42 40 34 40 33 37 43 38 36 42 37 39 45 41 35 41 36 35 41 36 39 45 42 38 44 39 38 44 39 39 45 43 37 43 38 37 43 38 39 45 44 36 42 40</p>
        </triangles>
      </mesh>
    </geometry>
    <geometry id="hat03-mesh" name="hat03">
      <mesh>
        <source id="hat03-mesh-positions">
          <float_array id="hat03-mesh-positions-array" count="78">-0.000145 -0.000035 65.1497 1039.65 0 0 900.363 519.825 0 519.825 900.363 0 -0.000045 1039.65 0 -519.825 900.363 0 -900.363 519.825 0 -1039.65 0.000156 0 -900.364 -519.825 0 -519.825 -900.363 0 -0.000483 -1039.65 0 519.825 -900.364 0 900.363 -519.826 0 714.671 0.000005 680.918 618.923 357.336 680.918 357.336 618.924 680.918 -0.000031 714.671 680.918 -357.336 618.923 680.918 -618.923 357.336 680.918 -714.671 0.000113 680.918 -618.924 -357.335 680.918 -357.336 -618.923 680.918 -0.000332 -714.671 680.918 357.335 -618.924 680.918 618.923 -357.336 680.918 -0.000122 -0.000014 2062.66</float_array>
          <technique_common>
            <accessor source="#hat03-mesh-positions-array" count="26" stride="3">
              <param name="X" type="float"/>
              <param name="Y" type="float"/>
              <param name="Z" type="float"/>
            </accessor>
          </technique_common>
        </source>
        <source id="hat03-mesh-normals">
          <float_array id="hat03-mesh-normals-array" count="183">0.902484 0 0.430724 0.77595 0.447995 0.444074 0.89599 0 0.444074 0.781574 0.451242 0.430724 0.447995 0.77595 0.444074 0.451242 0.781574 0.430724 0 0.89599 0.444074 0 0.902484 0.430724 -0.447995 0.77595 0.444074 -0.451242 0.781574 0.430724 -0.77595 0.447995 0.444074 -0.781574 0.451242 0.430724 -0.89599 0.000000 0.444074 -0.902484 0.000000 0.430724 -0.77595 -0.447995 0.444074 -0.781574 -0.451242 0.430724 -0.447995 -0.77595 0.444074 -0.451242 -0.781573 0.430724 -0.000000 -0.89599 0.444074 -0.000000 -0.902484 0.430724 0.447995 -0.775951 0.444074 0.451241 -0.781574 0.430724 0.77595 -0.447995 0.444074 0.781573 -0.451242 0.430724 -0.000000 0 1 -0.062533 -0.016755 -0.997902 -0.062533 -0.016755 -0.997902 -0.062533 -0.016755 -0.997902 -0.045777 -0.045777 -0.997902 -0.045777 -0.045777 -0.997902 -0.045777 -0.045777 -0.997902 -0.016755 -0.062533 -0.997902 -0.016755 -0.062533 -0.997902 -0.016755 -0.062533 -0.997902 0.016755 -0.062533 -0.997902 0.016755 -0.062533 -0.997902 0.016755 -0.062533 -0.997902 0.045777 -0.045777 -0.997902 0.045777 -0.045777 -0.997902 0.045777 -0.045777 -0.997902 0.062533 -0.016755 -0.997902 0.062533 -0.016755 -0.997902 0.062533 -0.016755 -0.997902 0.062533 0.016755 -0.997902 0.062533 0.016755 -0.997902 0.062533 0.016755 -0.997902 0.045777 0.045777 -0.997902 0.045777 0.045777 -0.997902 0.045777 0.045777 -0.997902 0.016755 0.062533 -0.997902 0.016755 0.062533 -0.997902 0.016755 0.062533 -0.997902 -0.016755 0.062533 -0.997902 -0.016755 0.062533 -0.997902 -0.016755 0.062533 -0.997902 -0.045777 0.045777 -0.997902 -0.045777 0.045777 -0.997902 -0.045777 0.045777 -0.997902 -0.062533 0.016755 -0.997902 -0.062533 0.016755 -0.997902 -0.062533 0.016755 -0.997902</float_array>
          <technique_common>
            <accessor source="#hat03-mesh-normals-array" count="61" stride="3">
              <param name="X" type="float"/>
              <param name="Y" type="float"/>
              <param name="Z" type="float"/>
            </accessor>
          </technique_common>
        </source>
        <source id="hat03-mesh-map-channel1">
          <float_array id="hat03-mesh-map-channel1-array" count="126">0.861299 0.729677 0.999001 0.895932 0.818115 0.686728 0.861299 0.818115 0.686728 0.895932 0.729677 0.999001 0.930564 0.818115 0.686728 0.930564 0.729677 0.999001 0.965197 0.818115 0.686728 0.965197 0.729677 0.999001 0.584236 0.818115 0.686728 0.584236 0.729677 0.999001 0.618869 0.818115 0.686728 0.618869 0.729677 0.999001 0.653502 0.818115 0.686728 0.653502 0.729677 0.999001 0.688134 0.818115 0.686728 0.688134 0.729677 0.999001 0.722767 0.818115 0.686728 0.722767 0.729677 0.999001 0.7574 0.818115 0.686728 0.7574 0.729677 0.999001 0.792033 0.818115 0.686728 0.792033 0.729677 0.999001 0.826666 0.818115 0.686728 0.826666 0.729677 0.999001 0.7574 0.997579 0 0.549603 0.729677 0.999001 0.549603 0.818115 0.686728 0.549603 0.729677 0.999001 0.549603 0.818115 0.686728 0.646948 0.620904 0 0.64678 0.644378 0 0.603061 0.632328 0 0.635356 0.600491 0 0.615111 0.588608 0 0.591637 0.58844 0 0.571224 0.600032 0 0.559342 0.620277 0 0.559174 0.643751 0 0.570765 0.664164 0 0.591011 0.676047 0 0.614485 0.676215 0 0.634898 0.664623 0</float_array>
          <technique_common>
            <accessor source="#hat03-mesh-map-channel1-array" count="42" stride="3">
              <param name="S" type="float"/>
              <param name="T" type="float"/>
              <param name="P" type="float"/>
            </accessor>
          </technique_common>
        </source>
        <vertices id="hat03-mesh-vertices">
          <input semantic="POSITION" source="#hat03-mesh-positions"/>
        </vertices>
        <triangles material="texture" count="48">
          <input semantic="VERTEX" source="#hat03-mesh-vertices" offset="0"/>
          <input semantic="NORMAL" source="#hat03-mesh-normals" offset="1"/>
          <input semantic="TEXCOORD" source="#hat03-mesh-map-channel1" offset="2" set="1"/>
          <p>1 0 0 14 1 1 13 2 2 1 0 0 2 3 3 14 1 1 2 3 3 15 4 4 14 1 1 2 3 3 3 5 5 15 4 4 3 5 5 16 6 6 15 4 4 3 5 5 4 7 7 16 6 6 4 7 25 17 8 8 16 6 26 4 7 27 5 9 9 17 8 8 5 9 9 18 10 10 17 8 8 5 9 9 6 11 11 18 10 10 6 11 11 19 12 12 18 10 10 6 11 11 7 13 13 19 12 12 7 13 13 20 14 14 19 12 12 7 13 13 8 15 15 20 14 14 8 15 15 21 16 16 20 14 14 8 15 15 9 17 17 21 16 16 9 17 17 22 18 18 21 16 16 9 17 17 10 19 19 22 18 18 10 19 19 23 20 20 22 18 18 10 19 19 11 21 21 23 20 20 11 21 21 24 22 22 23 20 20 11 21 21 12 23 23 24 22 22 12 23 23 13 2 2 24 22 22 12 23 23 1 0 0 13 2 2 13 2 2 14 1 1 25 24 24 14 1 1 15 4 4 25 24 24 15 4 4 16 6 6 25 24 24 16 6 28 17 8 8 25 24 24 17 8 8 18 10 10 25 24 24 18 10 10 19 12 12 25 24 24 19 12 12 20 14 14 25 24 24 20 14 14 21 16 16 25 24 24 21 16 16 22 18 18 25 24 24 22 18 18 23 20 20 25 24 24 23 20 20 24 22 22 25 24 24 24 22 22 13 2 2 25 24 24 2 25 29 1 26 30 0 27 31 3 28 32 2 29 29 0 30 31 4 31 33 3 32 32 0 33 31 5 34 34 4 35 33 0 36 31 6 37 35 5 38 34 0 39 31 7 40 36 6 41 35 0 42 31 8 43 37 7 44 36 0 45 31 9 46 38 8 47 37 0 48 31 10 49 39 9 50 38 0 51 31 11 52 40 10 53 39 0 54 31 12 55 41 11 56 40 0 57 31 1 58 30 12 59 41 0 60 31</p>
        </triangles>
      </mesh>
    </geometry>
    <geometry id="hat01-mesh" name="hat01">
      <mesh>
        <source id="hat01-mesh-positions">
          <float_array id="hat01-mesh-positions-array" count="150">61.081 0.881663 1027.86 1265.23 0.881657 -20.8481 61.081 1205.03 -20.8481 61.081 -1203.26 -20.8481 143.421 0.881637 -1069.55 912.541 0.881664 720.699 61.081 852.342 720.699 -788.311 0.881678 601.968 61.081 -850.578 720.699 912.541 0.881657 -762.395 61.081 852.342 -762.395 -788.311 693.535 -643.664 61.081 -850.578 -762.395 912.541 852.342 -20.8481 -788.311 852.342 -20.8481 -788.311 -850.578 -20.8481 912.541 -850.578 -20.8481 -1637.7 0.881661 1027.86 -1637.7 1205.03 -20.8481 -2841.85 0.881657 -20.8481 -1637.7 -1203.26 -20.8481 -1720.04 0.881642 -1069.55 -1637.7 852.342 720.699 -2489.16 0.881668 720.699 -1637.7 -850.578 720.699 -1637.7 852.342 -762.395 -2489.16 0.881653 -762.395 -1637.7 -850.578 -762.395 -2489.16 852.342 -20.8481 -2489.16 -850.578 -20.8481 -788.311 -697.846 -643.664 143.421 0.881629 -1069.55 -65.8027 -655.819 -1069.55 -804.877 -783.297 -1087.08 -1510.82 -655.819 -1069.55 -1720.04 0.881642 -1069.55 -1455.2 483.501 -1069.55 -804.877 660.665 -1087.08 -121.418 483.501 -1069.55 369.119 -38.6 -1806 145.121 -722.201 -1802.2 -441.312 -1143.59 -1758.69 -1166.18 -1143.59 -1758.69 -1752.62 -722.201 -1802.2 -1976.61 -38.5999 -1806 -1752.62 656.587 -1802.2 -1166.18 1087.34 -1758.69 -441.312 1087.34 -1758.69 145.121 656.586 -1802.2 -803.748 -38.9771 -1706.83</float_array>
          <technique_common>
            <accessor source="#hat01-mesh-positions-array" count="50" stride="3">
              <param name="X" type="float"/>
              <param name="Y" type="float"/>
              <param name="Z" type="float"/>
            </accessor>
          </technique_common>
        </source>
        <source id="hat01-mesh-normals">
          <float_array id="hat01-mesh-normals-array" count="150">-0.05476 0 0.998499 0.675702 0 0.737175 -0.019956 0.665203 0.746396 1 0 0 0.707107 0.707107 0 -0.000391 1 0 0 0 1 0 0.979895 0.199512 -0.019956 -0.665203 0.746396 0 -0.979372 0.202067 -0.000391 -1 0 0.707107 -0.707107 0 0.463811 0.017657 -0.885758 0.144375 0.748623 -0.647086 0.68305 0 -0.730371 0.00108 0.957026 -0.289999 0.195064 -0.78828 -0.583579 0.000807 -0.99137 -0.131088 0.05476 0 0.9985 0.019956 0.665203 0.746396 0.000391 1 0 -0.675702 0 0.737175 -0.707107 0.707107 0 -1 0 0 0.019956 -0.665203 0.746396 -0.707107 -0.707107 0 0.000391 -1 0 -0.144375 0.748623 -0.647085 -0.463811 0.017657 -0.885758 -0.68305 0 -0.730371 -0.195064 -0.78828 -0.583579 0.952197 0.112195 0.284136 0.662992 -0.483901 -0.57121 0.836638 0.019691 -0.547402 0.626507 -0.777025 -0.061002 0.198005 -0.859036 -0.472071 -0.004825 -0.930451 0.366384 -0.203572 -0.858882 -0.46998 -0.62413 -0.780127 -0.043178 -0.67092 -0.486544 -0.559591 -0.837807 -0.008935 -0.545893 -0.92653 0.060839 0.371268 -0.667307 0.527137 -0.526145 -0.564828 0.809684 -0.159314 -0.233382 0.873237 -0.427773 -0.008298 0.954483 0.29815 0.227774 0.873648 -0.429951 0.583856 0.787095 -0.198983 0.685612 0.50628 -0.523085 0 0.000282 -1</float_array>
          <technique_common>
            <accessor source="#hat01-mesh-normals-array" count="50" stride="3">
              <param name="X" type="float"/>
              <param name="Y" type="float"/>
              <param name="Z" type="float"/>
            </accessor>
          </technique_common>
        </source>
        <source id="hat01-mesh-map-channel1">
          <float_array id="hat01-mesh-map-channel1-array" count="150">0.844678 0.984827 0.5 0.951497 0.882943 0.5 0.844678 0.882943 0.000499 0.844677 0.882943 0.999501 0.852331 0.775099 0.5 0.918714 0.953241 0.5 0.844678 0.953241 0.1468 0.765725 0.941031 0.5 0.844677 0.953241 0.8532 0.918714 0.806686 0.5 0.844678 0.806686 0.1468 0.765725 0.818896 0.212676 0.844677 0.806686 0.8532 0.918714 0.882943 0.1468 0.765725 0.882943 0.1468 0.765725 0.882943 0.8532 0.918714 0.882943 0.8532 0.686772 0.984827 0.5 0.686772 0.882943 0.000499 0.579953 0.882943 0.5 0.686772 0.882943 0.9995 0.679118 0.775099 0.5 0.686772 0.953241 0.1468 0.612736 0.953241 0.5 0.686772 0.953241 0.8532 0.686772 0.806686 0.1468 0.612736 0.806686 0.5 0.686772 0.806686 0.8532 0.612736 0.882943 0.1468 0.612736 0.882943 0.8532 0.765725 0.818896 0.789844 0.852331 0.775099 0.5 0.832883 0.775099 0.772411 0.764185 0.773297 0.82529 0.698566 0.775099 0.772411 0.679119 0.775099 0.5 0.703736 0.775099 0.299801 0.764185 0.773297 0.226311 0.827714 0.775099 0.299801 0.87331 0.699367 0.516378 0.852489 0.699758 0.799947 0.797979 0.704232 0.974746 0.730601 0.704232 0.974746 0.676091 0.699758 0.799947 0.65527 0.699367 0.516378 0.676091 0.699758 0.228002 0.730601 0.704232 0.04932 0.797979 0.704232 0.04932 0.852489 0.699758 0.228003 0.76429 0.709565 0.516534</float_array>
          <technique_common>
            <accessor source="#hat01-mesh-map-channel1-array" count="50" stride="3">
              <param name="S" type="float"/>
              <param name="T" type="float"/>
              <param name="P" type="float"/>
            </accessor>
          </technique_common>
        </source>
        <vertices id="hat01-mesh-vertices">
          <input semantic="POSITION" source="#hat01-mesh-positions"/>
        </vertices>
        <triangles material="texture" count="92">
          <input semantic="VERTEX" source="#hat01-mesh-vertices" offset="0"/>
          <input semantic="NORMAL" source="#hat01-mesh-normals" offset="1"/>
          <input semantic="TEXCOORD" source="#hat01-mesh-map-channel1" offset="2" set="1"/>
          <p>0 0 0 5 1 5 6 2 6 5 1 5 1 3 1 13 4 13 5 1 5 13 4 13 6 2 6 6 2 6 13 4 13 2 5 2 0 0 0 6 2 6 7 6 7 6 2 6 2 5 2 14 7 14 6 2 6 14 7 14 7 6 7 0 0 0 7 6 7 8 8 8 7 6 7 15 9 15 8 8 8 8 8 8 15 9 15 3 10 3 0 0 0 8 8 8 5 1 5 8 8 8 3 10 3 16 11 16 8 8 8 16 11 16 5 1 5 5 1 5 16 11 16 1 3 1 4 12 4 10 13 10 9 14 9 10 13 10 2 5 2 13 4 13 10 13 10 13 4 13 9 14 9 9 14 9 13 4 13 1 3 1 11 15 11 14 7 14 10 13 10 10 13 10 14 7 14 2 5 2 12 16 12 3 10 3 15 9 15 12 16 12 15 9 15 30 17 30 4 12 4 9 14 9 12 16 12 9 14 9 1 3 1 16 11 16 9 14 9 16 11 16 12 16 12 12 16 12 16 11 16 3 10 3 17 18 17 7 6 7 22 19 22 7 6 7 14 7 14 22 19 22 22 19 22 14 7 14 18 20 18 17 18 17 22 19 22 23 21 23 22 19 22 18 20 18 28 22 28 22 19 22 28 22 28 23 21 23 23 21 23 28 22 28 19 23 19 17 18 17 23 21 23 24 24 24 23 21 23 19 23 19 29 25 29 23 21 23 29 25 29 24 24 24 24 24 24 29 25 29 20 26 20 17 18 17 24 24 24 7 6 7 24 24 24 20 26 20 15 9 15 24 24 24 15 9 15 7 6 7 25 27 25 18 20 18 14 7 14 25 27 25 14 7 14 11 15 11 21 28 21 26 29 26 25 27 25 26 29 26 19 23 19 28 22 28 26 29 26 28 22 28 25 27 25 25 27 25 28 22 28 18 20 18 21 28 21 27 30 27 26 29 26 27 30 27 20 26 20 29 25 29 27 30 27 29 25 29 26 29 26 26 29 26 29 25 29 19 23 19 30 17 30 15 9 15 27 30 27 27 30 27 15 9 15 20 26 20 31 31 31 40 32 40 39 33 39 31 31 31 32 34 32 40 32 40 32 34 32 41 35 41 40 32 40 32 34 32 33 36 33 41 35 41 33 36 33 42 37 42 41 35 41 33 36 33 34 38 34 42 37 42 42 37 42 34 38 34 43 39 43 34 38 34 44 40 44 43 39 43 34 38 34 35 41 35 44 40 44 35 41 35 45 42 45 44 40 44 35 41 35 36 43 36 45 42 45 36 43 36 46 44 46 45 42 45 36 43 36 37 45 37 46 44 46 37 45 37 47 46 47 46 44 46 37 45 37 38 47 38 47 46 47 47 46 47 38 47 38 48 48 48 38 47 38 39 33 39 48 48 48 38 47 38 31 31 31 39 33 39 33 36 33 32 34 32 30 17 30 34 38 34 33 36 33 30 17 30 12 16 12 30 17 30 32 34 32 4 12 4 12 16 12 32 34 32 27 30 27 21 28 21 34 38 34 30 17 30 27 30 27 34 38 34 10 13 10 4 12 4 38 47 38 38 47 38 37 45 37 11 15 11 11 15 11 10 13 10 38 47 38 11 15 11 36 43 36 25 27 25 36 43 36 11 15 11 37 45 37 21 28 21 25 27 25 36 43 36 39 33 39 40 32 40 49 49 49 40 32 40 41 35 41 49 49 49 41 35 41 42 37 42 49 49 49 42 37 42 43 39 43 49 49 49 43 39 43 44 40 44 49 49 49 44 40 44 45 42 45 49 49 49 45 42 45 46 44 46 49 49 49 46 44 46 47 46 47 49 49 49 47 46 47 48 48 48 49 49 49 48 48 48 39 33 39 49 49 49</p>
        </triangles>
      </mesh>
    </geometry>
    <geometry id="hat02-mesh" name="hat02">
      <mesh>
        <source id="hat02-mesh-positions">
          <float_array id="hat02-mesh-positions-array" count="42">-380.957 -839.302 545.574 1525.59 -839.302 1158.18 -1525.59 839.302 1158.18 1525.59 839.302 1158.18 0 -839.302 3000.06 0 839.302 3000.06 -1525.59 -839.302 1158.18 1059.63 -839.302 781.072 -1059.63 839.302 781.072 1059.63 839.302 781.072 -1059.63 -839.302 781.072 380.957 -839.302 545.574 -380.957 839.302 545.574 380.957 839.302 545.574</float_array>
          <technique_common>
            <accessor source="#hat02-mesh-positions-array" count="14" stride="3">
              <param name="X" type="float"/>
              <param name="Y" type="float"/>
              <param name="Z" type="float"/>
            </accessor>
          </technique_common>
        </source>
        <source id="hat02-mesh-normals">
          <float_array id="hat02-mesh-normals-array" count="150">0 0 -1 0 0 -1 0 0 -1 0 0 -1 0 -1 0 0 -1 0 0 -1 0 0.770131 0 0.637885 0.770131 0 0.637885 0.770131 0 0.637885 0.770131 0 0.637885 0 1 0 0 1 0 0 1 0 -0.770131 0 0.637885 -0.770131 0 0.637885 -0.770131 0 0.637885 -0.770131 0 0.637885 0 -1 0 0 -1 0 0 1 0 0 1 0 -0.629094 0 -0.777329 -0.629094 0 -0.777329 -0.629094 0 -0.777329 -0.629094 0 -0.777329 -0.629094 0 -0.777329 -0.629094 0 -0.777329 0.629094 0 -0.777329 0.629094 0 -0.777329 0.629094 0 -0.777329 0.629094 0 -0.777329 0.629094 0 -0.777329 0.629094 0 -0.777329 0 -1 0 0 -1 0 0 1 0 0 1 0 -0.327823 0 -0.944739 -0.327823 0 -0.944739 -0.327823 0 -0.944739 -0.327823 0 -0.944739 -0.327823 0 -0.944739 -0.327823 0 -0.944739 0.327823 0 -0.944739 0.327823 0 -0.944739 0.327823 0 -0.944739 0.327823 0 -0.944739 0.327823 0 -0.944739 0.327823 0 -0.944739</float_array>
          <technique_common>
            <accessor source="#hat02-mesh-normals-array" count="50" stride="3">
              <param name="X" type="float"/>
              <param name="Y" type="float"/>
              <param name="Z" type="float"/>
            </accessor>
          </technique_common>
        </source>
        <source id="hat02-mesh-map-channel1">
          <float_array id="hat02-mesh-map-channel1-array" count="102">0.493189 0.636017 0 0.470953 0.605619 0 0.5 0.992188 1.32745 0.5 0.855469 1.32745 0.75 0.855469 0.5 0.75 0.992188 0.5 0.53125 0.722656 0 0.582031 0.664063 0 0.992188 0.862018 -0.327454 0.992188 0.992188 -0.327454 0.75 0.992188 0.5 0.589844 0.542969 0 0.461789 0.574219 0 0.75 0.855469 0 0.644531 0.625 0 0.460938 0.542969 0 0.55058 0.667618 0 0.51933 0.655548 0 0.707031 0.613281 0 0.5 0.855469 0 0.503906 0.792969 0 0.84375 0.707031 0.000499 0.84375 0.84375 0.000499 0.898438 0.84375 0.000499 0.898438 0.707031 0.000499 0.800781 0.707031 0.384536 0.773438 0.707031 0.999501 0.773438 0.84375 0.9995 0.800781 0.84375 0.384536 0.96875 0.707031 0.999501 0.945313 0.707031 0.384536 0.945313 0.84375 0.384536 0.96875 0.84375 0.9995 0.75 0.862018 0.5</float_array>
          <technique_common>
            <accessor source="#hat02-mesh-map-channel1-array" count="34" stride="3">
              <param name="S" type="float"/>
              <param name="T" type="float"/>
              <param name="P" type="float"/>
            </accessor>
          </technique_common>
        </source>
        <vertices id="hat02-mesh-vertices">
          <input semantic="POSITION" source="#hat02-mesh-positions"/>
        </vertices>
        <triangles material="texture" count="24">
          <input semantic="VERTEX" source="#hat02-mesh-vertices" offset="0"/>
          <input semantic="NORMAL" source="#hat02-mesh-normals" offset="1"/>
          <input semantic="TEXCOORD" source="#hat02-mesh-map-channel1" offset="2" set="1"/>
          <p>0 0 21 12 1 22 13 2 23 13 2 23 11 3 24 0 0 21 0 4 0 11 5 1 4 6 11 1 7 2 3 8 3 5 9 4 5 9 4 4 10 5 1 7 2 13 11 6 12 12 7 5 13 13 2 14 8 6 15 9 4 16 10 4 16 10 5 17 33 2 14 8 4 6 11 7 18 12 1 19 15 5 13 13 8 20 14 2 21 18 10 22 25 6 23 26 2 24 27 2 25 27 8 26 28 10 27 25 1 28 29 7 29 30 9 30 31 9 31 31 3 32 32 1 33 29 4 6 11 6 34 16 10 35 17 5 13 13 3 36 19 9 37 20 4 6 11 11 5 1 7 18 12 5 13 13 12 12 7 8 20 14 0 38 21 10 39 25 8 40 28 8 41 28 12 42 22 0 43 21 7 44 30 11 45 24 9 46 31 13 47 23 9 48 31 11 49 24 4 6 11 10 35 17 0 4 0 5 13 13 9 37 20 13 11 6</p>
        </triangles>
      </mesh>
    </geometry>
    <geometry id="hat07-mesh" name="hat07">
      <mesh>
        <source id="hat07-mesh-positions">
          <float_array id="hat07-mesh-positions-array" count="192">-745.499 0.000091 -254.471 815.594 -8.00469 -1073.65 375.947 -806.188 -1043.71 -269.53 -953.566 -956.556 -1072.93 -870.472 -1049.49 -1376.22 0.000122 -1000.86 -1072.93 747.233 -1000.86 -267.741 1107.79 -1000.86 580.935 839.013 -1000.86 1298.38 142.83 -1936.65 -1112.69 -918.499 -1933.79 -1423.42 0.000198 -1933.79 -266.889 1188.69 -2322.53 686.409 934.691 -2315.38 393.568 0.00003 -536.982 191.522 -470.837 -537.202 -267.937 -661.124 -536.49 -718.917 -471.246 -532.979 -913.346 0.000091 -535.691 -720.819 465.307 -535.491 -267.766 662.137 -536.268 202.582 469.753 -533.5 -801.761 -1172.98 -1569.15 -1125.18 791.39 -1544.16 -801.761 -1172.98 -2298.82 1192.73 516.407 -2263.84 1192.73 516.407 -1603.74 -266.889 1188.69 -1545.05 686.409 934.69 -1552.2 -1125.18 791.39 -2323.42 -264.141 1476.27 -1933.41 1672.24 1456.55 -1933.41 -1125.16 1471.27 -1933.41 225.043 0.00003 -255.731 80.7122 -348.446 -255.73 -267.739 -492.514 -255.529 -602.209 -347.877 -255.116 -602.209 347.877 -255.115 -267.739 492.514 -255.528 80.7122 348.446 -255.73 -745.499 0.000197 -3613.1 -602.209 -347.877 -3612.46 80.7119 -348.446 -3611.84 225.043 0.000204 -3611.84 -267.739 -492.514 -3612.05 -602.21 347.877 -3612.46 80.712 348.447 -3611.85 -267.739 492.514 -3612.05 -1072.93 -870.472 -2818.08 -1376.22 0.000244 -2866.72 -1072.93 747.234 -2866.72 -267.741 1107.79 -2866.72 580.935 839.013 -2866.72 815.594 -8.00482 -2799.66 393.568 0.000242 -3330.59 375.947 -806.187 -2829.6 191.522 -470.837 -3330.37 -269.53 -953.566 -2916.75 -267.937 -661.124 -3331.08 -718.918 -471.246 -3334.6 -913.346 0.000211 -3331.88 -720.819 465.307 -3332.08 -267.766 662.137 -3331.31 202.582 469.754 -3334.08</float_array>
          <technique_common>
            <accessor source="#hat07-mesh-positions-array" count="64" stride="3">
              <param name="X" type="float"/>
              <param name="Y" type="float"/>
              <param name="Z" type="float"/>
            </accessor>
          </technique_common>
        </source>
        <source id="hat07-mesh-normals">
          <float_array id="hat07-mesh-normals-array" count="384">0.000898 -0.001483 0.999998 0.000898 -0.001483 0.999999 0.000898 -0.001483 0.999999 0.001297 -0.000537 0.999999 0.001297 -0.000537 0.999999 0.001297 -0.000537 0.999999 0.000899 -0.000777 0.999999 0.000899 -0.000777 0.999999 0.000899 -0.000777 0.999999 0.001297 0.001316 0.999998 0.001297 0.001316 0.999998 0.001297 0.001316 0.999998 0.0009 0.00037 1 0.0009 0.00037 1 0.0009 0.00037 1 0.000899 0.000778 0.999999 0.000899 0.000778 0.999999 0.000899 0.000778 0.999999 -0.641305 -0.638099 0.426095 -0.999981 0.006159 0.000000 -0.829859 -0.557973 0.000006 -0.92136 0.00481 0.388681 -0.661065 0.630836 0.406249 -0.058874 0.90563 0.419962 -0.077417 0.986716 0.142825 0.480952 0.846923 0.22673 0.549671 0.626018 0.55314 0.893924 0.159413 0.418913 0.77573 -0.029914 0.630355 0.796124 -0.031621 0.604307 0.528344 -0.595223 0.605444 0.591928 -0.56735 0.572481 0.021265 -0.830609 0.55645 0.059082 -0.791738 0.607996 -0.502037 -0.48347 0.717088 -0.70795 0.000152 0.706263 -0.503689 0.512565 0.695396 -0.032031 0.710488 0.702979 0.523441 0.450908 0.722974 -0.528262 -0.830131 0.178386 0.999765 0.021627 -0.001433 -0.878925 0.472648 0.063986 -0.529302 -0.829618 -0.177688 0.893839 0.163617 -0.417469 -0.878889 0.472714 -0.063995 0.89082 -0.454356 -0.000000 0.89082 -0.454356 -0.000000 0.89082 -0.454356 -0.000000 -0.165088 0.756987 0.632232 0.168552 0.353679 0.920055 0.35538 0.934691 -0.007561 -0.019735 0.999678 0.015932 0.260247 0.198606 0.944895 -0.121441 0.601464 0.789616 -0.145032 0.986876 0.070996 0.119222 0.498229 -0.85881 0.049608 0.743807 -0.66655 0.260633 0.19909 -0.944687 -0.223626 0.484994 -0.845442 -1 0.00003 0.000000 0.856461 -0.007977 0.51615 0.859483 -0.004369 0.511145 0.604376 -0.61347 0.508315 0.614711 -0.605416 0.50557 0.000542 -0.857586 0.51434 -0.003221 -0.855738 0.5174 -0.606028 -0.603139 0.518606 -0.61284 -0.594634 0.52042 -0.858268 0.001512 0.5132 -0.858739 0.000143 0.512412 -0.612392 0.602687 0.51161 -0.613089 0.601786 0.511835 -0.009398 0.856046 0.516814 -0.010086 0.854919 0.518663 0.603946 0.599805 0.524865 0.604298 0.600116 0.524103 0.000898 -0.001483 -0.999999 0.000898 -0.001483 -0.999999 0.000898 -0.001483 -0.999999 0.001297 -0.000537 -0.999999 0.001297 -0.000537 -0.999999 0.001297 -0.000537 -0.999999 0.000898 -0.000779 -0.999999 0.000898 -0.000779 -0.999999 0.000898 -0.000779 -0.999999 0.001297 0.001315 -0.999998 0.001297 0.001315 -0.999998 0.001297 0.001315 -0.999998 0.0009 0.000371 -1 0.0009 0.000371 -1 0.0009 0.000371 -1 0.000899 0.000776 -0.999999 0.000899 0.000776 -0.999999 0.000899 0.000776 -0.999999 -0.642103 -0.637404 -0.425934 -0.92136 0.004809 -0.38868 -0.661065 0.630836 -0.406249 -0.077417 0.986715 -0.142825 -0.058875 0.90563 -0.419963 0.480953 0.846922 -0.226732 0.548804 0.627257 -0.552597 0.774252 -0.028511 -0.632235 0.528075 -0.593804 -0.607069 0.793491 -0.032922 -0.607692 0.592426 -0.565246 -0.574045 0.020311 -0.828028 -0.560319 0.057318 -0.788808 -0.611962 -0.502037 -0.483471 -0.717088 -0.70795 0.000151 -0.706262 -0.503689 0.512565 -0.695396 -0.032031 0.710488 -0.70298 0.52171 0.451452 -0.723886 0.856461 -0.007977 -0.51615 0.604376 -0.61347 -0.508315 0.859483 -0.004369 -0.511145 0.614711 -0.605416 -0.505571 0.000542 -0.857586 -0.51434 -0.003221 -0.855738 -0.5174 -0.606028 -0.603139 -0.518607 -0.61284 -0.594634 -0.520421 -0.858267 0.001512 -0.513201 -0.858739 0.000143 -0.512413 -0.612392 0.602687 -0.51161 -0.61309 0.601786 -0.511834 -0.009398 0.856046 -0.516814 -0.010086 0.854919 -0.518663 0.603946 0.599805 -0.524866 0.604298 0.600116 -0.524104</float_array>
          <technique_common>
            <accessor source="#hat07-mesh-normals-array" count="128" stride="3">
              <param name="X" type="float"/>
              <param name="Y" type="float"/>
              <param name="Z" type="float"/>
            </accessor>
          </technique_common>
        </source>
        <source id="hat07-mesh-map-channel1">
          <float_array id="hat07-mesh-map-channel1-array" count="360">0.863281 0.94974 0 0.59375 0.94974 0 0.59375 0.982747 0 0.523438 0.94974 0 0.523438 0.982747 0 0.863281 0.982747 0 0.796875 0.94974 0 0.796875 0.982747 0 0.726563 0.94974 0 0.457031 0.94974 0 0.457031 0.982747 0 0.992188 0.94974 0 0.992188 0.982747 0 0.726563 0.982747 0 0.929688 0.94974 0 0.929688 0.982747 0 0.660156 0.94974 0 0.660156 0.982747 0 0.962488 0.740232 0 0.93123 0.739987 0 0.909988 0.687374 0 0.932362 0.665435 0 0.909701 0.7187 0 0.98485 0.718391 0 0.963695 0.665742 0 0.985614 0.688125 0 0.680874 0.599669 0.9995 0.680874 0.541264 0.9995 0.680708 0.570528 0.060715 0.548433 0.600422 0.303113 0.59949 0.599791 0.532973 0.54802 0.570528 0.000499 0.521575 0.6005 0.662654 0.521894 0.570528 0.047391 0.59949 0.541184 0.532973 0.548433 0.540553 0.303113 0.521575 0.540474 0.662654 0.742935 0.710244 0.870943 0.622223 0.790803 0.9995 0.622223 0.72702 0.885527 0.749574 0.790803 0.982188 0.749574 0.874208 0.870943 0.749574 0.914453 0.575609 0.675289 0.918898 0.575296 0.674312 0.895131 0.225635 0.749574 0.884452 0.264322 0.667277 0.848443 0.039923 0.742935 0.790802 0.177236 0.812896 0.790802 0.333047 0.742935 0.716734 0.339016 0.812866 0.738249 0.407155 0.761027 0.70097 0.576265 0.812963 0.717009 0.575681 0.813443 0.738203 0.741096 0.813072 0.790803 0.812411 0.8131 0.842739 0.741794 0.812994 0.864709 0.575618 0.813372 0.843236 0.403099 0.672682 0.698616 0.771482 0.622223 0.806788 0.000499 0.675411 0.879136 0.890109 0.577169 0.848443 0.039923 0.571764 0.698616 0.771482 0.569035 0.879136 0.890109 0.962488 0.740232 0 0.93123 0.739987 0 0.909988 0.687374 0 0.932362 0.665435 0 0.909701 0.7187 0 0.98485 0.718391 0 0.963695 0.665742 0 0.985614 0.688125 0 0.742935 0.710244 0.870943 0.622223 0.790803 0.9995 0.622223 0.72702 0.885527 0.749574 0.790803 0.982188 0.749574 0.874208 0.870943 0.749574 0.914453 0.575609 0.675289 0.918898 0.575296 0.674312 0.895131 0.225635 0.749574 0.884452 0.264322 0.667277 0.848443 0.039923 0.742935 0.790802 0.177236 0.812896 0.790802 0.333047 0.742935 0.716734 0.339016 0.812866 0.738249 0.407155 0.761027 0.70097 0.576265 0.812963 0.717009 0.575681 0.813443 0.738203 0.741096 0.813072 0.790803 0.812411 0.8131 0.842739 0.741794 0.812994 0.864709 0.575618 0.813372 0.843236 0.403099 0.672682 0.698616 0.771482 0.622223 0.806788 0.000499 0.675411 0.879136 0.890109 0.59375 0.94974 0 0.59375 0.982747 0 0.523438 0.94974 0 0.523438 0.982747 0 0.457031 0.94974 0 0.457031 0.982747 0 0.992188 0.94974 0 0.992188 0.982747 0 0.929688 0.94974 0 0.929688 0.982747 0 0.863281 0.94974 0 0.863281 0.982747 0 0.796875 0.94974 0 0.796875 0.982747 0 0.726563 0.94974 0 0.726563 0.982747 0 0.660156 0.94974 0 0.660156 0.982747 0 0.466212 0.595621 0.9995 0.466212 0.545316 0.9995 0.505055 0.570516 0.060715 0.464859 0.597945 0.662654 0.509276 0.570522 0.047391 0.464859 0.543038 0.662654</float_array>
          <technique_common>
            <accessor source="#hat07-mesh-map-channel1-array" count="120" stride="3">
              <param name="S" type="float"/>
              <param name="T" type="float"/>
              <param name="P" type="float"/>
            </accessor>
          </technique_common>
        </source>
        <vertices id="hat07-mesh-vertices">
          <input semantic="POSITION" source="#hat07-mesh-positions"/>
        </vertices>
        <triangles material="texture" count="117">
          <input semantic="VERTEX" source="#hat07-mesh-vertices" offset="0"/>
          <input semantic="NORMAL" source="#hat07-mesh-normals" offset="1"/>
          <input semantic="TEXCOORD" source="#hat07-mesh-map-channel1" offset="2" set="1"/>
          <p>0 0 18 36 1 19 34 2 20 33 3 21 0 4 18 34 5 20 34 6 20 36 7 19 35 8 22 0 9 18 33 10 21 37 11 23 37 12 23 33 13 21 39 14 24 38 15 25 37 16 23 39 17 24 4 18 37 11 19 38 10 20 39 4 18 37 5 21 40 11 19 38 6 22 41 7 23 42 27 24 43 7 23 42 28 25 44 27 24 43 7 23 42 8 26 45 28 25 44 8 26 45 26 27 46 28 25 44 8 26 45 1 28 47 26 27 46 1 28 47 14 29 48 2 30 49 15 31 50 2 30 49 14 29 48 2 30 49 15 31 50 3 32 51 16 33 52 3 32 51 15 31 50 3 32 51 16 33 52 4 18 37 17 34 53 4 18 37 16 33 52 4 18 37 17 34 53 5 21 40 18 35 54 5 21 40 17 34 53 5 21 40 18 35 54 6 22 41 19 36 55 6 22 41 18 35 54 6 22 41 19 36 55 7 23 42 20 37 56 7 23 42 19 36 55 7 23 42 20 37 56 8 26 45 21 38 57 8 26 45 20 37 56 14 29 48 1 28 47 21 38 57 8 26 45 21 38 57 1 28 47 22 39 58 3 32 51 4 18 37 4 18 37 10 20 39 22 39 58 1 28 47 9 40 59 26 27 46 5 21 40 6 22 41 23 41 60 6 22 41 27 24 43 23 41 60 22 39 58 10 20 39 24 42 62 9 40 59 25 43 61 26 27 46 23 41 60 29 44 63 11 19 38 26 45 114 25 46 115 31 47 116 5 21 40 23 41 60 11 19 38 27 48 29 28 49 30 31 50 28 31 50 28 30 51 31 27 48 29 26 52 26 31 50 28 28 49 30 23 53 32 27 48 29 30 51 31 30 51 31 32 54 33 23 53 32 13 55 34 12 56 35 30 51 31 30 51 31 31 50 28 13 55 34 25 57 27 13 55 34 31 50 28 12 56 35 29 58 36 32 54 33 32 54 33 30 51 31 12 56 35 29 44 119 23 41 117 32 59 118 14 60 1 33 61 2 15 62 3 34 63 4 15 62 3 33 61 2 15 62 3 34 63 4 16 64 9 35 65 10 16 64 9 34 63 4 16 64 11 35 65 12 17 66 14 36 67 15 17 66 14 35 65 12 17 66 14 36 67 15 18 68 0 0 69 5 18 68 0 36 67 15 18 68 0 0 69 5 19 70 6 37 71 7 19 70 6 0 69 5 19 70 6 37 71 7 20 72 8 38 73 13 20 72 8 37 71 7 20 72 8 38 73 13 21 74 16 39 75 17 21 74 16 38 73 13 33 61 2 14 60 1 39 75 17 21 74 16 39 75 17 14 60 1 40 76 64 42 77 66 41 78 65 43 79 67 42 80 66 40 81 64 42 82 66 44 83 68 41 84 65 40 85 64 45 86 69 43 87 67 45 88 69 46 89 70 43 90 67 47 91 71 46 92 70 45 93 69 48 94 72 10 20 74 11 19 73 48 94 72 11 19 73 49 95 75 50 96 76 12 97 78 51 98 77 51 98 77 12 97 78 13 99 79 51 98 77 13 99 79 52 100 80 52 100 80 13 99 79 25 43 81 52 100 80 25 43 81 53 101 82 53 101 82 55 102 84 54 103 83 56 104 85 54 103 83 55 102 84 55 102 84 57 105 86 56 104 85 58 106 87 56 104 85 57 105 86 57 105 86 48 94 72 58 106 87 59 107 88 58 106 87 48 94 72 48 94 72 49 95 75 59 107 88 60 108 89 59 107 88 49 95 75 49 95 75 50 96 76 60 108 89 61 109 90 60 108 89 50 96 76 50 96 76 51 98 77 61 109 90 62 110 91 61 109 90 51 98 77 51 98 77 52 100 80 62 110 91 63 111 92 62 110 91 52 100 80 54 103 83 63 111 92 53 101 82 52 100 80 53 101 82 63 111 92 24 42 93 48 94 72 57 105 86 48 94 72 24 42 93 10 20 74 53 101 82 25 43 81 9 40 94 49 95 75 29 44 95 50 96 76 50 96 76 29 44 95 12 97 78 49 95 75 11 19 73 29 44 95 54 112 96 56 113 98 43 114 97 42 115 99 43 114 97 56 113 98 56 113 98 58 116 100 42 115 99 44 117 101 42 115 99 58 116 100 58 116 102 59 118 104 44 117 103 41 119 105 44 117 103 59 118 104 59 118 104 60 120 106 41 119 105 40 121 107 41 119 105 60 120 106 60 120 106 61 122 108 40 121 107 45 123 109 40 121 107 61 122 108 61 122 108 62 124 110 45 123 109 47 125 111 45 123 109 62 124 110 62 124 110 63 126 112 47 125 111 46 127 113 47 125 111 63 126 112 43 114 97 46 127 113 54 112 96 63 126 112 54 112 96 46 127 113</p>
        </triangles>
      </mesh>
    </geometry>
    <geometry id="bucket-mesh" name="bucket">
      <mesh>
        <source id="bucket-mesh-positions">
          <float_array id="bucket-mesh-positions-array" count="162">0 -0.000001 104.94 534.235 -0.000001 104.94 377.761 377.761 104.94 -0.000023 534.235 104.94 -377.761 377.761 104.94 -534.235 -0.000047 104.94 -377.761 -377.761 104.94 0.000006 -534.235 104.94 377.761 -377.761 104.94 739.78 -0.000003 1280.92 523.104 523.104 1280.92 -0.000019 739.781 1280.92 -523.104 523.104 1280.92 -739.78 -0.000034 1280.92 -523.104 -523.104 1280.92 0.000041 -739.78 1280.92 523.104 -523.104 1280.92 -0.000003 0.000025 1030.94 548.676 0.000011 1281.03 387.973 387.973 1281.03 -0.000019 548.677 1281.03 -387.973 387.973 1281.03 -548.676 -0.000018 1281.03 -387.973 -387.973 1281.03 -0.000004 -548.676 1281.03 387.973 -387.973 1281.03 263.019 387.233 1814.65 -104.851 -503.461 1813.67 291.954 457.293 1914.14 -133.685 -573.275 1912.98 142.204 437.132 1814.65 -225.667 -453.563 1813.67 171.139 507.192 1914.14 -254.5 -523.376 1912.98 355.675 611.574 1474.16 -184.235 -695.668 1474.16 234.86 661.473 1474.16 -305.051 -645.769 1474.16 402.753 725.561 1474.16 -231.314 -809.654 1474.16 281.938 775.459 1474.16 -352.129 -759.756 1474.16 341.473 577.188 1057.66 -162.032 -641.909 1057.66 220.657 627.086 1057.66 -282.847 -592.011 1057.66 382.795 677.238 1057.66 -203.355 -741.959 1057.66 261.98 727.136 1057.66 -324.17 -692.061 1057.66 72.8167 -73.2877 1895.05 72.986 -72.8778 1994.53 -47.9984 -23.3893 1895.05 -47.8291 -22.9794 1994.53</float_array>
          <technique_common>
            <accessor source="#bucket-mesh-positions-array" count="54" stride="3">
              <param name="X" type="float"/>
              <param name="Y" type="float"/>
              <param name="Z" type="float"/>
            </accessor>
          </technique_common>
        </source>
        <source id="bucket-mesh-normals">
          <float_array id="bucket-mesh-normals-array" count="570">0 0 -1 0 0 -1 0 0 -1 0 0 -1 0 0 -1 0 0 -1 0 0 -1 0 0 -1 0 0 -1 0.985066 0 -0.172175 0.696547 0.696547 -0.172175 0.985066 0.000000 -0.172175 0.696547 0.696547 -0.172175 0 0.985066 -0.172175 -0.000000 0.985066 -0.172175 -0.696547 0.696547 -0.172175 -0.696547 0.696547 -0.172175 -0.985066 0 -0.172175 -0.985066 -0.000000 -0.172175 -0.696547 -0.696547 -0.172175 -0.696547 -0.696547 -0.172175 0 -0.985066 -0.172175 0 -0.985066 -0.172175 0.696547 -0.696547 -0.172175 0.696547 -0.696547 -0.172175 0.000578 -0.000000 1 0.000409 0.000408 1 -0.11329 -0.11329 0.987082 -0.160216 -0.000000 0.987082 0 0.000578 1 0 -0.160216 0.987082 -0.000409 0.000408 1 0.11329 -0.11329 0.987082 -0.000578 -0.000000 1 0.160216 -0.000000 0.987082 -0.000409 -0.000409 1 0.11329 0.11329 0.987082 0 -0.000578 1 0 0.160216 0.987082 0.000409 -0.000409 1 -0.11329 0.11329 0.987082 0 -0.000000 1 0.924271 -0.381737 -0.000000 0.924271 -0.381737 -0.000000 0.924271 -0.381737 0 0.924271 -0.381737 0 -0.924271 0.381738 0 -0.924271 0.381738 0 -0.924271 0.381738 0 -0.924271 0.381738 0 -0.060809 -0.147234 -0.987231 -0.060809 -0.147234 -0.987231 -0.060809 -0.147234 -0.987231 -0.060809 -0.147234 -0.987231 0.052986 0.128291 0.99032 0.052986 0.128291 0.99032 0.052986 0.128291 0.99032 0.052986 0.128291 0.99032 0 0 -1 0 0 -1 0 0 -1 0 0 -1 0 0 -1 0 0 -1 0 0 -1 0 0 -1 0 0 -1 0 0 -1 0 0 -1 0 0 -1 0.325527 0.788171 -0.52232 0.325527 0.788171 -0.52232 0.325527 0.788171 -0.52232 0.325527 0.788171 -0.52232 0.325527 0.788171 -0.52232 0.325527 0.788171 -0.52232 -0.310841 -0.752614 -0.580474 -0.310841 -0.752614 -0.580474 -0.310841 -0.752614 -0.580474 -0.310841 -0.752614 -0.580474 -0.310841 -0.752614 -0.580474 -0.310841 -0.752614 -0.580474 -0.329812 -0.798548 0.503533 -0.329812 -0.798548 0.503533 -0.329812 -0.798548 0.503533 -0.329812 -0.798548 0.503533 -0.329812 -0.798548 0.503533 -0.329812 -0.798548 0.503533 0.318647 0.771515 0.550662 0.318647 0.771515 0.550662 0.318647 0.771515 0.550662 0.318647 0.771515 0.550662 0.318647 0.771515 0.550662 0.318647 0.771515 0.550662 0.924271 -0.381738 0 0.924271 -0.381738 0 0.924271 -0.381738 0 0.924271 -0.381738 0 0.924271 -0.381738 0 0.924271 -0.381738 0 0.924271 -0.381737 0 0.924271 -0.381737 0 0.924271 -0.381737 0 0.924271 -0.381737 0 0.924271 -0.381737 0 0.924271 -0.381737 0 -0.924271 0.381737 0 -0.924271 0.381737 0 -0.924271 0.381737 0 -0.924271 0.381738 0 -0.924271 0.381738 0 -0.924271 0.381738 0 -0.924271 0.381737 0 -0.924271 0.381738 0 -0.924271 0.381738 0 -0.924271 0.381738 0 -0.924271 0.381738 0 -0.924271 0.381738 0 0.378069 0.915388 0.138305 0.378069 0.915388 0.138305 0.378069 0.915388 0.138305 0.378069 0.915388 0.138305 0.378069 0.915388 0.138305 0.378069 0.915388 0.138305 0.924271 -0.381738 0 0.924271 -0.381738 0 0.924271 -0.381737 0 0.924271 -0.381737 0 0.924271 -0.381737 0 0.924271 -0.381737 0 -0.375969 -0.910303 -0.173192 -0.375969 -0.910303 -0.173192 -0.375969 -0.910303 -0.173192 -0.375969 -0.910303 -0.173192 -0.375969 -0.910303 -0.173192 -0.375969 -0.910303 -0.173192 -0.924271 0.381738 0 -0.924271 0.381738 0 -0.924271 0.381738 0 -0.924271 0.381738 0 -0.924271 0.381738 0 -0.924271 0.381737 0 -0.380224 -0.920605 0.088971 -0.380224 -0.920605 0.088971 -0.380224 -0.920605 0.088971 -0.380224 -0.920605 0.088971 -0.380224 -0.920605 0.088971 -0.380224 -0.920605 0.088971 -0.924271 0.381738 0 -0.924271 0.381738 0 -0.924271 0.381738 0 -0.924271 0.381738 0 -0.924271 0.381737 0 -0.924271 0.381738 0 0.378765 0.917074 -0.12455 0.378765 0.917074 -0.12455 0.378765 0.917074 -0.12455 0.378765 0.917074 -0.12455 0.378765 0.917074 -0.12455 0.378765 0.917074 -0.12455 0.924271 -0.381737 0 0.924271 -0.381737 0 0.924271 -0.381737 0 0.924271 -0.381737 0 0.924271 -0.381737 0 0.924271 -0.381737 0 0.924271 -0.381737 0 0.924271 -0.381737 0 0.924271 -0.381737 0 0.924271 -0.381737 0 0.924271 -0.381737 0 0.924271 -0.381737 0 -0.924271 0.381737 0 -0.924271 0.381738 0 -0.924271 0.381738 0 -0.924271 0.381737 0.000000 -0.924271 0.381737 0.000000 -0.924271 0.381737 0.000000 0.065745 0.159183 -0.985058 0.065745 0.159183 -0.985058 0.065745 0.159183 -0.985058 0.065745 0.159183 -0.985058 0.065745 0.159183 -0.985058 0.065745 0.159183 -0.985057 -0.056862 -0.137677 0.988844 -0.056862 -0.137677 0.988844 -0.056862 -0.137677 0.988844 -0.056862 -0.137677 0.988844 -0.056862 -0.137677 0.988844 -0.056862 -0.137677 0.988844</float_array>
          <technique_common>
            <accessor source="#bucket-mesh-normals-array" count="190" stride="3">
              <param name="X" type="float"/>
              <param name="Y" type="float"/>
              <param name="Z" type="float"/>
            </accessor>
          </technique_common>
        </source>
        <source id="bucket-mesh-map-channel1">
          <float_array id="bucket-mesh-map-channel1-array" count="222">0.997702 0.27239 0.99912 0.921371 0.456669 0.999122 0.873768 0.409065 0.999501 0.93038 0.27239 0.999499 0.737093 0.533 0.999122 0.737093 0.465678 0.999501 0.552815 0.456669 0.999122 0.600419 0.409065 0.999501 0.476484 0.27239 0.99912 0.543806 0.27239 0.999499 0.552815 0.088112 0.99912 0.600419 0.135716 0.999499 0.737093 0.011781 0.99912 0.737093 0.079103 0.999499 0.921371 0.088112 0.99912 0.873768 0.135716 0.999499 0.737093 0.27239 0.000499 0.216631 0.073209 0.000000 0.37347 0.073209 0.798211 0.321191 0.073209 0.798211 0.42575 0.073209 0.798211 0.059792 0.073209 0.798211 0.112072 0.073209 0.798211 0.164352 0.073209 0.798211 0.216631 0.073209 0.798212 0.268911 0.073209 0.798211 0.37347 0.375234 0.999001 0.321191 0.375234 0.999001 0.42575 0.375234 0.999001 0.059792 0.375234 0.999001 0.112072 0.375234 0.999001 0.164352 0.375234 0.999001 0.216631 0.375234 0.999001 0.268911 0.375234 0.999001 0.007512 0.073209 0.798211 0.007512 0.073209 0.798211 0.007512 0.375234 0.999001 0.007512 0.073209 0.798211 0.045078 0.51041 0 0.204835 0.51041 0 0.045078 0.670167 0 0.204835 0.670167 0 0.045078 0.51041 0 0.204835 0.51041 0 0.045078 0.670167 0 0.204835 0.670167 0 0.045078 0.51041 0 0.204835 0.51041 0 0.045078 0.670167 0 0.204835 0.670167 0 0.204835 0.51041 0 0.045078 0.51041 0 0.204835 0.670167 0 0.045078 0.670167 0 0.204835 0.51041 0 0.204835 0.670167 0 0.204835 0.51041 0 0.204835 0.670167 0 0.045078 0.51041 0 0.045078 0.670167 0 0.045078 0.51041 0 0.045078 0.670167 0 0.204835 0.51041 0 0.204835 0.670167 0 0.204835 0.670167 0 0.204835 0.51041 0 0.045078 0.51041 0 0.045078 0.670167 0 0.045078 0.51041 0 0.045078 0.670167 0 0.124957 0.590288 0 0.124957 0.590288 0 0.124957 0.590288 0 0.124957 0.590288 0</float_array>
          <technique_common>
            <accessor source="#bucket-mesh-map-channel1-array" count="74" stride="3">
              <param name="S" type="float"/>
              <param name="T" type="float"/>
              <param name="P" type="float"/>
            </accessor>
          </technique_common>
        </source>
        <vertices id="bucket-mesh-vertices">
          <input semantic="POSITION" source="#bucket-mesh-positions"/>
        </vertices>
        <triangles material="cleaner" count="100">
          <input semantic="VERTEX" source="#bucket-mesh-vertices" offset="0"/>
          <input semantic="NORMAL" source="#bucket-mesh-normals" offset="1"/>
          <input semantic="TEXCOORD" source="#bucket-mesh-map-channel1" offset="2" set="1"/>
          <p>0 0 17 2 1 18 1 2 19 0 0 17 3 3 20 2 1 18 0 0 17 4 4 21 3 3 34 0 0 17 5 5 22 4 4 21 0 0 17 6 6 23 5 5 22 0 0 17 7 7 24 6 6 23 0 0 17 8 8 25 7 7 24 0 0 17 1 2 19 8 8 25 1 9 19 10 10 26 9 11 27 1 9 19 2 12 18 10 10 26 2 12 18 11 13 28 10 10 26 2 12 18 3 14 20 11 13 28 3 14 35 12 15 29 11 13 36 3 14 37 4 16 21 12 15 29 4 16 21 13 17 30 12 15 29 4 16 21 5 18 22 13 17 30 5 18 22 14 19 31 13 17 30 5 18 22 6 20 23 14 19 31 6 20 23 15 21 32 14 19 31 6 20 23 7 22 24 15 21 32 7 22 24 16 23 33 15 21 32 7 22 24 8 24 25 16 23 33 8 24 25 9 11 27 16 23 33 8 24 25 1 9 19 9 11 27 9 25 0 10 26 1 19 27 2 19 27 2 18 28 3 9 25 0 10 26 1 11 29 4 20 30 5 20 30 5 19 27 2 10 26 1 11 29 4 12 31 6 21 32 7 21 32 7 20 30 5 11 29 4 12 31 6 13 33 8 22 34 9 22 34 9 21 32 7 12 31 6 13 33 8 14 35 10 23 36 11 23 36 11 22 34 9 13 33 8 14 35 10 15 37 12 24 38 13 24 38 13 23 36 11 14 35 10 15 37 12 16 39 14 25 40 15 25 40 15 24 38 13 15 37 12 16 39 14 9 25 0 18 28 3 18 28 3 25 40 15 16 39 14 18 28 3 19 27 2 17 41 16 19 27 2 20 30 5 17 41 16 20 30 5 21 32 7 17 41 16 21 32 7 22 34 9 17 41 16 22 34 9 23 36 11 17 41 16 23 36 11 24 38 13 17 41 16 24 38 13 25 40 15 17 41 16 25 40 15 18 28 3 17 41 16 26 42 47 28 43 49 51 44 48 51 44 48 50 45 46 26 42 47 30 46 46 52 47 47 53 48 49 53 48 49 32 49 48 30 46 46 26 50 42 50 51 43 52 52 45 52 52 45 30 53 44 26 50 42 51 54 42 28 55 43 32 56 45 32 56 45 53 57 44 51 54 42 45 58 67 43 59 66 47 60 68 47 61 68 49 62 69 45 63 67 42 64 62 44 65 63 48 66 64 48 67 64 46 68 65 42 69 62 31 70 40 27 71 38 35 72 58 35 73 58 37 74 59 31 75 40 26 76 39 30 77 41 36 78 55 36 79 55 34 80 54 26 81 39 29 82 51 33 83 53 41 84 61 41 85 61 39 86 60 29 87 51 32 88 52 28 89 50 38 90 56 38 91 56 40 92 57 32 93 52 28 94 50 26 95 39 34 96 54 34 97 54 38 98 56 28 99 50 27 100 38 29 101 51 39 102 60 39 103 60 35 104 58 27 105 38 33 106 53 31 107 40 37 108 59 37 109 59 41 110 61 33 111 53 30 112 41 32 113 52 40 114 57 40 115 57 36 116 55 30 117 41 37 118 59 35 119 58 43 120 66 43 121 66 45 122 67 37 123 59 35 124 58 39 125 60 47 126 68 47 127 68 43 128 66 35 129 58 39 130 60 41 131 61 49 132 69 49 133 69 47 134 68 39 135 60 41 136 61 37 137 59 45 138 67 45 139 67 49 140 69 41 141 61 34 142 54 36 143 55 44 144 63 44 145 63 42 146 62 34 147 54 36 148 55 40 149 57 48 150 64 48 151 64 44 152 63 36 153 55 40 154 57 38 155 56 46 156 65 46 157 65 48 158 64 40 159 57 38 160 56 34 161 54 42 162 62 42 163 62 46 164 65 38 165 56 27 166 46 50 167 70 29 168 48 51 169 71 29 170 48 50 171 70 52 172 72 31 173 47 53 174 73 33 175 49 53 176 73 31 177 47 50 178 70 27 179 46 52 180 72 31 181 47 52 182 72 27 183 46 29 184 48 51 185 71 33 186 49 53 187 73 33 188 49 51 189 71</p>
        </triangles>
      </mesh>
    </geometry>
    <geometry id="brush-mesh" name="brush">
      <mesh>
        <source id="brush-mesh-positions">
          <float_array id="brush-mesh-positions-array" count="72">-364.305 -598.698 0 364.305 -598.698 0 -364.305 598.698 0 364.305 598.698 0 -384.405 -618.798 281.272 384.405 -618.798 281.272 -384.405 618.798 281.272 384.405 618.798 281.272 -417.905 -652.298 -361.852 417.905 -652.298 -361.852 -417.905 652.298 -361.852 417.905 652.298 -361.852 -417.905 -237.789 -444.937 417.905 -237.789 -444.937 384.405 -202.469 252.742 -384.405 -202.469 252.742 364.305 -202.469 -28.5303 -364.305 -202.469 -28.5303 417.905 220.014 -444.937 -417.905 218.688 -444.937 384.405 171.169 252.742 364.305 171.137 -28.5303 -384.405 169.949 252.742 -364.305 169.98 -28.5303</float_array>
          <technique_common>
            <accessor source="#brush-mesh-positions-array" count="24" stride="3">
              <param name="X" type="float"/>
              <param name="Y" type="float"/>
              <param name="Z" type="float"/>
            </accessor>
          </technique_common>
        </source>
        <source id="brush-mesh-normals">
          <float_array id="brush-mesh-normals-array" count="264">-0.000206 0.188573 -0.982059 -0.00015 0.094894 -0.995487 -0.000046 0.094509 -0.995524 0 0.034203 0.999415 0 0.034203 0.999415 0 0.068367 0.99766 0 -0.997456 -0.071279 0 -0.997456 -0.071279 0 -0.997456 -0.071279 0 -0.997456 -0.071279 0.99743 0.004689 -0.07149 0.997454 0.002316 -0.071279 0.99745 0.002263 -0.071339 0 0.997456 -0.071279 0 0.997456 -0.071279 0 0.997456 -0.071279 0 0.997456 -0.071279 -0.997428 -0.005049 -0.071498 -0.997453 -0.002494 -0.071279 -0.997449 -0.002436 -0.071347 -0.991874 0.009137 0.126899 -0.991874 0.009137 0.126899 -0.991874 0.009137 0.126899 0 0.989207 0.146528 0 0.989207 0.146528 0 0.989206 0.146528 0 0.989207 0.146528 0 0.989206 0.146528 0 0.989207 0.146528 0.991907 -0.008453 0.126686 0.991907 -0.008453 0.126686 0.991907 -0.008453 0.126686 0 -0.989207 0.146528 0 -0.989207 0.146528 0 -0.989206 0.146528 0 -0.989207 0.146528 0 -0.989206 0.146528 0 -0.989207 0.146528 0 -0.098749 -0.995112 0 -0.098749 -0.995112 0 -0.196533 -0.980497 0 -0.196533 -0.980497 0 0.068367 0.99766 0.000016 -0.031822 0.999494 0.000066 -0.063492 0.997982 0.00005 -0.031701 0.999497 0.997453 -0.002506 -0.071279 0.997448 -0.002576 -0.071348 0.997428 -0.004992 -0.071496 0.997419 -0.004908 -0.071627 -0.997417 -0.005158 -0.071645 -0.997454 0.00232 -0.071278 -0.997449 0.002382 -0.071339 -0.997431 0.004618 -0.071488 -0.991817 0 0.127667 -0.991817 0 0.127667 -0.991817 0 0.127667 -0.989408 0.028529 0.142332 -0.989408 0.028529 0.142332 -0.989408 0.028529 0.142332 0.991771 0.02516 0.125527 0.991771 0.02516 0.125527 0.991771 0.02516 0.125527 0.989376 0.010441 0.145006 0.989376 0.010441 0.145006 0.989376 0.010441 0.145006 0.991817 0 0.127667 0.991817 0 0.127667 0.991817 0 0.127667 0.991817 0 0.127667 0.991817 0 0.127667 0.991817 0 0.127667 0 0.188189 -0.982133 0 -0.063607 0.997975 0.997421 0.004778 -0.071618 -0.997423 0.004551 -0.071602 -0.991817 0 0.127667 -0.991817 0 0.127667 -0.991817 0 0.127667 -0.991884 -0.023927 0.124877 -0.991884 -0.023927 0.124877 -0.991884 -0.023927 0.124877 -0.989367 -0.009657 0.145121 -0.989367 -0.009657 0.145121 -0.989367 -0.009657 0.145121 0.989416 -0.027388 0.142502 0.989416 -0.027388 0.142502 0.989415 -0.027388 0.142502</float_array>
          <technique_common>
            <accessor source="#brush-mesh-normals-array" count="88" stride="3">
              <param name="X" type="float"/>
              <param name="Y" type="float"/>
              <param name="Z" type="float"/>
            </accessor>
          </technique_common>
        </source>
        <source id="brush-mesh-map-channel1">
          <float_array id="brush-mesh-map-channel1-array" count="180">0.714844 0.648438 -0.065895 0.304688 0.648438 -0.065895 0.304688 0.742188 -0.097118 0.714844 0.742188 -0.097117 0.304688 0.648438 1.0659 0.714844 0.648438 1.0659 0.714844 0.742188 1.09712 0.304688 0.742188 1.09712 0.304688 0.558594 1.14916 0.714844 0.558594 1.14916 0.714844 0.558594 -0.149155 0.304688 0.558594 -0.149156 0.195313 0.980469 0.958456 0.195313 0.757813 0.958456 0.289063 0.757813 0.973848 0.289063 0.980469 0.973848 0.195313 0.757813 0.041544 0.195313 0.980469 0.041544 0.289063 0.980469 0.026152 0.289063 0.757813 0.026152 0.105469 0.757813 0.000499 0.105469 0.980469 0.000499 0.105469 0.980469 0.9995 0.105469 0.757813 0.9995 0.714844 0.757813 0 0.714844 0.980469 0 0.304688 0.757813 0 0.304688 0.980469 0 0.980469 0.582031 0 0.980469 0.96875 0 0.757813 0.96875 0 0.757813 0.582031 0 0.578125 0.558594 1.14916 0.980469 0.710938 0 0.757813 0.710938 0 0.578125 0.742188 -0.097117 0.578125 0.980469 0 0.578125 0.757813 0 0.578125 0.742188 1.09712 0.578125 0.648438 -0.065895 0.578125 0.648438 -0.081248 0.578125 0.648438 1.0659 0.578125 0.648438 1.08125 0.578125 0.558594 1.10574 0.578125 0.558594 -0.105742 0.757813 0.851563 0 0.4375 0.558594 -0.149155 0.4375 0.742188 -0.097118 0.4375 0.980469 0 0.4375 0.648438 -0.086074 0.4375 0.648438 -0.065895 0.4375 0.558594 -0.093215 0.980469 0.851563 0 0.4375 0.558594 1.11818 0.4375 0.757813 0 0.4375 0.742188 1.09712 0.4375 0.742188 1.08737 0.4375 0.648438 1.07645 0.4375 0.648438 1.0659 0.4375 0.558594 1.08976</float_array>
          <technique_common>
            <accessor source="#brush-mesh-map-channel1-array" count="60" stride="3">
              <param name="S" type="float"/>
              <param name="T" type="float"/>
              <param name="P" type="float"/>
            </accessor>
          </technique_common>
        </source>
        <vertices id="brush-mesh-vertices">
          <input semantic="POSITION" source="#brush-mesh-positions"/>
        </vertices>
        <triangles material="cleaner" count="44">
          <input semantic="VERTEX" source="#brush-mesh-vertices" offset="0"/>
          <input semantic="NORMAL" source="#brush-mesh-normals" offset="1"/>
          <input semantic="TEXCOORD" source="#brush-mesh-map-channel1" offset="2" set="1"/>
          <p>11 0 30 18 1 45 19 2 52 14 3 36 15 4 37 4 5 24 0 6 12 1 7 13 5 8 14 5 8 14 4 9 15 0 6 12 7 10 2 20 11 47 21 12 49 3 13 16 2 14 17 6 15 18 6 15 18 7 16 19 3 13 16 4 17 6 15 18 38 17 19 42 0 20 5 17 21 41 12 22 43 2 23 17 3 24 16 11 25 20 11 26 20 10 27 21 2 28 17 3 29 1 21 30 50 18 31 51 1 32 13 0 33 12 8 34 22 8 35 22 9 36 23 1 37 13 12 38 33 13 39 34 8 40 28 13 39 34 9 41 31 8 40 28 4 5 24 5 42 25 14 3 36 20 43 48 6 44 26 22 45 54 16 46 40 14 47 35 1 48 0 14 47 35 5 49 3 1 48 0 17 19 41 0 50 5 4 17 6 23 51 57 22 52 56 2 53 4 17 54 41 23 55 58 19 56 59 12 57 32 8 58 9 0 59 5 13 60 44 16 61 39 9 62 10 16 63 39 1 64 0 9 65 10 19 2 52 18 1 45 12 38 33 18 1 45 13 39 34 12 38 33 21 12 49 20 11 47 16 46 40 20 11 47 14 47 35 16 46 40 18 66 51 21 67 50 13 68 44 21 69 50 16 70 39 13 71 44 19 2 52 10 72 29 11 0 30 14 3 36 20 43 48 22 45 54 14 3 36 22 45 54 15 4 37 7 73 27 6 44 26 20 43 48 21 12 50 3 74 1 7 10 2 23 51 57 15 18 38 22 52 56 17 19 42 15 18 38 23 51 57 22 52 55 6 75 7 2 53 4 12 76 43 17 77 41 19 78 53 19 79 59 23 80 58 10 81 8 23 82 58 2 83 4 10 84 8 18 85 46 11 86 11 3 87 1</p>
        </triangles>
      </mesh>
    </geometry>
    <geometry id="hair13-mesh" name="hair13">
      <mesh>
        <source id="hair13-mesh-positions">
          <float_array id="hair13-mesh-positions-array" count="75">3.70086 -397.246 7230.27 -1187.01 -98.9047 6924.57 3.70024 -1434.79 6960.73 3.70149 849.826 6924.57 -872.317 1644.51 6145.7 -1884.39 353.934 6145.7 -1456.77 -1180.4 6012.92 -1015.01 1698.75 4598.24 -2010.3 436.589 4979.16 -1125.98 -971.482 5204.37 3.7 -1890.19 6183.9 -1279.72 292.119 4103.29 -1165.29 -459.522 4274.91 -478.613 911.888 3847.78 879.72 1644.51 6145.7 1022.42 1698.75 4598.24 486.015 911.888 3847.78 1194.42 -98.9058 6924.57 1891.8 353.932 6145.7 1464.17 -1180.4 6012.92 2017.7 436.587 4979.16 1140.38 -971.482 5204.37 1294.12 292.118 4103.29 1179.69 -459.523 4274.91 7.20029 -1533.67 5380.01</float_array>
          <technique_common>
            <accessor source="#hair13-mesh-positions-array" count="25" stride="3">
              <param name="X" type="float"/>
              <param name="Y" type="float"/>
              <param name="Z" type="float"/>
            </accessor>
          </technique_common>
        </source>
        <source id="hair13-mesh-normals">
          <float_array id="hair13-mesh-normals-array" count="75">-0.540641 -0.005539 0.841235 -0.000000 -0.627587 0.778547 0.000000 -0.041699 0.99913 -0.383857 0.816181 0.431859 0.000000 0.455794 0.890085 -0.89428 0.179989 0.409716 -0.727453 -0.674222 0.127423 -0.438542 0.817209 -0.373966 -0.961756 0.107084 -0.252106 -0.626936 -0.677197 -0.38517 -0.720414 0.108211 -0.685051 -0.802437 -0.439147 -0.404036 -0.232951 0.583318 -0.778122 0.000246 -0.997065 0.076558 0.383858 0.816181 0.431859 0.438133 0.817646 -0.373489 0.231463 0.584157 -0.777937 0.540641 -0.00554 0.841235 0.89428 0.179988 0.409717 0.726923 -0.674575 0.128579 0.962175 0.108192 -0.250027 0.629672 -0.677135 -0.380792 0.722298 0.110017 -0.682775 0.804828 -0.437212 -0.401368 0.00349 -0.914723 -0.404067</float_array>
          <technique_common>
            <accessor source="#hair13-mesh-normals-array" count="25" stride="3">
              <param name="X" type="float"/>
              <param name="Y" type="float"/>
              <param name="Z" type="float"/>
            </accessor>
          </technique_common>
        </source>
        <source id="hair13-mesh-map-channel1">
          <float_array id="hair13-mesh-map-channel1-array" count="126">0.5026 0.6562 0.2133 0.3306 0.65 0.1254 0.5063 0.6667 0.0893 0.1035 0.6075 0.1318 -0.0192 0.65 0.0296 0.2652 0.6075 0.1862 0.4083 0.6075 0.2485 0.2576 0.5437 0.2094 0.1043 0.5229 0.1532 0.3956 0.5565 0.2179 0.5021 0.6075 0.2749 0.5026 0.5687 0.2406 0.2708 0.48 0.1529 0.3578 0.4919 0.1768 0.1247 0.4623 0.0776 0.5019 0.6622 0.3045 0.4237 0.585 0.2083 0.4343 0.5628 0.2323 -0.1101 0.6075 0.1362 -0.1099 0.5229 0.1576 -0.1344 0.4623 0.0827 0.6735 0.65 0.1317 0.9808 0.65 0.0296 0.8899 0.6075 0.1362 0.7353 0.6075 0.1933 0.5954 0.6075 0.2524 0.8901 0.5229 0.1576 0.7427 0.5437 0.2165 0.6089 0.5565 0.2229 0.8656 0.4623 0.0827 0.7302 0.48 0.1607 0.6465 0.4919 0.183 0.5811 0.585 0.2116 0.5701 0.5628 0.2352 0.0703 0.9141 0.7698 0.0898 0.9961 0.7593 0.25 0.9414 0.9995 0.4102 0.9961 0.7593 0.4297 0.9141 0.7698 0.4083 0.6075 0.2485 0.5019 0.6622 0.3045 0.5954 0.6075 0.2524</float_array>
          <technique_common>
            <accessor source="#hair13-mesh-map-channel1-array" count="42" stride="3">
              <param name="S" type="float"/>
              <param name="T" type="float"/>
              <param name="P" type="float"/>
            </accessor>
          </technique_common>
        </source>
        <vertices id="hair13-mesh-vertices">
          <input semantic="POSITION" source="#hair13-mesh-positions"/>
        </vertices>
        <triangles material="hair" count="39">
          <input semantic="VERTEX" source="#hair13-mesh-vertices" offset="0"/>
          <input semantic="NORMAL" source="#hair13-mesh-normals" offset="1"/>
          <input semantic="TEXCOORD" source="#hair13-mesh-map-channel1" offset="2" set="1"/>
          <p>1 0 1 2 1 0 0 2 2 4 3 3 1 0 1 3 4 4 5 5 5 1 0 1 4 3 3 5 5 5 6 6 6 1 0 1 7 7 8 8 8 7 4 3 3 8 8 7 5 5 5 4 3 3 8 8 7 6 6 6 5 5 5 9 9 9 6 6 6 8 8 7 11 10 12 8 8 7 7 7 8 12 11 13 9 9 9 8 8 7 3 4 4 1 0 1 0 2 2 6 6 6 2 1 0 1 0 1 7 7 8 13 12 14 11 10 12 8 8 7 11 10 12 12 11 13 6 6 6 10 13 15 2 1 0 14 14 18 4 3 3 3 4 4 15 15 19 7 7 8 14 14 18 14 14 18 7 7 8 4 3 3 16 16 20 13 12 14 15 15 19 15 15 19 13 12 14 7 7 8 17 17 21 0 2 2 2 1 0 14 14 23 3 4 22 17 17 21 18 18 24 14 14 23 17 17 21 18 18 24 17 17 21 19 19 25 15 15 26 14 14 23 20 20 27 20 20 27 14 14 23 18 18 24 20 20 27 18 18 24 19 19 25 21 21 28 20 20 27 19 19 25 16 16 29 15 15 26 22 22 30 23 23 31 20 20 27 21 21 28 3 4 22 0 2 2 17 17 21 19 19 25 17 17 21 2 1 0 20 20 27 22 22 30 15 15 26 20 20 27 23 23 31 22 22 30 19 19 25 2 1 0 10 13 15 9 9 39 24 24 40 10 13 15 10 13 15 6 6 6 9 9 39 24 24 40 21 21 41 19 19 25 19 19 25 10 13 15 24 24 40</p>
        </triangles>
      </mesh>
    </geometry>
    <geometry id="hair14-mesh" name="hair14">
      <mesh>
        <source id="hair14-mesh-positions">
          <float_array id="hair14-mesh-positions-array" count="75">3.7009 -281.218 7340.85 -495.666 -46.4699 6551.26 3.70041 -1097.6 7128.76 3.7014 700.033 7167.59 -685.588 1325.32 5938.41 -1307.87 309.844 5938.41 -883.505 -1024.16 5938.41 -797.868 1368.01 4720.8 -1581.01 374.88 5020.52 -1125.98 -971.482 5204.37 3.70019 -2190.11 6832.49 -1279.72 292.119 4103.29 -1165.29 -459.522 4274.91 -478.613 911.888 3847.78 692.991 1325.32 5938.41 805.271 1368 4720.8 486.015 911.888 3847.78 503.068 -46.4708 6551.26 1315.27 309.842 5938.41 890.906 -1024.16 5938.41 1588.41 374.879 5020.52 1140.38 -971.482 5204.37 1294.12 292.118 4103.29 1179.69 -459.523 4274.91 7.20029 -1533.67 5380.01</float_array>
          <technique_common>
            <accessor source="#hair14-mesh-positions-array" count="25" stride="3">
              <param name="X" type="float"/>
              <param name="Y" type="float"/>
              <param name="Z" type="float"/>
            </accessor>
          </technique_common>
        </source>
        <source id="hair14-mesh-normals">
          <float_array id="hair14-mesh-normals-array" count="75">-0.764593 0.013927 0.644363 -0.000000 -0.209816 0.977741 0 -0.064338 0.997928 -0.460103 0.800802 0.383433 0.000000 0.429358 0.903134 -0.830557 0.108145 0.546333 -0.854812 -0.29765 0.425089 -0.437269 0.872056 -0.219803 -0.986369 0.164298 -0.009052 -0.890388 -0.45009 0.06803 -0.886263 0.252755 -0.38814 -0.936752 -0.284297 -0.204133 -0.279167 0.805396 -0.52288 0.023002 -0.86642 0.498786 0.460104 0.800802 0.383433 0.436628 0.872546 -0.219133 0.277453 0.806142 -0.522643 0.764593 0.013926 0.644363 0.830557 0.108144 0.546334 0.808746 -0.494814 0.317945 0.9861 0.16605 -0.005883 0.857225 -0.495299 0.140872 0.887653 0.254875 -0.38355 0.938621 -0.281081 -0.199961 0.126995 -0.936101 -0.328003</float_array>
          <technique_common>
            <accessor source="#hair14-mesh-normals-array" count="25" stride="3">
              <param name="X" type="float"/>
              <param name="Y" type="float"/>
              <param name="Z" type="float"/>
            </accessor>
          </technique_common>
        </source>
        <source id="hair14-mesh-map-channel1">
          <float_array id="hair14-mesh-map-channel1-array" count="126">0.5026 0.6562 0.2133 0.3306 0.65 0.1254 0.5063 0.6667 0.0893 0.1035 0.6075 0.1318 -0.0192 0.65 0.0296 0.2652 0.6075 0.1862 0.4083 0.6075 0.2485 0.2576 0.5437 0.2094 0.1043 0.5229 0.1532 0.3956 0.5565 0.2179 0.5021 0.6075 0.2749 0.5026 0.5687 0.2406 0.2708 0.48 0.1529 0.3578 0.4919 0.1768 0.1247 0.4623 0.0776 0.5019 0.6622 0.3045 0.4237 0.585 0.2083 0.4343 0.5628 0.2323 -0.1101 0.6075 0.1362 -0.1099 0.5229 0.1576 -0.1344 0.4623 0.0827 0.6735 0.65 0.1317 0.9808 0.65 0.0296 0.8899 0.6075 0.1362 0.7353 0.6075 0.1933 0.5954 0.6075 0.2524 0.8901 0.5229 0.1576 0.7427 0.5437 0.2165 0.6089 0.5565 0.2229 0.8656 0.4623 0.0827 0.7302 0.48 0.1607 0.6465 0.4919 0.183 0.5811 0.585 0.2116 0.5701 0.5628 0.2352 0.0703 0.9141 0.7698 0.0898 0.9961 0.7593 0.25 0.9414 0.9995 0.4102 0.9961 0.7593 0.4297 0.9141 0.7698 0.4083 0.6075 0.2485 0.5019 0.6622 0.3045 0.5954 0.6075 0.2524</float_array>
          <technique_common>
            <accessor source="#hair14-mesh-map-channel1-array" count="42" stride="3">
              <param name="S" type="float"/>
              <param name="T" type="float"/>
              <param name="P" type="float"/>
            </accessor>
          </technique_common>
        </source>
        <vertices id="hair14-mesh-vertices">
          <input semantic="POSITION" source="#hair14-mesh-positions"/>
        </vertices>
        <triangles material="hair" count="39">
          <input semantic="VERTEX" source="#hair14-mesh-vertices" offset="0"/>
          <input semantic="NORMAL" source="#hair14-mesh-normals" offset="1"/>
          <input semantic="TEXCOORD" source="#hair14-mesh-map-channel1" offset="2" set="1"/>
          <p>1 0 1 2 1 0 0 2 2 4 3 3 1 0 1 3 4 4 5 5 5 1 0 1 4 3 3 5 5 5 6 6 6 1 0 1 7 7 8 8 8 7 4 3 3 8 8 7 5 5 5 4 3 3 8 8 7 6 6 6 5 5 5 9 9 9 6 6 6 8 8 7 11 10 12 8 8 7 7 7 8 12 11 13 9 9 9 8 8 7 3 4 4 1 0 1 0 2 2 6 6 6 2 1 0 1 0 1 7 7 8 13 12 14 11 10 12 8 8 7 11 10 12 12 11 13 6 6 6 10 13 15 2 1 0 14 14 18 4 3 3 3 4 4 15 15 19 7 7 8 14 14 18 14 14 18 7 7 8 4 3 3 16 16 20 13 12 14 15 15 19 15 15 19 13 12 14 7 7 8 17 17 21 0 2 2 2 1 0 14 14 23 3 4 22 17 17 21 18 18 24 14 14 23 17 17 21 18 18 24 17 17 21 19 19 25 15 15 26 14 14 23 20 20 27 20 20 27 14 14 23 18 18 24 20 20 27 18 18 24 19 19 25 21 21 28 20 20 27 19 19 25 16 16 29 15 15 26 22 22 30 23 23 31 20 20 27 21 21 28 3 4 22 0 2 2 17 17 21 19 19 25 17 17 21 2 1 0 20 20 27 22 22 30 15 15 26 20 20 27 23 23 31 22 22 30 19 19 25 2 1 0 10 13 15 9 9 39 24 24 40 10 13 15 10 13 15 6 6 6 9 9 39 24 24 40 21 21 41 19 19 25 19 19 25 10 13 15 24 24 40</p>
        </triangles>
      </mesh>
    </geometry>
    <geometry id="hair17-mesh" name="hair17">
      <mesh>
        <source id="hair17-mesh-positions">
          <float_array id="hair17-mesh-positions-array" count="111">3.6987 -265.368 6792.48 -948.78 -27.1661 6546.59 -115.138 -1385.29 6527.06 3.6992 710.799 6552.43 -685.59 1325.32 5938.4 -1523.94 309.844 5938.4 -1162.25 -1102.36 5689.71 -797.87 1462.37 4720.8 -1735.15 374.88 5020.52 -1125.98 -971.481 5204.37 7.1987 -1533.67 5380.01 -239.815 -1726.7 5938.4 -1279.72 292.119 4103.29 -1165.29 -459.522 4274.91 -478.615 911.888 3847.78 692.989 1325.32 5938.4 805.269 1462.37 4720.8 486.013 911.888 3847.78 859.711 -34.8393 6540.69 1531.34 309.842 5938.4 1032.07 -1089.36 5826.43 1742.55 374.879 5020.52 1140.37 -971.482 5204.37 1294.12 292.118 4103.29 1179.69 -459.523 4274.91 -323.324 1772.44 6963.3 1.73215 2529.52 6174.23 -1050.17 2114.6 6023.21 852.742 1903.13 6604.22 852.741 2326.07 5442.2 -323.324 2456.77 5083.12 -849.277 1231.78 6359.87 -849.278 1654.72 5197.85 326.788 1101.09 6718.95 1053.64 1443.25 5778.86 326.789 1785.42 4838.77 1.73185 1050.22 5635.81</float_array>
          <technique_common>
            <accessor source="#hair17-mesh-positions-array" count="37" stride="3">
              <param name="X" type="float"/>
              <param name="Y" type="float"/>
              <param name="Z" type="float"/>
            </accessor>
          </technique_common>
        </source>
        <source id="hair17-mesh-normals">
          <float_array id="hair17-mesh-normals-array" count="111">-0.541 0.018483 0.84082 -0.023882 -0.628776 0.77722 0.030702 -0.032873 0.998988 -0.367782 0.80488 0.46573 0.011978 0.456687 0.889547 -0.862668 0.177663 0.473539 -0.749292 -0.643592 0.156048 -0.416551 0.880691 -0.225539 -0.980676 0.170169 -0.096529 -0.76473 -0.604136 -0.22407 0.107211 -0.960845 -0.255505 -0.137005 -0.984138 0.112703 -0.836896 0.236809 -0.493484 -0.890978 -0.349521 -0.289816 -0.281975 0.76167 -0.583394 0.370628 0.799788 0.472202 0.415983 0.881109 -0.224956 0.280226 0.762435 -0.583237 0.515166 -0.000043 0.85709 0.85799 0.148237 0.491812 0.690573 -0.654198 0.308438 0.983532 0.160261 -0.083549 0.812119 -0.582329 -0.036818 0.838534 0.238822 -0.48972 0.893213 -0.346796 -0.286188 0 0.939693 0.34202 -0.878912 0.448218 0.163138 -0.271599 0.162326 0.948623 0.711055 0.271526 0.648594 0.711055 0.62491 -0.322318 -0.271599 0.734111 -0.622346 -0.708462 -0.277677 -0.648827 -0.708462 -0.629771 0.318544 0.270608 -0.738575 0.617478 0.875707 -0.453724 -0.165142 0.270608 -0.168874 -0.947762 -0.000000 -0.939693 -0.34202</float_array>
          <technique_common>
            <accessor source="#hair17-mesh-normals-array" count="37" stride="3">
              <param name="X" type="float"/>
              <param name="Y" type="float"/>
              <param name="Z" type="float"/>
            </accessor>
          </technique_common>
        </source>
        <source id="hair17-mesh-map-channel1">
          <float_array id="hair17-mesh-map-channel1-array" count="171">0.4917 0.6415 0.2078 0.3485 0.6369 0.105 0.5063 0.652 0.0893 0.1035 0.6075 0.1318 -0.0192 0.6353 0.0296 0.2676 0.6075 0.1618 0.3998 0.5902 0.2332 0.2587 0.5437 0.1817 0.1043 0.5229 0.1532 0.3956 0.5565 0.2179 0.4844 0.6075 0.2652 0.5026 0.5687 0.2406 0.2708 0.48 0.1529 0.3578 0.4919 0.1768 0.1247 0.4623 0.0776 -0.1101 0.6075 0.1362 -0.1099 0.5229 0.1576 -0.1344 0.4623 0.0827 0.6474 0.64 0.1013 0.9808 0.6353 0.0296 0.8899 0.6075 0.1362 0.7332 0.6075 0.1688 0.5955 0.5997 0.2264 0.8901 0.5229 0.1576 0.7416 0.5437 0.1888 0.6089 0.5565 0.2229 0.8656 0.4623 0.0827 0.7302 0.48 0.1607 0.6465 0.4919 0.183 0.5811 0.585 0.2116 0.6535 0.5601 0.2229 0.7248 0.5601 0.1409 0.7039 0.6174 0.1911 0.8024 0.5955 0.1936 0.8024 0.5247 0.1936 0.7039 0.5029 0.1911 0.6866 0.5247 0.276 0.6866 0.5955 0.276 0.7564 0.6174 0.2546 0.8 0.5601 0.2675 0.7564 0.5029 0.2546 0.7382 0.5601 0.2992 0.3237 0.5601 0.2843 0.2618 0.5601 0.2992 0.2836 0.6174 0.2602 0.2116 0.5955 0.262 0.2116 0.5247 0.262 0.2836 0.5029 0.2602 0.3341 0.5247 0.2121 0.3341 0.5955 0.2121 0.2412 0.6174 0.1835 0.1826 0.5601 0.201 0.2412 0.5029 0.1835 0.2752 0.5601 0.1409 0.4102 0.9961 0.7593 0.4297 0.9141 0.7698 0.25 0.9414 0.9995</float_array>
          <technique_common>
            <accessor source="#hair17-mesh-map-channel1-array" count="57" stride="3">
              <param name="S" type="float"/>
              <param name="T" type="float"/>
              <param name="P" type="float"/>
            </accessor>
          </technique_common>
        </source>
        <vertices id="hair17-mesh-vertices">
          <input semantic="POSITION" source="#hair17-mesh-positions"/>
        </vertices>
        <triangles material="hair" count="59">
          <input semantic="VERTEX" source="#hair17-mesh-vertices" offset="0"/>
          <input semantic="NORMAL" source="#hair17-mesh-normals" offset="1"/>
          <input semantic="TEXCOORD" source="#hair17-mesh-map-channel1" offset="2" set="1"/>
          <p>1 0 1 2 1 0 0 2 2 4 3 3 1 0 1 3 4 4 5 5 5 1 0 1 4 3 3 5 5 5 6 6 6 1 0 1 7 7 8 8 8 7 4 3 3 8 8 7 5 5 5 4 3 3 8 8 7 6 6 6 5 5 5 9 9 9 6 6 6 8 8 7 10 10 11 11 11 10 6 6 6 12 12 12 8 8 7 7 7 8 13 13 13 9 9 9 8 8 7 3 4 4 1 0 1 0 2 2 6 6 6 2 1 0 1 0 1 7 7 8 14 14 14 12 12 12 8 8 7 12 12 12 13 13 13 11 11 10 2 1 0 6 6 6 6 6 6 9 9 9 10 10 11 15 15 15 4 3 3 3 4 4 16 16 16 7 7 8 15 15 15 15 15 15 7 7 8 4 3 3 17 17 17 14 14 14 16 16 16 16 16 16 14 14 14 7 7 8 18 18 18 0 2 2 2 1 0 15 15 20 3 4 19 18 18 18 19 19 21 15 15 20 18 18 18 19 19 21 18 18 18 20 20 22 16 16 23 15 15 20 21 21 24 21 21 24 15 15 20 19 19 21 21 21 24 19 19 21 20 20 22 22 22 25 21 21 24 20 20 22 10 10 11 20 20 22 11 11 10 17 17 26 16 16 23 23 23 27 24 24 28 21 21 24 22 22 25 3 4 19 0 2 2 18 18 18 20 20 22 18 18 18 2 1 0 21 21 24 23 23 27 16 16 23 21 21 24 24 24 28 23 23 27 11 11 10 20 20 22 2 1 0 20 20 22 10 10 11 22 22 29 26 25 43 27 26 42 25 27 44 26 25 43 25 27 44 28 28 45 26 25 43 28 28 45 29 29 46 26 25 43 29 29 46 30 30 47 26 25 43 30 30 47 27 26 42 27 26 42 32 31 48 31 32 49 25 27 44 31 32 49 33 33 50 28 28 45 33 33 50 34 34 51 29 29 46 34 34 51 35 35 52 30 30 47 35 35 52 32 31 48 31 32 49 25 27 44 27 26 42 33 33 50 28 28 45 25 27 44 34 34 51 29 29 46 28 28 45 35 35 52 30 30 47 29 29 46 32 31 48 27 26 42 30 30 47 36 36 53 33 33 50 31 32 49 36 36 53 34 34 51 33 33 50 36 36 53 35 35 52 34 34 51 36 36 53 32 31 48 35 35 52 36 36 53 31 32 49 32 31 48</p>
        </triangles>
      </mesh>
    </geometry>
    <geometry id="hair15-mesh" name="hair15">
      <mesh>
        <source id="hair15-mesh-positions">
          <float_array id="hair15-mesh-positions-array" count="75">3.70091 -198.108 6678.84 -1259.53 121.468 6543.88 3.70025 -1178.64 6806.62 3.70158 1112.69 6369.1 -925.667 2059.51 6032.66 -1999.38 609.327 6408.45 -1545.71 -1180.08 6753.75 -797.868 1368.01 4720.8 -1581.01 374.88 5020.52 -1125.98 -971.482 5204.37 3.69998 -2144.26 6772.67 -1279.72 292.119 4103.29 -1165.29 -459.522 4274.91 -478.613 911.888 3847.78 933.071 2059.51 6032.66 805.271 1368 4720.8 486.015 911.888 3847.78 1266.93 121.467 6543.88 2006.78 609.326 6408.45 1553.11 -1180.08 6753.75 1588.41 374.879 5020.52 1140.38 -971.482 5204.37 1294.12 292.118 4103.29 1179.69 -459.523 4274.91 7.20029 -1533.67 5380.01</float_array>
          <technique_common>
            <accessor source="#hair15-mesh-positions-array" count="25" stride="3">
              <param name="X" type="float"/>
              <param name="Y" type="float"/>
              <param name="Z" type="float"/>
            </accessor>
          </technique_common>
        </source>
        <source id="hair15-mesh-normals">
          <float_array id="hair15-mesh-normals-array" count="75">-0.049328 0.202826 0.977972 0 0.056778 0.998387 0 0.171466 0.98519 -0.392198 0.869854 0.299224 0.000000 0.272924 0.962036 -0.843761 0.255784 0.47185 -0.696714 -0.445332 0.562378 -0.43427 0.770579 -0.466496 -0.944961 0.113273 -0.30695 -0.780758 -0.559313 -0.278543 -0.886263 0.252755 -0.38814 -0.936752 -0.284297 -0.204133 -0.279167 0.805396 -0.52288 0.020832 -0.892599 0.45037 0.392199 0.869854 0.299224 0.433792 0.771225 -0.465871 0.277453 0.806142 -0.522643 0.049328 0.202826 0.977972 0.843761 0.255783 0.47185 0.688604 -0.466266 0.555356 0.945689 0.115253 -0.303956 0.774675 -0.581414 -0.248668 0.887653 0.254875 -0.38355 0.938621 -0.281081 -0.199961 0.04929 -0.92925 -0.366148</float_array>
          <technique_common>
            <accessor source="#hair15-mesh-normals-array" count="25" stride="3">
              <param name="X" type="float"/>
              <param name="Y" type="float"/>
              <param name="Z" type="float"/>
            </accessor>
          </technique_common>
        </source>
        <source id="hair15-mesh-map-channel1">
          <float_array id="hair15-mesh-map-channel1-array" count="126">0.5026 0.6562 0.2133 0.3306 0.65 0.1254 0.5063 0.6667 0.0893 0.1035 0.6075 0.1318 -0.0192 0.65 0.0296 0.2652 0.6075 0.1862 0.4083 0.6075 0.2485 0.2576 0.5437 0.2094 0.1043 0.5229 0.1532 0.3956 0.5565 0.2179 0.5021 0.6075 0.2749 0.5026 0.5687 0.2406 0.2708 0.48 0.1529 0.3578 0.4919 0.1768 0.1247 0.4623 0.0776 0.5019 0.6622 0.3045 0.4237 0.585 0.2083 0.4343 0.5628 0.2323 -0.1101 0.6075 0.1362 -0.1099 0.5229 0.1576 -0.1344 0.4623 0.0827 0.6735 0.65 0.1317 0.9808 0.65 0.0296 0.8899 0.6075 0.1362 0.7353 0.6075 0.1933 0.5954 0.6075 0.2524 0.8901 0.5229 0.1576 0.7427 0.5437 0.2165 0.6089 0.5565 0.2229 0.8656 0.4623 0.0827 0.7302 0.48 0.1607 0.6465 0.4919 0.183 0.5811 0.585 0.2116 0.5701 0.5628 0.2352 0.0703 0.9141 0.7698 0.0898 0.9961 0.7593 0.25 0.9414 0.9995 0.4102 0.9961 0.7593 0.4297 0.9141 0.7698 0.4083 0.6075 0.2485 0.5019 0.6622 0.3045 0.5954 0.6075 0.2524</float_array>
          <technique_common>
            <accessor source="#hair15-mesh-map-channel1-array" count="42" stride="3">
              <param name="S" type="float"/>
              <param name="T" type="float"/>
              <param name="P" type="float"/>
            </accessor>
          </technique_common>
        </source>
        <vertices id="hair15-mesh-vertices">
          <input semantic="POSITION" source="#hair15-mesh-positions"/>
        </vertices>
        <triangles material="hair" count="39">
          <input semantic="VERTEX" source="#hair15-mesh-vertices" offset="0"/>
          <input semantic="NORMAL" source="#hair15-mesh-normals" offset="1"/>
          <input semantic="TEXCOORD" source="#hair15-mesh-map-channel1" offset="2" set="1"/>
          <p>1 0 1 2 1 0 0 2 2 4 3 3 1 0 1 3 4 4 5 5 5 1 0 1 4 3 3 5 5 5 6 6 6 1 0 1 7 7 8 8 8 7 4 3 3 8 8 7 5 5 5 4 3 3 8 8 7 6 6 6 5 5 5 9 9 9 6 6 6 8 8 7 11 10 12 8 8 7 7 7 8 12 11 13 9 9 9 8 8 7 3 4 4 1 0 1 0 2 2 6 6 6 2 1 0 1 0 1 7 7 8 13 12 14 11 10 12 8 8 7 11 10 12 12 11 13 6 6 6 10 13 15 2 1 0 14 14 18 4 3 3 3 4 4 15 15 19 7 7 8 14 14 18 14 14 18 7 7 8 4 3 3 16 16 20 13 12 14 15 15 19 15 15 19 13 12 14 7 7 8 17 17 21 0 2 2 2 1 0 14 14 23 3 4 22 17 17 21 18 18 24 14 14 23 17 17 21 18 18 24 17 17 21 19 19 25 15 15 26 14 14 23 20 20 27 20 20 27 14 14 23 18 18 24 20 20 27 18 18 24 19 19 25 21 21 28 20 20 27 19 19 25 16 16 29 15 15 26 22 22 30 23 23 31 20 20 27 21 21 28 3 4 22 0 2 2 17 17 21 19 19 25 17 17 21 2 1 0 20 20 27 22 22 30 15 15 26 20 20 27 23 23 31 22 22 30 19 19 25 2 1 0 10 13 15 9 9 39 24 24 40 10 13 15 10 13 15 6 6 6 9 9 39 24 24 40 21 21 41 19 19 25 19 19 25 10 13 15 24 24 40</p>
        </triangles>
      </mesh>
    </geometry>
    <geometry id="hair18-mesh" name="hair18">
      <mesh>
        <source id="hair18-mesh-positions">
          <float_array id="hair18-mesh-positions-array" count="138">3.70089 -306.081 6844.25 -987.593 -57.7059 6589.75 3.70037 -1169.86 6619.85 3.70142 732.132 6589.75 -725.601 1393.72 5941.32 -1568.18 319.292 5941.32 -733.984 -1092.15 6097.23 -707.756 1588.9 5139.12 -1125.98 -971.482 5204.37 -17.829 -1807.8 5553.84 733.004 1393.72 5941.32 720.307 1588.9 5139.12 994.995 -57.7069 6589.75 1575.58 319.29 5941.32 1219.57 -1092.15 5941.32 1792.11 388.102 5123.94 1140.38 -971.482 5204.37 7.20029 -1533.67 5380.01 487.453 -1671.13 4658.55 399.038 -1425.27 4639.78 1550.91 -1032.76 5095.49 1316.46 -1010.2 3374.42 718.207 1588.84 4228.53 -699.765 1588.84 4228.53 1806.41 356.665 3869.14 1585.89 -580.782 3864.74 1179.69 -459.523 4274.91 1066.57 -306.086 3629.74 1210.78 261.729 3029.41 665.066 1267.9 3447.58 1047.05 -616.509 2927.97 -1777.71 388.102 5123.94 -1536.5 -777.085 5095.48 -1451.95 -663.872 5752.65 -1792 356.665 3869.14 -1571.49 -580.782 3864.73 -1165.29 -459.523 4274.91 -1052.49 -306.749 3629.62 -1196.37 261.729 3029.41 -650.666 1267.9 3447.58 -1032.65 -616.509 2927.97 -1147.47 -1193.04 5594.74 1294.12 292.118 4103.29 482.746 911.887 3847.78 -475.347 911.888 3847.78 -1279.72 292.118 4103.29</float_array>
          <technique_common>
            <accessor source="#hair18-mesh-positions-array" count="46" stride="3">
              <param name="X" type="float"/>
              <param name="Y" type="float"/>
              <param name="Z" type="float"/>
            </accessor>
          </technique_common>
        </source>
        <source id="hair18-mesh-normals">
          <float_array id="hair18-mesh-normals-array" count="147">-0.531816 -0.006238 0.846837 -0.031123 -0.609022 0.792542 0.000000 -0.041699 0.99913 -0.389391 0.775026 0.497705 0.000000 0.455794 0.890085 -0.851884 0.208816 0.480302 -0.835728 -0.366237 0.409182 -0.503917 -0.673532 0.540761 -0.3276 -0.942981 -0.058857 0.388009 0.7748 0.499134 0.396032 0.912383 0.103519 -0.396057 0.912579 0.101674 0.523055 0.027121 0.851867 0.847623 0.209265 0.48759 0.656645 -0.590065 0.469724 0.957636 0.263273 0.11671 -0.200475 -0.90169 -0.383099 -0.843661 -0.233137 -0.483615 -0.536996 -0.837225 0.103392 -0.830837 0.339718 -0.440796 -0.455495 0.883193 -0.111778 -0.455495 0.883193 -0.111778 -0.455495 0.883193 -0.111778 0.814143 -0.578709 -0.047612 0.271345 0.176683 -0.946126 0.383842 0.906955 -0.17349 -0.381672 0.907695 -0.174401 0.932435 0.241001 -0.269229 0.512847 -0.814225 -0.272078 -0.467832 -0.839635 -0.275947 -0.926434 -0.35659 0.12068 0.085374 0.481178 -0.872456 -0.069187 0.141306 -0.987545 -0.310958 -0.600464 -0.736714 -0.961068 0.250138 0.117381 -0.762615 -0.634861 -0.123974 -0.932368 0.241162 -0.269316 -0.509286 -0.830148 -0.226896 0.334782 -0.921209 -0.198228 0.92606 -0.357459 0.120978 0.070551 0.142507 -0.987276 -0.0863 0.479262 -0.873419 0.311103 -0.600292 -0.736793 -0.287847 -0.830655 -0.476609 -0.460993 -0.699791 -0.54569 -0.909686 -0.407096 0.082123 0.465694 -0.699812 -0.541657 0.910828 -0.404532 0.082139 -0.491223 0.776759 -0.394139</float_array>
          <technique_common>
            <accessor source="#hair18-mesh-normals-array" count="49" stride="3">
              <param name="X" type="float"/>
              <param name="Y" type="float"/>
              <param name="Z" type="float"/>
            </accessor>
          </technique_common>
        </source>
        <source id="hair18-mesh-map-channel1">
          <float_array id="hair18-mesh-map-channel1-array" count="420">0.5026 0.6562 0.2133 0.3306 0.65 0.1254 0.5063 0.6667 0.0893 0.1035 0.6075 0.1318 -0.0192 0.65 0.0296 0.2652 0.6075 0.1862 0.4083 0.6075 0.2485 0.2576 0.5437 0.2094 0.1043 0.5229 0.1532 0.3956 0.5565 0.2179 0.5021 0.6075 0.2749 0.5026 0.5687 0.2406 0.2708 0.48 0.1529 0.3578 0.4919 0.1768 0.1247 0.4623 0.0776 0.5019 0.6622 0.3045 0.4237 0.585 0.2083 0.4343 0.5628 0.2323 -0.1101 0.6075 0.1362 -0.1099 0.5229 0.1576 -0.1344 0.4623 0.0827 0.6735 0.65 0.1317 0.9808 0.65 0.0296 0.8899 0.6075 0.1362 0.7353 0.6075 0.1933 0.5954 0.6075 0.2524 0.8901 0.5229 0.1576 0.7427 0.5437 0.2165 0.6089 0.5565 0.2229 0.8656 0.4623 0.0827 0.7302 0.48 0.1607 0.6465 0.4919 0.183 0.5811 0.585 0.2116 0.5701 0.5628 0.2352 0.0703 0.9141 0.7698 0.0898 0.9961 0.7593 0.25 0.9414 0.9995 0.4102 0.9961 0.7593 0.4297 0.9141 0.7698 0.4083 0.6075 0.2485 0.5019 0.6622 0.3045 0.5954 0.6075 0.2524 0.5026 0.6562 0.2133 0.4083 0.6075 0.2485 0.5019 0.6622 0.3045 0.5954 0.6075 0.2524 0.5019 0.6622 0.3045 0.5954 0.6075 0.2524 0.5954 0.6075 0.2524 0.7353 0.6075 0.1933 0.5954 0.6075 0.2524 0.5954 0.6075 0.2524 0.5954 0.6075 0.2524 0.5019 0.6622 0.3045 0.5954 0.6075 0.2524 0.5954 0.6075 0.2524 0.5954 0.6075 0.2524 0.5954 0.6075 0.2524 -0.1099 0.5229 0.1576 0.1043 0.5229 0.1532 0.7427 0.5437 0.2165 0.8901 0.5229 0.1576 0.5954 0.6075 0.2524 0.7353 0.6075 0.1933 0.5954 0.6075 0.2524 0.5954 0.6075 0.2524 0.7427 0.5437 0.2165 0.8901 0.5229 0.1576 0.5954 0.6075 0.2524 0.7353 0.6075 0.1933 0.5954 0.6075 0.2524 0.8901 0.5229 0.1576 0.8899 0.6075 0.1362 0.7427 0.5437 0.2165 0.7353 0.6075 0.1933 0.5954 0.6075 0.2524 0.7353 0.6075 0.1933 0.5954 0.6075 0.2524 0.7427 0.5437 0.2165 0.8901 0.5229 0.1576 0.5954 0.6075 0.2524 0.7353 0.6075 0.1933 0.5954 0.6075 0.2524 0.5954 0.6075 0.2524 0.7427 0.5437 0.2165 0.8901 0.5229 0.1576 0.5954 0.6075 0.2524 0.7353 0.6075 0.1933 0.5954 0.6075 0.2524 0.8901 0.5229 0.1576 0.8899 0.6075 0.1362 0.7427 0.5437 0.2165 0.7353 0.6075 0.1933 0.5954 0.6075 0.2524 0.7353 0.6075 0.1933 0.5954 0.6075 0.2524 0.7427 0.5437 0.2165 0.8901 0.5229 0.1576 0.5954 0.6075 0.2524 0.7353 0.6075 0.1933 0.5954 0.6075 0.2524 0.5954 0.6075 0.2524 0.7427 0.5437 0.2165 0.8901 0.5229 0.1576 0.5954 0.6075 0.2524 0.7353 0.6075 0.1933 0.5954 0.6075 0.2524 -0.1099 0.5229 0.1576 0.1043 0.5229 0.1532 0.2652 0.6075 0.1862 0.4083 0.6075 0.2485 0.5954 0.6075 0.2524 0.5954 0.6075 0.2524 0.5954 0.6075 0.2524 0.5954 0.6075 0.2524 0.4083 0.6075 0.2485 0.689 0.6622 0.3084 0.5954 0.6075 0.2524 0.5954 0.6075 0.2524 0.60941 0.615688 0.260782 0.42231 0.615688 0.256882 0.4083 0.6075 0.2485 0.356563 0.6075 0.225976 0.278863 0.65 0.102876 0.7427 0.5437 0.2165 0.8901 0.5229 0.1576 0.5954 0.6075 0.2524 0.7353 0.6075 0.1933 0.8901 0.5229 0.1576 0.7427 0.5437 0.2165 0.7353 0.6075 0.1933 0.5954 0.6075 0.2524 -0.1099 0.5229 0.1576 0.1043 0.5229 0.1532 0.5954 0.6075 0.2524 0.5954 0.6075 0.2524 0.5954 0.6075 0.2524 0.5954 0.6075 0.2524 0.5954 0.6075 0.2524 0.5954 0.6075 0.2524</float_array>
          <technique_common>
            <accessor source="#hair18-mesh-map-channel1-array" count="140" stride="3">
              <param name="S" type="float"/>
              <param name="T" type="float"/>
              <param name="P" type="float"/>
            </accessor>
          </technique_common>
        </source>
        <vertices id="hair18-mesh-vertices">
          <input semantic="POSITION" source="#hair18-mesh-positions"/>
        </vertices>
        <triangles material="hair" count="80">
          <input semantic="VERTEX" source="#hair18-mesh-vertices" offset="0"/>
          <input semantic="NORMAL" source="#hair18-mesh-normals" offset="1"/>
          <input semantic="TEXCOORD" source="#hair18-mesh-map-channel1" offset="2" set="1"/>
          <p>1 0 1 2 1 0 0 2 2 4 3 3 1 0 1 3 4 4 5 5 5 1 0 1 4 3 3 5 5 5 33 6 109 1 0 1 3 4 4 1 0 1 0 2 2 6 7 6 2 1 0 1 0 1 6 7 43 9 8 15 2 1 42 10 9 18 4 3 3 3 4 4 11 10 19 7 11 8 10 9 18 10 9 18 7 11 8 4 3 3 12 12 21 0 2 2 2 1 0 10 9 23 3 4 22 12 12 21 13 13 24 10 9 23 12 12 21 13 13 24 12 12 21 14 14 25 11 10 26 10 9 23 15 15 27 15 15 27 10 9 23 13 13 24 3 4 22 0 2 2 12 12 21 14 14 25 12 12 21 2 1 0 18 16 45 14 14 25 9 8 15 6 7 43 17 17 46 9 8 15 41 18 120 6 7 121 33 6 115 17 17 46 19 19 47 18 16 45 18 16 45 9 8 15 17 17 46 17 20 40 16 21 41 19 22 47 20 23 48 15 15 49 13 13 24 13 13 24 14 14 25 20 23 48 20 23 48 14 14 25 18 16 50 9 8 15 14 14 25 2 1 52 18 16 45 19 19 47 21 24 54 20 23 48 18 16 50 21 24 56 22 25 58 23 26 59 7 11 8 7 11 8 11 10 19 22 25 58 24 27 60 22 25 61 11 10 26 11 10 26 15 15 27 24 27 60 25 28 62 24 27 63 15 15 49 15 15 49 20 23 48 25 28 62 26 29 64 27 30 65 25 28 62 25 28 62 20 23 48 26 29 64 24 27 60 29 31 67 22 25 61 29 31 67 24 27 60 28 32 66 30 33 68 28 32 69 24 27 63 24 27 63 25 28 62 30 33 68 25 28 62 27 30 65 30 33 70 7 11 89 31 34 91 4 3 90 31 34 91 5 5 92 4 3 90 32 35 93 5 5 92 31 34 94 5 5 92 32 35 93 33 6 95 34 36 96 7 11 89 23 26 97 7 11 89 34 36 96 31 34 91 35 37 98 31 34 94 34 36 99 31 34 94 35 37 98 32 35 93 36 38 100 35 37 98 37 39 101 35 37 98 36 38 100 32 35 93 38 40 102 34 36 96 39 41 103 23 26 97 39 41 103 34 36 96 40 42 104 34 36 99 38 40 105 34 36 99 40 42 104 35 37 98 35 37 98 40 42 106 37 39 101 29 31 107 39 41 108 23 26 59 23 26 59 22 25 58 29 31 107 6 7 122 1 0 123 33 6 109 8 43 113 17 17 116 41 18 119 33 6 95 32 35 117 41 18 119 32 35 118 36 38 100 8 43 111 41 18 119 32 35 117 8 43 113 17 17 40 6 7 6 41 18 120 28 32 66 43 44 125 29 31 67 43 44 125 28 32 66 42 45 124 27 30 126 42 45 127 28 32 69 28 32 69 30 33 68 27 30 126 44 46 128 45 47 129 38 40 102 38 40 102 39 41 103 44 46 128 38 40 105 37 39 131 40 42 104 37 39 131 38 40 105 45 47 130 43 44 132 44 46 133 39 41 108 39 41 108 29 31 107 43 44 132 26 29 64 20 23 48 16 48 134 21 24 56 16 48 137 20 23 48 16 48 137 21 24 56 19 19 136 16 48 137 19 19 136 17 17 138</p>
        </triangles>
      </mesh>
    </geometry>
    <geometry id="armright2-mesh" name="armright2">
      <mesh>
        <source id="armright2-mesh-positions">
          <float_array id="armright2-mesh-positions-array" count="75">-1232.41 247.812 2185.17 -1505.72 151.462 2445.56 -1583.99 242.574 1764.1 -1861.87 135.616 1971.36 -1423.28 -164.763 2569.92 -1851.6 -231.503 1972.51 -1152.17 -274.313 2312.21 -1579.28 -294.871 1770.82 -1912.2 239.999 1338.92 -1520.92 101.476 1452.77 -2063.11 156.788 1664.16 -2048.02 -289.214 1665.85 -1913.8 -361.253 1335.25 -1520.48 -344.866 1455.66 -998.062 250.23 2453.14 -1265.62 161.093 2733.36 -1120.41 249.148 2317.47 -1397.98 157.685 2581.54 -1273.6 -162.092 2741.34 -1010.97 -272.695 2466.05 -798.006 160.875 3190.06 -571.808 255.091 2971.56 -798.006 -144.014 3190.06 -571.808 -238.23 2971.56 -527.628 7.8674 3222.5</float_array>
          <technique_common>
            <accessor source="#armright2-mesh-positions-array" count="25" stride="3">
              <param name="X" type="float"/>
              <param name="Y" type="float"/>
              <param name="Z" type="float"/>
            </accessor>
          </technique_common>
        </source>
        <source id="armright2-mesh-normals">
          <float_array id="armright2-mesh-normals-array" count="75">0.476541 0.781088 -0.403498 0.451423 0.883558 -0.124671 -0.632314 0.61786 0.467363 -0.671683 0.575381 0.466667 -0.621074 -0.571037 0.536827 -0.606106 -0.629644 0.485987 0.462355 -0.812234 -0.355675 0.547095 -0.83707 0.000852 -0.322738 0.647372 -0.690471 0.800561 0.340438 -0.493158 -0.847014 0.520089 0.109885 -0.787858 -0.599311 0.141799 -0.356286 -0.649247 -0.671966 0.690163 -0.619076 -0.374726 0.477504 0.767926 -0.426943 0.469808 0.776099 -0.420655 -0.574184 0.625735 0.527985 -0.605735 0.628863 0.487459 -0.580875 -0.58152 0.569578 0.452537 -0.810371 -0.372168 -0.274907 0.565272 0.777749 0.658906 0.748338 -0.076376 -0.268724 -0.559023 0.784398 0.668286 -0.740505 -0.071029 0.707737 -0.001198 0.706475</float_array>
          <technique_common>
            <accessor source="#armright2-mesh-normals-array" count="25" stride="3">
              <param name="X" type="float"/>
              <param name="Y" type="float"/>
              <param name="Z" type="float"/>
            </accessor>
          </technique_common>
        </source>
        <source id="armright2-mesh-map-channel1">
          <float_array id="armright2-mesh-map-channel1-array" count="147">0.84375 0.378906 0 0.84375 0.28125 0 0.769531 0.378906 0 0.769531 0.28125 0 0.917969 0.378906 0 0.917969 0.28125 0 0.992188 0.378906 0 0.992188 0.28125 0 0.695313 0.378906 0 0.695313 0.28125 0 0.804688 0.410156 0 0.878906 0.414063 0 0.953125 0.414063 0 0.734375 0.410156 0 0.015625 0.472656 0 0.089843 0.472656 0 0.015625 0.394531 0 0.089843 0.394531 0 0.9375 0.560087 0 0.839844 0.605469 0 0.839844 0.560087 0 0.7633 0.605469 0 0.7633 0.560087 0 0.953125 0.605469 0 0.992188 0.605469 0 0.992188 0.560087 0 0.960938 0.560087 0 0.787161 0.560087 0 0.787161 0.605469 0 0.773578 0.560087 0 0.773578 0.605469 0 0.753273 0.605469 0 0.753273 0.560087 0 0.9375 0.652947 0 0.839844 0.652947 0 0.777627 0.648481 0 0.810599 0.668551 0 0.992188 0.652947 0 0.960938 0.652947 0 0.953125 0.652947 0 0.839844 0.652947 0 0.777627 0.648481 0 0.810599 0.668551 0 0.992188 0.652947 0 0.9375 0.605469 0 0.839844 0.605469 0 0.992188 0.605469 0 0.960938 0.605469 0 0.787161 0.605469 0</float_array>
          <technique_common>
            <accessor source="#armright2-mesh-map-channel1-array" count="49" stride="3">
              <param name="S" type="float"/>
              <param name="T" type="float"/>
              <param name="P" type="float"/>
            </accessor>
          </technique_common>
        </source>
        <vertices id="armright2-mesh-vertices">
          <input semantic="POSITION" source="#armright2-mesh-positions"/>
        </vertices>
        <triangles material="texture" count="46">
          <input semantic="VERTEX" source="#armright2-mesh-vertices" offset="0"/>
          <input semantic="NORMAL" source="#armright2-mesh-normals" offset="1"/>
          <input semantic="TEXCOORD" source="#armright2-mesh-map-channel1" offset="2" set="1"/>
          <p>0 0 33 2 1 34 1 2 44 2 1 34 3 3 45 1 2 44 1 2 18 3 3 20 4 4 23 3 3 20 5 5 19 4 4 23 4 4 23 5 5 19 6 6 39 5 5 19 7 7 40 6 6 39 7 7 19 2 1 20 0 0 18 8 8 35 2 1 34 9 9 36 2 1 34 8 8 35 3 3 45 8 8 35 10 10 48 3 3 45 3 3 20 10 10 27 5 5 19 10 10 27 11 11 28 5 5 19 11 11 28 12 12 41 5 5 19 12 12 41 7 7 40 5 5 19 7 7 31 13 13 21 2 1 32 13 13 21 9 9 22 2 1 32 10 10 27 8 8 29 11 11 28 8 8 29 12 12 30 11 11 28 12 12 41 13 13 42 7 7 40 13 13 21 12 12 30 9 9 22 12 12 30 8 8 29 9 9 22 14 14 37 16 15 38 15 16 46 16 15 38 17 17 47 15 16 46 15 16 25 17 17 26 18 18 24 18 18 24 4 4 23 19 19 43 4 4 23 6 6 39 19 19 43 16 15 26 14 14 25 6 6 23 14 14 25 19 19 24 6 6 23 20 20 0 21 21 2 15 16 1 21 21 2 14 14 3 15 16 1 22 22 4 20 20 0 18 18 5 20 20 0 15 16 1 18 18 5 23 23 6 22 22 4 19 19 7 22 22 4 18 18 5 19 19 7 21 21 2 23 23 8 14 14 3 23 23 8 19 19 9 14 14 3 20 20 0 24 24 10 21 21 2 22 22 4 24 24 11 20 20 0 23 23 6 24 24 12 22 22 4 21 21 2 24 24 13 23 23 8 6 6 23 0 0 18 16 15 26 4 4 23 17 17 26 1 2 18 0 0 33 17 17 47 16 15 38 17 17 47 0 0 33 1 2 44 0 0 18 6 6 23 7 7 19 17 17 26 4 4 23 18 18 24</p>
        </triangles>
      </mesh>
    </geometry>
    <geometry id="armleft2-mesh" name="armleft2">
      <mesh>
        <source id="armleft2-mesh-positions">
          <float_array id="armleft2-mesh-positions-array" count="75">1248.64 256.437 2185.17 1600.21 251.199 1764.1 1521.95 160.087 2445.56 1878.1 144.241 1971.36 1439.51 -156.138 2569.92 1867.82 -222.877 1972.51 1168.4 -265.688 2312.21 1595.51 -286.246 1770.82 1928.43 248.624 1338.92 1537.15 110.102 1452.77 2079.34 165.414 1664.16 2064.25 -280.589 1665.85 1930.03 -352.628 1335.25 1536.71 -336.241 1455.66 1014.29 258.855 2453.14 1136.64 257.773 2317.47 1281.85 169.719 2733.36 1414.21 166.311 2581.54 1289.83 -153.467 2741.34 1027.2 -264.07 2466.05 814.234 160.875 3190.06 588.036 255.091 2971.56 814.234 -144.014 3190.06 588.036 -238.23 2971.56 543.856 7.8674 3222.5</float_array>
          <technique_common>
            <accessor source="#armleft2-mesh-positions-array" count="25" stride="3">
              <param name="X" type="float"/>
              <param name="Y" type="float"/>
              <param name="Z" type="float"/>
            </accessor>
          </technique_common>
        </source>
        <source id="armleft2-mesh-normals">
          <float_array id="armleft2-mesh-normals-array" count="75">-0.476541 0.781088 -0.403498 0.632314 0.61786 0.467363 -0.451423 0.883558 -0.124671 0.671683 0.575381 0.466667 0.621074 -0.571037 0.536827 0.606106 -0.629644 0.485987 -0.462354 -0.812234 -0.355675 -0.547095 -0.83707 0.000852 0.322738 0.647372 -0.690471 -0.800561 0.340438 -0.493157 0.847014 0.520089 0.109884 0.787857 -0.599311 0.1418 0.356286 -0.649247 -0.671967 -0.690163 -0.619076 -0.374726 -0.47952 0.769098 -0.42255 0.570449 0.627401 0.530052 -0.469808 0.776099 -0.420656 0.605735 0.628863 0.487459 0.584491 -0.579791 0.567637 -0.450225 -0.809536 -0.37676 0.272564 0.562423 0.780634 -0.662902 0.74509 -0.073501 0.271009 -0.56186 0.78158 -0.66438 -0.743741 -0.073808 -0.707737 -0.001198 0.706475</float_array>
          <technique_common>
            <accessor source="#armleft2-mesh-normals-array" count="25" stride="3">
              <param name="X" type="float"/>
              <param name="Y" type="float"/>
              <param name="Z" type="float"/>
            </accessor>
          </technique_common>
        </source>
        <source id="armleft2-mesh-map-channel1">
          <float_array id="armleft2-mesh-map-channel1-array" count="147">0.941406 0.649825 0 0.84375 0.649825 0 0.941406 0.550526 0 0.84375 0.550526 0 0.953125 0.601563 0 0.84375 0.601563 0 0.953125 0.649825 0 0.84375 0.649825 0 0.774314 0.646298 0 0.812244 0.674781 0 0.797751 0.550526 0 0.797751 0.601563 0 0.774314 0.646298 0 0.771981 0.601563 0 0.782756 0.601563 0 0.771981 0.550526 0 0.782756 0.550526 0 0.790662 0.550526 0 0.790662 0.601563 0 0.812244 0.674781 0 0.992188 0.649825 0 0.960938 0.649825 0 0.992188 0.550526 0 0.960938 0.550526 0 0.992188 0.601563 0 0.992188 0.649825 0 0.839844 0.371094 0 0.765625 0.371094 0 0.839844 0.277344 0 0.765625 0.277344 0 0.914063 0.371094 0 0.914063 0.277344 0 0.988281 0.371094 0 0.988281 0.277344 0 0.695313 0.371094 0 0.695313 0.277344 0 0.800781 0.40625 0 0.875 0.40625 0 0.953125 0.40625 0 0.730469 0.402344 0 0.027343 0.46875 0 0.027343 0.40625 0 0.085937 0.46875 0 0.085937 0.40625 0 0.941406 0.601563 0 0.84375 0.601563 0 0.797751 0.601563 0 0.992188 0.601563 0 0.960938 0.601563 0</float_array>
          <technique_common>
            <accessor source="#armleft2-mesh-map-channel1-array" count="49" stride="3">
              <param name="S" type="float"/>
              <param name="T" type="float"/>
              <param name="P" type="float"/>
            </accessor>
          </technique_common>
        </source>
        <vertices id="armleft2-mesh-vertices">
          <input semantic="POSITION" source="#armleft2-mesh-positions"/>
        </vertices>
        <triangles material="texture" count="46">
          <input semantic="VERTEX" source="#armleft2-mesh-vertices" offset="0"/>
          <input semantic="NORMAL" source="#armleft2-mesh-normals" offset="1"/>
          <input semantic="TEXCOORD" source="#armleft2-mesh-map-channel1" offset="2" set="1"/>
          <p>0 0 0 2 1 44 1 2 1 1 2 1 2 1 44 3 3 45 2 1 2 4 4 4 3 3 3 3 3 3 4 4 4 5 5 5 4 4 4 6 6 6 5 5 5 5 5 5 6 6 6 7 7 7 7 7 5 0 0 2 1 2 3 8 8 8 9 9 9 1 2 1 1 2 1 3 3 45 8 8 8 8 8 8 3 3 45 10 10 46 3 3 3 5 5 5 10 10 10 10 10 10 5 5 5 11 11 11 11 11 11 5 5 5 12 12 12 12 12 12 5 5 5 7 7 7 7 7 13 1 2 15 13 13 14 13 13 14 1 2 15 9 9 16 10 10 10 11 11 11 8 8 17 8 8 17 11 11 11 12 12 18 12 12 12 7 7 7 13 13 19 13 13 14 9 9 16 12 12 18 12 12 18 9 9 16 8 8 17 14 14 20 16 15 47 15 16 21 15 16 21 16 15 47 17 17 48 16 15 22 18 18 24 17 17 23 18 18 24 19 19 25 4 4 4 4 4 4 19 19 25 6 6 6 15 16 23 6 6 4 14 14 22 14 14 22 6 6 4 19 19 24 20 20 26 16 15 28 21 21 27 21 21 27 16 15 28 14 14 29 22 22 30 18 18 31 20 20 26 20 20 26 18 18 31 16 15 28 23 23 32 19 19 33 22 22 30 22 22 30 19 19 33 18 18 31 21 21 27 14 14 29 23 23 34 23 23 34 14 14 29 19 19 35 20 20 26 21 21 27 24 24 36 22 22 30 20 20 26 24 24 37 23 23 32 22 22 30 24 24 38 21 21 27 23 23 34 24 24 39 6 6 4 15 16 23 0 0 2 4 4 4 2 1 2 17 17 23 0 0 0 15 16 21 17 17 48 17 17 48 2 1 44 0 0 0 0 0 2 7 7 5 6 6 4 17 17 23 18 18 24 4 4 4</p>
        </triangles>
      </mesh>
    </geometry>
    <geometry id="hat10-mesh" name="hat10">
      <mesh>
        <source id="hat10-mesh-positions">
          <float_array id="hat10-mesh-positions-array" count="180">-474.748 -361.255 76.8319 0.000006 -363.663 -196.146 474.748 -374.468 76.8319 -408.44 145.963 196.538 0 145.963 -76.4396 408.44 145.963 196.538 -275.245 424.685 321.708 -0.000008 424.685 116.185 275.245 424.685 321.708 -420.486 -361.255 529.365 -201.213 -281.62 589.348 -0.000001 -261.192 395.904 201.213 -311.266 589.348 474.748 -374.468 475.665 -408.44 145.963 475.665 -0.000000 189.116 575.251 408.44 145.963 475.665 -275.245 424.685 475.665 0 424.685 558.861 275.245 424.685 475.665 -71.1782 596.387 475.665 -474.748 -361.255 475.665 420.486 -374.468 529.365 -354.178 145.963 529.365 354.178 145.963 529.365 -215.728 424.685 529.365 215.728 424.685 529.365 0 596.427 529.365 71.1782 596.387 475.665 -0.000000 643.144 475.572 -939.986 -794.488 76.8319 -1020.29 -1313.76 -196.145 -1093.14 -1834.49 76.832 -1401.61 -778.878 196.538 -1472.53 -1225.27 -76.4395 -1543.46 -1671.65 196.538 -1672.07 -876.049 321.708 -1719.87 -1176.87 116.185 -1767.66 -1477.68 321.708 -949.409 -853.791 529.365 -1058.15 -1079.61 589.348 -1111.22 -1295.97 395.904 -1101.73 -1524.57 589.348 -1093.14 -1834.49 475.665 -1401.61 -778.878 475.665 -1510.83 -1217.77 575.251 -1543.46 -1671.65 475.665 -1672.07 -876.049 475.665 -1719.87 -1176.87 558.861 -1767.66 -1477.68 475.665 -1859.88 -1069.26 475.665 -939.986 -794.488 475.665 -1083.72 -1775.19 529.365 -1411.03 -838.181 529.365 -1534.03 -1612.35 529.365 -1682.41 -941.095 529.365 -1757.33 -1412.64 529.365 -1872.27 -1147.04 529.365 -1884.6 -1224.84 475.665 -1913.73 -1138.93 475.572</float_array>
          <technique_common>
            <accessor source="#hat10-mesh-positions-array" count="60" stride="3">
              <param name="X" type="float"/>
              <param name="Y" type="float"/>
              <param name="Z" type="float"/>
            </accessor>
          </technique_common>
        </source>
        <source id="hat10-mesh-normals">
          <float_array id="hat10-mesh-normals-array" count="180">-0.834205 0.208825 -0.510387 -0.830836 0.359067 -0.425186 0.014819 0.397115 -0.917649 0.0203 0.245561 -0.969169 0.825571 0.355781 -0.43801 0.827781 0.223804 -0.51448 -0.685474 0.656279 -0.315313 0.014711 0.697843 -0.7161 0.678204 0.658736 -0.325741 -0.467807 0.16047 0.869141 0.092702 -0.065736 0.993521 0.000081 0.018592 0.999827 -0.5471 0.071521 0.834007 -0.047817 -0.369588 0.927965 -0.093555 -0.062515 0.993649 0.539849 0.068781 0.838947 0.468456 0.162686 0.868379 -0.000188 0.118806 0.992917 -0.400432 0.350419 0.846676 0.40232 0.34949 0.846165 0.894448 0.258089 0.365175 0.920828 0.117322 0.371903 0.754758 0.557077 0.346419 -0.894978 0.257821 0.364063 -0.753977 0.559928 0.343509 -0.920597 0.120348 0.371508 0.022856 0.995832 0.088298 0.554814 0.821388 0.132296 0 0.563862 0.825869 -0.565461 0.788026 0.243454 -0.088104 0.842558 -0.53135 -0.424507 0.056355 -0.903669 -0.253416 0.865084 -0.432909 -0.270429 0.014001 -0.962638 -0.544988 -0.713995 -0.439544 -0.40932 -0.750251 -0.519211 -0.722885 0.106833 -0.68266 -0.592553 0.743644 -0.309637 -0.812028 -0.491376 -0.314898 -0.096896 0.464303 0.88036 -0.009024 -0.000843 0.999959 0.052084 -0.100026 0.993621 0.017294 0.511432 0.85915 0.406992 -0.014893 0.91331 0.076131 0.066447 0.994881 -0.268851 -0.401458 0.875529 -0.175992 -0.486687 0.855665 -0.129532 0.020886 0.991355 -0.318363 0.421029 0.84934 -0.449591 -0.293133 0.843766 -0.460498 -0.802253 0.37991 -0.31383 -0.867863 0.38513 -0.732135 -0.583016 0.352237 -0.134481 0.914234 0.382217 -0.487529 0.797955 0.354376 0.031058 0.918493 0.394216 -0.985477 0.145682 0.087249 -0.935178 -0.328621 0.132104 -0.575798 0.093712 0.812204 -0.743108 0.623777 0.242265</float_array>
          <technique_common>
            <accessor source="#hat10-mesh-normals-array" count="60" stride="3">
              <param name="X" type="float"/>
              <param name="Y" type="float"/>
              <param name="Z" type="float"/>
            </accessor>
          </technique_common>
        </source>
        <source id="hat10-mesh-map-channel1">
          <float_array id="hat10-mesh-map-channel1-array" count="234">0.775399 0.823182 0 0.814262 0.714548 0 0.865383 0.834146 0 0.758552 0.694315 0 0.865384 0.719738 0 0.916505 0.707016 0 0.972215 0.690959 0 0.955368 0.823182 0 0.865383 0.893996 0 0.810574 0.893996 0 0.920193 0.893996 0 0.761612 0.823182 0 0.795453 0.893996 0 0.865383 0.93763 0 0.935314 0.893996 0 0.883467 0.93762 0 0.847299 0.93762 0 0.865383 0.949499 0 0.744766 0.694315 0 0.986001 0.690959 0 0.969154 0.823182 0 0.707537 0.694413 0.406425 0.692623 0.820273 0.584431 0.61957 0.820273 0.178506 0.61957 0.693816 0.000499 0.550944 0.820273 0.584431 0.53603 0.691135 0.406425 0.662664 0.889434 0.770562 0.61957 0.889434 0.464944 0.580903 0.889434 0.770562 0.516887 0.820273 0.9995 0.501973 0.691135 0.9995 0.546847 0.889434 0.9995 0.730362 0.820273 0.9995 0.700403 0.889434 0.9995 0.745276 0.694413 0.9995 0.61957 0.943642 0.999363 0.60356 0.93204 0.9995 0.63558 0.93204 0.9995 0.775399 0.823182 0 0.814262 0.714548 0 0.865383 0.834146 0 0.758552 0.694315 0 0.865384 0.719738 0 0.916505 0.707016 0 0.972215 0.690959 0 0.955368 0.823182 0 0.865383 0.893996 0 0.810574 0.893996 0 0.920193 0.893996 0 0.761612 0.823182 0 0.795453 0.893996 0 0.865383 0.93763 0 0.935314 0.893996 0 0.883467 0.93762 0 0.847299 0.93762 0 0.865383 0.949499 0 0.744766 0.694315 0 0.986001 0.690959 0 0.969154 0.823182 0 0.707537 0.694413 0.406425 0.692623 0.820273 0.584431 0.61957 0.820273 0.178506 0.61957 0.693816 0.000499 0.550944 0.820273 0.584431 0.53603 0.691135 0.406425 0.662664 0.889434 0.770562 0.61957 0.889434 0.464944 0.580903 0.889434 0.770562 0.516887 0.820273 0.9995 0.501973 0.691135 0.9995 0.546847 0.889434 0.9995 0.730362 0.820273 0.9995 0.700403 0.889434 0.9995 0.745276 0.694413 0.9995 0.61957 0.943642 0.999363 0.60356 0.93204 0.9995 0.63558 0.93204 0.9995</float_array>
          <technique_common>
            <accessor source="#hat10-mesh-map-channel1-array" count="78" stride="3">
              <param name="S" type="float"/>
              <param name="T" type="float"/>
              <param name="P" type="float"/>
            </accessor>
          </technique_common>
        </source>
        <vertices id="hat10-mesh-vertices">
          <input semantic="POSITION" source="#hat10-mesh-positions"/>
        </vertices>
        <triangles material="texture" count="96">
          <input semantic="VERTEX" source="#hat10-mesh-vertices" offset="0"/>
          <input semantic="NORMAL" source="#hat10-mesh-normals" offset="1"/>
          <input semantic="TEXCOORD" source="#hat10-mesh-map-channel1" offset="2" set="1"/>
          <p>0 0 21 3 1 22 4 2 23 4 2 23 1 3 24 0 0 21 1 3 24 4 2 23 5 4 25 5 4 25 2 5 26 1 3 24 3 1 22 6 6 27 7 7 28 7 7 28 4 2 23 3 1 22 4 2 23 7 7 28 8 8 29 8 8 29 5 4 25 4 2 23 23 9 0 10 10 1 15 11 2 10 10 1 23 9 0 9 12 3 10 10 1 11 13 4 15 11 2 11 13 4 12 14 5 15 11 2 12 14 5 22 15 6 24 16 7 24 16 7 15 11 2 12 14 5 23 9 0 15 11 2 18 17 8 18 17 8 25 18 9 23 9 0 15 11 2 24 16 7 26 19 10 26 19 10 18 17 8 15 11 2 2 5 26 5 4 25 16 20 30 16 20 30 13 21 31 2 5 26 5 4 25 8 8 29 19 22 32 19 22 32 16 20 30 5 4 25 6 6 27 3 1 22 14 23 33 14 23 33 17 24 34 6 6 27 3 1 22 0 0 21 21 25 35 21 25 35 14 23 33 3 1 22 7 7 28 6 6 27 29 26 36 8 8 29 7 7 28 28 27 37 25 18 9 18 17 8 27 28 13 18 17 8 26 19 10 27 28 13 19 22 32 8 8 29 28 27 37 6 6 27 17 24 34 20 29 38 29 26 17 27 28 13 28 27 15 20 29 16 27 28 13 29 26 17 29 26 36 6 6 27 20 29 38 28 27 37 7 7 28 29 26 36 21 25 18 9 12 3 14 23 11 23 9 0 14 23 11 9 12 3 22 15 6 13 21 19 24 16 7 16 20 20 24 16 7 13 21 19 14 23 11 23 9 0 17 24 12 25 18 9 17 24 12 23 9 0 24 16 7 16 20 20 26 19 10 19 22 14 26 19 10 16 20 20 17 24 12 25 18 9 20 29 16 27 28 13 20 29 16 25 18 9 26 19 10 19 22 14 28 27 15 28 27 15 27 28 13 26 19 10 30 30 60 34 31 62 33 32 61 34 31 62 30 30 60 31 33 63 31 33 63 35 34 64 34 31 62 35 34 64 31 33 63 32 35 65 33 32 61 37 36 67 36 37 66 37 36 67 33 32 61 34 31 62 34 31 62 38 38 68 37 36 67 38 38 68 34 31 62 35 34 64 53 39 39 45 40 41 40 41 40 40 41 40 39 42 42 53 39 39 40 41 40 45 40 41 41 43 43 41 43 43 45 40 41 42 44 44 42 44 44 54 45 46 52 46 45 54 45 46 42 44 44 45 40 41 53 39 39 48 47 47 45 40 41 48 47 47 53 39 39 55 48 48 45 40 41 56 49 49 54 45 46 56 49 49 45 40 41 48 47 47 32 35 65 46 50 69 35 34 64 46 50 69 32 35 65 43 51 70 35 34 64 49 52 71 38 38 68 49 52 71 35 34 64 46 50 69 36 37 66 44 53 72 33 32 61 44 53 72 36 37 66 47 54 73 33 32 61 51 55 74 30 30 60 51 55 74 33 32 61 44 53 72 37 36 67 59 56 75 36 37 66 38 38 68 58 57 76 37 36 67 55 48 48 57 58 52 48 47 47 48 47 47 57 58 52 56 49 49 49 52 71 58 57 76 38 38 68 36 37 66 50 59 77 47 54 73 59 56 56 58 57 54 57 58 52 50 59 55 59 56 56 57 58 52 59 56 75 50 59 77 36 37 66 58 57 76 59 56 75 37 36 67 51 55 57 44 53 50 39 42 42 53 39 39 39 42 42 44 53 50 52 46 45 54 45 46 43 51 58 46 50 59 43 51 58 54 45 46 44 53 50 47 54 51 53 39 39 55 48 48 53 39 39 47 54 51 54 45 46 56 49 49 46 50 59 49 52 53 46 50 59 56 49 49 47 54 51 50 59 55 55 48 48 57 58 52 55 48 48 50 59 55 56 49 49 58 57 54 49 52 53 58 57 54 56 49 49 57 58 52</p>
        </triangles>
      </mesh>
    </geometry>
    <geometry id="repair-mesh" name="repair">
      <mesh>
        <source id="repair-mesh-positions">
          <float_array id="repair-mesh-positions-array" count="120">-140.814 -244.775 -122.457 569.826 -291.259 209.644 -254.571 -68.7975 145.495 456.035 -115.23 477.674 -34.8129 98.9475 -303.195 667.427 25.3862 43.2491 -148.57 274.925 -35.2437 553.669 201.364 311.201 1117.44 -165.809 359.74 1003.65 10.2204 627.77 1092.79 261.87 68.5221 979.028 437.847 336.473 1433.43 240.308 227.302 1319.67 416.286 495.253 1730.09 -204.538 645.399 1616.33 -28.5598 913.35 1706.73 0.505249 500.82 1592.97 176.483 768.771 1021.84 -475.807 522.746 908.046 -299.778 790.776 469.878 -615.197 380.085 -249.291 -596.528 62.5043 -363.048 -420.55 330.456 356.12 -439.219 648.036 1520.73 -338.558 1076.36 1634.48 -514.536 808.404 1485.42 -717.112 878.162 1371.66 -541.134 1146.11 623.112 -716.259 943.333 736.87 -892.237 675.382 1077.52 -913.798 834.162 963.758 -737.82 1102.11 -926.863 -360.339 -380.273 -826.751 -35.7127 -550.971 -1040.62 -184.361 -112.322 -940.51 140.265 -283.02 -568.629 161.119 -570.656 -682.387 337.097 -302.705 -800.379 -590.36 -175.508 -914.136 -414.382 92.4432</float_array>
          <technique_common>
            <accessor source="#repair-mesh-positions-array" count="40" stride="3">
              <param name="X" type="float"/>
              <param name="Y" type="float"/>
              <param name="Z" type="float"/>
            </accessor>
          </technique_common>
        </source>
        <source id="repair-mesh-normals">
          <float_array id="repair-mesh-normals-array" count="252">-0.028735 0.829869 -0.557217 0.306827 0.850085 -0.428033 0.306827 0.850085 -0.428033 -0.028736 0.829869 -0.557217 -0.754625 0.353696 -0.552666 -0.940376 -0.238214 -0.242789 -0.940376 -0.238215 -0.242789 -0.754625 0.353696 -0.552667 0.334369 -0.517337 -0.787756 0.334369 -0.517339 -0.787755 0.334398 -0.517308 -0.787763 0.334389 -0.517105 -0.7879 -0.334426 0.517343 0.787728 -0.334426 0.517343 0.787728 -0.334426 0.517343 0.787728 -0.334427 0.517342 0.787728 0.937851 0.264913 0.224179 0.93785 0.264916 0.224179 0.869923 0.490954 0.046886 0.869923 0.490953 0.046886 -0.109024 0.809005 -0.577602 -0.109024 0.809005 -0.577602 -0.04876 0.825237 -0.562678 -0.04876 0.825237 -0.562678 0.334432 -0.517162 -0.787844 0.334468 -0.517237 -0.78778 -0.334426 0.517343 0.787728 -0.334427 0.517343 0.787728 0.334527 -0.517192 -0.787784 0.517609 0.799328 -0.305213 0.51761 0.799328 -0.305213 -0.334427 0.517342 0.787728 -0.263323 -0.85386 0.448981 -0.263323 -0.85386 0.448982 -0.263323 -0.85386 0.448981 -0.263323 -0.85386 0.448981 0.334573 -0.517265 -0.787717 0.334576 -0.517298 -0.787694 -0.334427 0.517342 0.787728 -0.334427 0.517342 0.787728 0.334404 -0.517447 -0.787669 -0.334427 0.517343 0.787728 0.904887 -0.057274 0.421781 0.904887 -0.057274 0.421782 0.904887 -0.057274 0.421781 0.904888 -0.057274 0.42178 -0.528606 -0.794962 0.297676 -0.220424 -0.855609 0.468344 -0.220424 -0.855609 0.468344 -0.528606 -0.794962 0.297676 0.334378 -0.517372 -0.787729 0.334253 -0.517561 -0.787658 -0.334426 0.517343 0.787728 -0.334426 0.517343 0.787728 0.749657 -0.360504 0.555024 0.544937 -0.575799 0.609507 0.749657 -0.360504 0.555024 0.544936 -0.575799 0.609508 -0.601362 -0.760713 0.244293 -0.601363 -0.760712 0.244293 -0.543808 -0.788594 0.28704 -0.543809 -0.788594 0.28704 0.334325 -0.517513 -0.787659 -0.334427 0.517343 0.787728 0.334432 -0.517496 -0.787625 0.014216 -0.83299 0.553105 0.014216 -0.83299 0.553105 -0.334427 0.517343 0.787728 0.263322 0.85386 -0.448981 0.263322 0.85386 -0.448981 0.263322 0.85386 -0.448981 0.263322 0.85386 -0.448981 0.33452 -0.517432 -0.787629 0.334544 -0.517401 -0.78764 -0.334426 0.517342 0.787729 -0.334424 0.51734 0.787731 0.334426 -0.517343 -0.787728 0.334426 -0.517343 -0.787728 -0.334426 0.517343 0.787728 -0.334426 0.517342 0.787728 0.334427 -0.517344 -0.787727 -0.334426 0.517343 0.787728 0.334426 -0.517342 -0.787728 -0.334427 0.517341 0.787729</float_array>
          <technique_common>
            <accessor source="#repair-mesh-normals-array" count="84" stride="3">
              <param name="X" type="float"/>
              <param name="Y" type="float"/>
              <param name="Z" type="float"/>
            </accessor>
          </technique_common>
        </source>
        <source id="repair-mesh-map-channel1">
          <float_array id="repair-mesh-map-channel1-array" count="240">0.301187 0.501457 0.001339 0.565406 0.500867 0.000919 0.301187 0.501457 0.9995 0.565406 0.500867 0.9995 0.301187 0.643664 0.001339 0.565406 0.63185 0.001339 0.301187 0.643664 0.9995 0.565406 0.63185 0.9995 0.750897 0.565841 0.000919 0.750897 0.565841 0.9995 0.693858 0.738741 0.001339 0.693858 0.738741 0.9995 0.82044 0.738741 0.001339 0.82044 0.738741 0.9995 0.978565 0.565841 0.001339 0.978565 0.565841 0.9995 0.947004 0.648448 0.001339 0.947004 0.648448 0.9995 0.750897 0.437587 0.000919 0.750897 0.437587 0.9995 0.565406 0.366825 0.001339 0.301187 0.355929 0.001339 0.301187 0.355929 0.999501 0.565406 0.366825 0.9995 0.978565 0.437587 0.9995 0.978565 0.437587 0.001339 0.947004 0.351552 0.001339 0.947004 0.351552 0.999501 0.693858 0.261259 0.999501 0.693858 0.261259 0.001339 0.82044 0.261259 0.001339 0.82044 0.261259 0.999501 0.027678 0.434371 0.001339 0.027678 0.568677 0.001339 0.027678 0.434371 0.9995 0.027678 0.568677 0.9995 0.099634 0.655182 0.001339 0.099634 0.655182 0.9995 0.099634 0.344277 0.001339 0.099634 0.344277 0.999501 0.565406 0.974428 2.06821 0.301187 0.974428 2.20873 0.301187 0.84757 2.20873 0.565406 0.84757 2.06821 0.027678 0.974428 1.31684 0.027678 0.974428 -0.280583 0.027678 0.84757 -0.280583 0.027678 0.84757 1.31684 0.978565 0.84757 1.28311 0.978565 0.974428 1.28311 0.947004 0.974428 2.26563 0.947004 0.84757 2.26563 0.099634 0.84757 2.34573 0.099634 0.974428 2.34573 0.693858 0.84757 3.33957 0.693858 0.974428 3.33957 0.82044 0.84757 3.33957 0.82044 0.974428 3.33957 0.027203 0.140625 -0.280583 0.027203 0.007812 -0.280583 0.97904 0.007812 1.28311 0.97904 0.140625 1.28311 0.748517 0.007812 1.28311 0.748517 0.140625 1.28311 0.748517 0.140625 -0.242337 0.748517 0.007812 -0.242338 0.562611 0.140625 -1.08398 0.302344 0.007812 -1.21357 0.302344 0.140625 -1.21357 0.562611 0.007812 -1.08398 0.97904 0.007812 -0.242338 0.941859 0.140625 -1.26563 0.97904 0.140625 -0.242338 0.941859 0.007812 -1.26563 0.101565 0.007812 -1.35216 0.101565 0.140625 -1.35216 0.689027 0.007812 -2.33957 0.689027 0.140625 -2.33957 0.815443 0.007812 -2.33957 0.815443 0.140625 -2.33957</float_array>
          <technique_common>
            <accessor source="#repair-mesh-map-channel1-array" count="80" stride="3">
              <param name="S" type="float"/>
              <param name="T" type="float"/>
              <param name="P" type="float"/>
            </accessor>
          </technique_common>
        </source>
        <vertices id="repair-mesh-vertices">
          <input semantic="POSITION" source="#repair-mesh-positions"/>
        </vertices>
        <triangles material="repair" count="76">
          <input semantic="VERTEX" source="#repair-mesh-vertices" offset="0"/>
          <input semantic="NORMAL" source="#repair-mesh-normals" offset="1"/>
          <input semantic="TEXCOORD" source="#repair-mesh-map-channel1" offset="2" set="1"/>
          <p>5 0 40 4 1 41 6 2 42 6 2 42 7 3 43 5 0 40 33 4 44 32 5 45 34 6 46 34 6 46 35 7 47 33 4 44 1 8 1 0 9 0 4 10 4 4 10 4 5 11 5 1 8 1 2 12 2 3 13 3 7 14 7 7 14 7 6 15 6 2 12 2 15 16 48 14 17 49 16 18 50 16 18 50 17 19 51 15 16 48 33 4 44 35 7 47 37 20 52 37 20 52 36 21 53 33 4 44 5 0 40 7 3 43 11 22 54 11 22 54 10 23 55 5 0 40 1 8 1 5 11 5 10 24 10 10 24 10 8 25 8 1 8 1 7 14 7 3 13 3 9 26 9 9 26 9 11 27 11 7 14 7 8 25 8 10 24 10 12 28 12 10 23 55 11 22 54 13 29 56 13 29 56 12 30 57 10 23 55 9 26 9 13 31 13 11 27 11 9 32 62 8 33 63 14 34 61 14 34 61 15 35 60 9 32 62 8 25 8 12 28 12 16 36 16 16 36 16 14 37 14 8 25 8 12 30 57 13 29 56 17 19 51 17 19 51 16 18 50 12 30 57 13 31 13 9 26 9 15 38 15 15 38 15 17 39 17 13 31 13 1 8 1 8 25 8 18 40 18 3 13 3 19 41 19 9 26 9 18 42 64 8 43 63 9 44 62 9 44 62 19 45 65 18 42 64 20 46 66 22 47 67 21 48 68 22 47 67 20 46 66 23 49 69 1 8 1 21 50 21 0 9 0 21 50 21 1 8 1 20 51 20 2 12 2 23 52 23 3 13 3 23 52 23 2 12 2 22 53 22 24 54 70 26 55 71 25 56 72 26 55 71 24 54 70 27 57 73 32 5 58 39 58 74 34 6 59 39 58 74 32 5 58 38 59 75 20 46 66 28 60 76 23 49 69 28 60 76 20 46 66 29 61 77 1 8 1 29 62 29 20 51 20 29 62 29 1 8 1 18 40 18 23 52 23 19 41 19 3 13 3 19 41 19 23 52 23 28 63 28 18 40 18 30 64 30 29 62 29 29 61 77 31 65 78 28 60 76 31 65 78 29 61 77 30 66 79 19 41 19 28 63 28 31 67 31 19 68 65 25 69 72 18 70 64 25 69 72 19 68 65 24 71 70 18 40 18 26 72 26 30 64 30 26 72 26 18 40 18 25 73 25 30 66 79 27 57 73 31 65 78 27 57 73 30 66 79 26 55 71 31 67 31 24 74 24 19 41 19 24 74 24 31 67 31 27 75 27 32 76 32 33 77 33 0 9 0 35 78 35 34 79 34 2 12 2 6 2 42 4 1 41 36 21 53 36 21 53 37 20 52 6 2 42 4 10 4 0 9 0 33 77 33 33 77 33 36 80 36 4 10 4 2 12 2 6 15 6 37 81 37 37 81 37 35 78 35 2 12 2 21 48 68 22 47 67 39 58 74 39 58 74 38 59 75 21 48 68 0 9 0 21 50 21 38 82 38 38 82 38 32 76 32 0 9 0 22 53 22 2 12 2 34 79 34 34 79 34 39 83 39 22 53 22</p>
        </triangles>
      </mesh>
    </geometry>
  </library_geometries>
  <library_controllers>
    <controller id="hair07-mesh-skin">
      <skin source="#hair07-mesh">
        <bind_shape_matrix>1 0 0 12.1959 0 1 0 -2.30121 0 0 1 -115.199 0 0 0 1</bind_shape_matrix>
        <source id="hair07-mesh-skin-joints">
          <Name_array id="hair07-mesh-skin-joints-array" count="1">Bone1</Name_array>
          <technique_common>
            <accessor source="#hair07-mesh-skin-joints-array" count="1" stride="1">
              <param name="JOINT" type="Name"/>
            </accessor>
          </technique_common>
        </source>
        <source id="hair07-mesh-skin-bind_poses">
          <float_array id="hair07-mesh-skin-bind_poses-array" count="16">0.000000 -0.258818 0.965926 -3089.57 -0.000001 -0.965926 -0.258818 802.366 1 -0.000001 -0.000000 -2.2854 0 0 0 1</float_array>
          <technique_common>
            <accessor source="#hair07-mesh-skin-bind_poses-array" count="1" stride="16">
              <param name="TRANSFORM" type="float4x4"/>
            </accessor>
          </technique_common>
        </source>
        <source id="hair07-mesh-skin-weights">
          <float_array id="hair07-mesh-skin-weights-array" count="1">1</float_array>
          <technique_common>
            <accessor source="#hair07-mesh-skin-weights-array" count="1" stride="1">
              <param name="WEIGHT" type="float"/>
            </accessor>
          </technique_common>
        </source>
        <joints>
          <input semantic="JOINT" source="#hair07-mesh-skin-joints"/>
          <input semantic="INV_BIND_MATRIX" source="#hair07-mesh-skin-bind_poses"/>
        </joints>
        <vertex_weights count="37">
          <input semantic="JOINT" source="#hair07-mesh-skin-joints" offset="0"/>
          <input semantic="WEIGHT" source="#hair07-mesh-skin-weights" offset="1"/>
          <vcount>1 1 1 1 1 1 1 1 1 1 1 1 1 1 1 1 1 1 1 1 1 1 1 1 1 1 1 1 1 1 1 1 1 1 1 1 1 </vcount>
          <v>0 0 0 0 0 0 0 0 0 0 0 0 0 0 0 0 0 0 0 0 0 0 0 0 0 0 0 0 0 0 0 0 0 0 0 0 0 0 0 0 0 0 0 0 0 0 0 0 0 0 0 0 0 0 0 0 0 0 0 0 0 0 0 0 0 0 0 0 0 0 0 0 0 0</v>
        </vertex_weights>
      </skin>
    </controller>
    <controller id="hair02-mesh-skin">
      <skin source="#hair02-mesh">
        <bind_shape_matrix>1 0 0 12.1943 0 1 0 -2.30078 0 0 1 -115.2 0 0 0 1</bind_shape_matrix>
        <source id="hair02-mesh-skin-joints">
          <Name_array id="hair02-mesh-skin-joints-array" count="1">Bone1</Name_array>
          <technique_common>
            <accessor source="#hair02-mesh-skin-joints-array" count="1" stride="1">
              <param name="JOINT" type="Name"/>
            </accessor>
          </technique_common>
        </source>
        <source id="hair02-mesh-skin-bind_poses">
          <float_array id="hair02-mesh-skin-bind_poses-array" count="16">0.000000 -0.258818 0.965926 -3089.57 -0.000001 -0.965926 -0.258818 802.366 1 -0.000001 -0.000000 -2.2854 0 0 0 1</float_array>
          <technique_common>
            <accessor source="#hair02-mesh-skin-bind_poses-array" count="1" stride="16">
              <param name="TRANSFORM" type="float4x4"/>
            </accessor>
          </technique_common>
        </source>
        <source id="hair02-mesh-skin-weights">
          <float_array id="hair02-mesh-skin-weights-array" count="1">1</float_array>
          <technique_common>
            <accessor source="#hair02-mesh-skin-weights-array" count="1" stride="1">
              <param name="WEIGHT" type="float"/>
            </accessor>
          </technique_common>
        </source>
        <joints>
          <input semantic="JOINT" source="#hair02-mesh-skin-joints"/>
          <input semantic="INV_BIND_MATRIX" source="#hair02-mesh-skin-bind_poses"/>
        </joints>
        <vertex_weights count="26">
          <input semantic="JOINT" source="#hair02-mesh-skin-joints" offset="0"/>
          <input semantic="WEIGHT" source="#hair02-mesh-skin-weights" offset="1"/>
          <vcount>1 1 1 1 1 1 1 1 1 1 1 1 1 1 1 1 1 1 1 1 1 1 1 1 1 1 </vcount>
          <v>0 0 0 0 0 0 0 0 0 0 0 0 0 0 0 0 0 0 0 0 0 0 0 0 0 0 0 0 0 0 0 0 0 0 0 0 0 0 0 0 0 0 0 0 0 0 0 0 0 0 0 0</v>
        </vertex_weights>
      </skin>
    </controller>
    <controller id="hair05-mesh-skin">
      <skin source="#hair05-mesh">
        <bind_shape_matrix>1 0 0 12.1945 0 1 0 -2.30127 0 0 1 -115.2 0 0 0 1</bind_shape_matrix>
        <source id="hair05-mesh-skin-joints">
          <Name_array id="hair05-mesh-skin-joints-array" count="1">Bone1</Name_array>
          <technique_common>
            <accessor source="#hair05-mesh-skin-joints-array" count="1" stride="1">
              <param name="JOINT" type="Name"/>
            </accessor>
          </technique_common>
        </source>
        <source id="hair05-mesh-skin-bind_poses">
          <float_array id="hair05-mesh-skin-bind_poses-array" count="16">0.000000 -0.258818 0.965926 -3089.57 -0.000001 -0.965926 -0.258818 802.366 1 -0.000001 -0.000000 -2.2854 0 0 0 1</float_array>
          <technique_common>
            <accessor source="#hair05-mesh-skin-bind_poses-array" count="1" stride="16">
              <param name="TRANSFORM" type="float4x4"/>
            </accessor>
          </technique_common>
        </source>
        <source id="hair05-mesh-skin-weights">
          <float_array id="hair05-mesh-skin-weights-array" count="1">1</float_array>
          <technique_common>
            <accessor source="#hair05-mesh-skin-weights-array" count="1" stride="1">
              <param name="WEIGHT" type="float"/>
            </accessor>
          </technique_common>
        </source>
        <joints>
          <input semantic="JOINT" source="#hair05-mesh-skin-joints"/>
          <input semantic="INV_BIND_MATRIX" source="#hair05-mesh-skin-bind_poses"/>
        </joints>
        <vertex_weights count="25">
          <input semantic="JOINT" source="#hair05-mesh-skin-joints" offset="0"/>
          <input semantic="WEIGHT" source="#hair05-mesh-skin-weights" offset="1"/>
          <vcount>1 1 1 1 1 1 1 1 1 1 1 1 1 1 1 1 1 1 1 1 1 1 1 1 1 </vcount>
          <v>0 0 0 0 0 0 0 0 0 0 0 0 0 0 0 0 0 0 0 0 0 0 0 0 0 0 0 0 0 0 0 0 0 0 0 0 0 0 0 0 0 0 0 0 0 0 0 0 0 0</v>
        </vertex_weights>
      </skin>
    </controller>
    <controller id="hair03-mesh-skin">
      <skin source="#hair03-mesh">
        <bind_shape_matrix>1 0 0 12.1949 0 1 0 -2.30139 0 0 1 -115.2 0 0 0 1</bind_shape_matrix>
        <source id="hair03-mesh-skin-joints">
          <Name_array id="hair03-mesh-skin-joints-array" count="1">Bone1</Name_array>
          <technique_common>
            <accessor source="#hair03-mesh-skin-joints-array" count="1" stride="1">
              <param name="JOINT" type="Name"/>
            </accessor>
          </technique_common>
        </source>
        <source id="hair03-mesh-skin-bind_poses">
          <float_array id="hair03-mesh-skin-bind_poses-array" count="16">0.000000 -0.258818 0.965926 -3089.57 -0.000001 -0.965926 -0.258818 802.366 1 -0.000001 -0.000000 -2.2854 0 0 0 1</float_array>
          <technique_common>
            <accessor source="#hair03-mesh-skin-bind_poses-array" count="1" stride="16">
              <param name="TRANSFORM" type="float4x4"/>
            </accessor>
          </technique_common>
        </source>
        <source id="hair03-mesh-skin-weights">
          <float_array id="hair03-mesh-skin-weights-array" count="1">1</float_array>
          <technique_common>
            <accessor source="#hair03-mesh-skin-weights-array" count="1" stride="1">
              <param name="WEIGHT" type="float"/>
            </accessor>
          </technique_common>
        </source>
        <joints>
          <input semantic="JOINT" source="#hair03-mesh-skin-joints"/>
          <input semantic="INV_BIND_MATRIX" source="#hair03-mesh-skin-bind_poses"/>
        </joints>
        <vertex_weights count="27">
          <input semantic="JOINT" source="#hair03-mesh-skin-joints" offset="0"/>
          <input semantic="WEIGHT" source="#hair03-mesh-skin-weights" offset="1"/>
          <vcount>1 1 1 1 1 1 1 1 1 1 1 1 1 1 1 1 1 1 1 1 1 1 1 1 1 1 1 </vcount>
          <v>0 0 0 0 0 0 0 0 0 0 0 0 0 0 0 0 0 0 0 0 0 0 0 0 0 0 0 0 0 0 0 0 0 0 0 0 0 0 0 0 0 0 0 0 0 0 0 0 0 0 0 0 0 0</v>
        </vertex_weights>
      </skin>
    </controller>
    <controller id="hair04-mesh-skin">
      <skin source="#hair04-mesh">
        <bind_shape_matrix>0.975228 0 0 -15.6981 0 1 0 -2.30115 0 0 1 -115.199 0 0 0 1</bind_shape_matrix>
        <source id="hair04-mesh-skin-joints">
          <Name_array id="hair04-mesh-skin-joints-array" count="1">Bone1</Name_array>
          <technique_common>
            <accessor source="#hair04-mesh-skin-joints-array" count="1" stride="1">
              <param name="JOINT" type="Name"/>
            </accessor>
          </technique_common>
        </source>
        <source id="hair04-mesh-skin-bind_poses">
          <float_array id="hair04-mesh-skin-bind_poses-array" count="16">0.000000 -0.258818 0.965926 -3089.57 -0.000001 -0.965926 -0.258818 802.366 1 -0.000001 -0.000000 -2.2854 0 0 0 1</float_array>
          <technique_common>
            <accessor source="#hair04-mesh-skin-bind_poses-array" count="1" stride="16">
              <param name="TRANSFORM" type="float4x4"/>
            </accessor>
          </technique_common>
        </source>
        <source id="hair04-mesh-skin-weights">
          <float_array id="hair04-mesh-skin-weights-array" count="1">1</float_array>
          <technique_common>
            <accessor source="#hair04-mesh-skin-weights-array" count="1" stride="1">
              <param name="WEIGHT" type="float"/>
            </accessor>
          </technique_common>
        </source>
        <joints>
          <input semantic="JOINT" source="#hair04-mesh-skin-joints"/>
          <input semantic="INV_BIND_MATRIX" source="#hair04-mesh-skin-bind_poses"/>
        </joints>
        <vertex_weights count="27">
          <input semantic="JOINT" source="#hair04-mesh-skin-joints" offset="0"/>
          <input semantic="WEIGHT" source="#hair04-mesh-skin-weights" offset="1"/>
          <vcount>1 1 1 1 1 1 1 1 1 1 1 1 1 1 1 1 1 1 1 1 1 1 1 1 1 1 1 </vcount>
          <v>0 0 0 0 0 0 0 0 0 0 0 0 0 0 0 0 0 0 0 0 0 0 0 0 0 0 0 0 0 0 0 0 0 0 0 0 0 0 0 0 0 0 0 0 0 0 0 0 0 0 0 0 0 0</v>
        </vertex_weights>
      </skin>
    </controller>
    <controller id="hair08-mesh-skin">
      <skin source="#hair08-mesh">
        <bind_shape_matrix>1 0 0 12.195 0 1 0 -2.30115 0 0 1 -115.2 0 0 0 1</bind_shape_matrix>
        <source id="hair08-mesh-skin-joints">
          <Name_array id="hair08-mesh-skin-joints-array" count="1">Bone1</Name_array>
          <technique_common>
            <accessor source="#hair08-mesh-skin-joints-array" count="1" stride="1">
              <param name="JOINT" type="Name"/>
            </accessor>
          </technique_common>
        </source>
        <source id="hair08-mesh-skin-bind_poses">
          <float_array id="hair08-mesh-skin-bind_poses-array" count="16">0.000000 -0.258818 0.965926 -3089.57 -0.000001 -0.965926 -0.258818 802.366 1 -0.000001 -0.000000 -2.2854 0 0 0 1</float_array>
          <technique_common>
            <accessor source="#hair08-mesh-skin-bind_poses-array" count="1" stride="16">
              <param name="TRANSFORM" type="float4x4"/>
            </accessor>
          </technique_common>
        </source>
        <source id="hair08-mesh-skin-weights">
          <float_array id="hair08-mesh-skin-weights-array" count="1">1</float_array>
          <technique_common>
            <accessor source="#hair08-mesh-skin-weights-array" count="1" stride="1">
              <param name="WEIGHT" type="float"/>
            </accessor>
          </technique_common>
        </source>
        <joints>
          <input semantic="JOINT" source="#hair08-mesh-skin-joints"/>
          <input semantic="INV_BIND_MATRIX" source="#hair08-mesh-skin-bind_poses"/>
        </joints>
        <vertex_weights count="37">
          <input semantic="JOINT" source="#hair08-mesh-skin-joints" offset="0"/>
          <input semantic="WEIGHT" source="#hair08-mesh-skin-weights" offset="1"/>
          <vcount>1 1 1 1 1 1 1 1 1 1 1 1 1 1 1 1 1 1 1 1 1 1 1 1 1 1 1 1 1 1 1 1 1 1 1 1 1 </vcount>
          <v>0 0 0 0 0 0 0 0 0 0 0 0 0 0 0 0 0 0 0 0 0 0 0 0 0 0 0 0 0 0 0 0 0 0 0 0 0 0 0 0 0 0 0 0 0 0 0 0 0 0 0 0 0 0 0 0 0 0 0 0 0 0 0 0 0 0 0 0 0 0 0 0 0 0</v>
        </vertex_weights>
      </skin>
    </controller>
    <controller id="hair09-mesh-skin">
      <skin source="#hair09-mesh">
        <bind_shape_matrix>1 0 0 12.1953 0 1 0 -2.30188 0 0 1 -115.199 0 0 0 1</bind_shape_matrix>
        <source id="hair09-mesh-skin-joints">
          <Name_array id="hair09-mesh-skin-joints-array" count="1">Bone1</Name_array>
          <technique_common>
            <accessor source="#hair09-mesh-skin-joints-array" count="1" stride="1">
              <param name="JOINT" type="Name"/>
            </accessor>
          </technique_common>
        </source>
        <source id="hair09-mesh-skin-bind_poses">
          <float_array id="hair09-mesh-skin-bind_poses-array" count="16">0.000000 -0.258818 0.965926 -3089.57 -0.000001 -0.965926 -0.258818 802.366 1 -0.000001 -0.000000 -2.2854 0 0 0 1</float_array>
          <technique_common>
            <accessor source="#hair09-mesh-skin-bind_poses-array" count="1" stride="16">
              <param name="TRANSFORM" type="float4x4"/>
            </accessor>
          </technique_common>
        </source>
        <source id="hair09-mesh-skin-weights">
          <float_array id="hair09-mesh-skin-weights-array" count="1">1</float_array>
          <technique_common>
            <accessor source="#hair09-mesh-skin-weights-array" count="1" stride="1">
              <param name="WEIGHT" type="float"/>
            </accessor>
          </technique_common>
        </source>
        <joints>
          <input semantic="JOINT" source="#hair09-mesh-skin-joints"/>
          <input semantic="INV_BIND_MATRIX" source="#hair09-mesh-skin-bind_poses"/>
        </joints>
        <vertex_weights count="34">
          <input semantic="JOINT" source="#hair09-mesh-skin-joints" offset="0"/>
          <input semantic="WEIGHT" source="#hair09-mesh-skin-weights" offset="1"/>
          <vcount>1 1 1 1 1 1 1 1 1 1 1 1 1 1 1 1 1 1 1 1 1 1 1 1 1 1 1 1 1 1 1 1 1 1 </vcount>
          <v>0 0 0 0 0 0 0 0 0 0 0 0 0 0 0 0 0 0 0 0 0 0 0 0 0 0 0 0 0 0 0 0 0 0 0 0 0 0 0 0 0 0 0 0 0 0 0 0 0 0 0 0 0 0 0 0 0 0 0 0 0 0 0 0 0 0 0 0</v>
        </vertex_weights>
      </skin>
    </controller>
    <controller id="hair10-mesh-skin">
      <skin source="#hair10-mesh">
        <bind_shape_matrix>1 0 0 12.1959 0 1 0 -2.30115 0 0 1 -115.199 0 0 0 1</bind_shape_matrix>
        <source id="hair10-mesh-skin-joints">
          <Name_array id="hair10-mesh-skin-joints-array" count="1">Bone1</Name_array>
          <technique_common>
            <accessor source="#hair10-mesh-skin-joints-array" count="1" stride="1">
              <param name="JOINT" type="Name"/>
            </accessor>
          </technique_common>
        </source>
        <source id="hair10-mesh-skin-bind_poses">
          <float_array id="hair10-mesh-skin-bind_poses-array" count="16">0.000000 -0.258818 0.965926 -3089.57 -0.000001 -0.965926 -0.258818 802.366 1 -0.000001 -0.000000 -2.2854 0 0 0 1</float_array>
          <technique_common>
            <accessor source="#hair10-mesh-skin-bind_poses-array" count="1" stride="16">
              <param name="TRANSFORM" type="float4x4"/>
            </accessor>
          </technique_common>
        </source>
        <source id="hair10-mesh-skin-weights">
          <float_array id="hair10-mesh-skin-weights-array" count="1">1</float_array>
          <technique_common>
            <accessor source="#hair10-mesh-skin-weights-array" count="1" stride="1">
              <param name="WEIGHT" type="float"/>
            </accessor>
          </technique_common>
        </source>
        <joints>
          <input semantic="JOINT" source="#hair10-mesh-skin-joints"/>
          <input semantic="INV_BIND_MATRIX" source="#hair10-mesh-skin-bind_poses"/>
        </joints>
        <vertex_weights count="49">
          <input semantic="JOINT" source="#hair10-mesh-skin-joints" offset="0"/>
          <input semantic="WEIGHT" source="#hair10-mesh-skin-weights" offset="1"/>
          <vcount>1 1 1 1 1 1 1 1 1 1 1 1 1 1 1 1 1 1 1 1 1 1 1 1 1 1 1 1 1 1 1 1 1 1 1 1 1 1 1 1 1 1 1 1 1 1 1 1 1 </vcount>
          <v>0 0 0 0 0 0 0 0 0 0 0 0 0 0 0 0 0 0 0 0 0 0 0 0 0 0 0 0 0 0 0 0 0 0 0 0 0 0 0 0 0 0 0 0 0 0 0 0 0 0 0 0 0 0 0 0 0 0 0 0 0 0 0 0 0 0 0 0 0 0 0 0 0 0 0 0 0 0 0 0 0 0 0 0 0 0 0 0 0 0 0 0 0 0 0 0 0 0</v>
        </vertex_weights>
      </skin>
    </controller>
    <controller id="hat04-mesh-skin">
      <skin source="#hat04-mesh">
        <bind_shape_matrix>1 0 0 113.509 0 1 0 132.776 0 0 1 214.451 0 0 0 1</bind_shape_matrix>
        <source id="hat04-mesh-skin-joints">
          <Name_array id="hat04-mesh-skin-joints-array" count="1">Bone1</Name_array>
          <technique_common>
            <accessor source="#hat04-mesh-skin-joints-array" count="1" stride="1">
              <param name="JOINT" type="Name"/>
            </accessor>
          </technique_common>
        </source>
        <source id="hat04-mesh-skin-bind_poses">
          <float_array id="hat04-mesh-skin-bind_poses-array" count="16">0.000000 -0.258818 0.965926 -3089.57 -0.000001 -0.965926 -0.258818 802.366 1 -0.000001 -0.000000 -2.2854 0 0 0 1</float_array>
          <technique_common>
            <accessor source="#hat04-mesh-skin-bind_poses-array" count="1" stride="16">
              <param name="TRANSFORM" type="float4x4"/>
            </accessor>
          </technique_common>
        </source>
        <source id="hat04-mesh-skin-weights">
          <float_array id="hat04-mesh-skin-weights-array" count="1">1</float_array>
          <technique_common>
            <accessor source="#hat04-mesh-skin-weights-array" count="1" stride="1">
              <param name="WEIGHT" type="float"/>
            </accessor>
          </technique_common>
        </source>
        <joints>
          <input semantic="JOINT" source="#hat04-mesh-skin-joints"/>
          <input semantic="INV_BIND_MATRIX" source="#hat04-mesh-skin-bind_poses"/>
        </joints>
        <vertex_weights count="22">
          <input semantic="JOINT" source="#hat04-mesh-skin-joints" offset="0"/>
          <input semantic="WEIGHT" source="#hat04-mesh-skin-weights" offset="1"/>
          <vcount>1 1 1 1 1 1 1 1 1 1 1 1 1 1 1 1 1 1 1 1 1 1 </vcount>
          <v>0 0 0 0 0 0 0 0 0 0 0 0 0 0 0 0 0 0 0 0 0 0 0 0 0 0 0 0 0 0 0 0 0 0 0 0 0 0 0 0 0 0 0 0</v>
        </vertex_weights>
      </skin>
    </controller>
    <controller id="hat08-mesh-skin">
      <skin source="#hat08-mesh">
        <bind_shape_matrix>1 0 0 49.8435 0 1 0 -27.2358 0 0 1 -469.841 0 0 0 1</bind_shape_matrix>
        <source id="hat08-mesh-skin-joints">
          <Name_array id="hat08-mesh-skin-joints-array" count="1">Bone1</Name_array>
          <technique_common>
            <accessor source="#hat08-mesh-skin-joints-array" count="1" stride="1">
              <param name="JOINT" type="Name"/>
            </accessor>
          </technique_common>
        </source>
        <source id="hat08-mesh-skin-bind_poses">
          <float_array id="hat08-mesh-skin-bind_poses-array" count="16">0.000000 -0.258818 0.965926 -3089.57 -0.000001 -0.965926 -0.258818 802.366 1 -0.000001 -0.000000 -2.2854 0 0 0 1</float_array>
          <technique_common>
            <accessor source="#hat08-mesh-skin-bind_poses-array" count="1" stride="16">
              <param name="TRANSFORM" type="float4x4"/>
            </accessor>
          </technique_common>
        </source>
        <source id="hat08-mesh-skin-weights">
          <float_array id="hat08-mesh-skin-weights-array" count="1">1</float_array>
          <technique_common>
            <accessor source="#hat08-mesh-skin-weights-array" count="1" stride="1">
              <param name="WEIGHT" type="float"/>
            </accessor>
          </technique_common>
        </source>
        <joints>
          <input semantic="JOINT" source="#hat08-mesh-skin-joints"/>
          <input semantic="INV_BIND_MATRIX" source="#hat08-mesh-skin-bind_poses"/>
        </joints>
        <vertex_weights count="12">
          <input semantic="JOINT" source="#hat08-mesh-skin-joints" offset="0"/>
          <input semantic="WEIGHT" source="#hat08-mesh-skin-weights" offset="1"/>
          <vcount>1 1 1 1 1 1 1 1 1 1 1 1 </vcount>
          <v>0 0 0 0 0 0 0 0 0 0 0 0 0 0 0 0 0 0 0 0 0 0 0 0</v>
        </vertex_weights>
      </skin>
    </controller>
    <controller id="shirt01-mesh-skin">
      <skin source="#shirt01-mesh">
        <bind_shape_matrix>1 0 0 0 0 1 0 0 0 0 1 0 0 0 0 1</bind_shape_matrix>
        <source id="shirt01-mesh-skin-joints">
          <Name_array id="shirt01-mesh-skin-joints-array" count="2">Bone2 Bone3</Name_array>
          <technique_common>
            <accessor source="#shirt01-mesh-skin-joints-array" count="2" stride="1">
              <param name="JOINT" type="Name"/>
            </accessor>
          </technique_common>
        </source>
        <source id="shirt01-mesh-skin-bind_poses">
          <float_array id="shirt01-mesh-skin-bind_poses-array" count="32">0 -0.000796 1 -1385.98 -0.000001 -1 -0.000796 -20.4726 1 -0.000001 0 9.90476 0 0 0 1 0 -0.000796 1 -2304.13 -0.000001 -1 -0.000796 -19.789 1 -0.000001 0 9.90476 0 0 0 1</float_array>
          <technique_common>
            <accessor source="#shirt01-mesh-skin-bind_poses-array" count="2" stride="16">
              <param name="TRANSFORM" type="float4x4"/>
            </accessor>
          </technique_common>
        </source>
        <source id="shirt01-mesh-skin-weights">
          <float_array id="shirt01-mesh-skin-weights-array" count="17">1 0.709661 0.290339 0.645421 0.354579 0.643014 0.356986 0.572959 0.427041 0.628297 0.371703 0.683182 0.316818 0.630896 0.369104 0.572771 0.427229</float_array>
          <technique_common>
            <accessor source="#shirt01-mesh-skin-weights-array" count="17" stride="1">
              <param name="WEIGHT" type="float"/>
            </accessor>
          </technique_common>
        </source>
        <joints>
          <input semantic="JOINT" source="#shirt01-mesh-skin-joints"/>
          <input semantic="INV_BIND_MATRIX" source="#shirt01-mesh-skin-bind_poses"/>
        </joints>
        <vertex_weights count="21">
          <input semantic="JOINT" source="#shirt01-mesh-skin-joints" offset="0"/>
          <input semantic="WEIGHT" source="#shirt01-mesh-skin-weights" offset="1"/>
          <vcount>1 1 1 1 1 2 2 1 1 2 1 2 1 2 1 2 1 2 1 2 1 </vcount>
          <v>1 0 1 0 1 0 1 0 1 0 0 1 1 2 0 3 1 4 0 0 0 0 0 5 1 6 0 0 0 7 1 8 0 0 0 9 1 10 0 0 0 11 1 12 0 0 0 13 1 14 0 0 0 15 1 16 0 0</v>
        </vertex_weights>
      </skin>
    </controller>
    <controller id="hat05-mesh-skin">
      <skin source="#hat05-mesh">
        <bind_shape_matrix>1 0 0 103.599 0 0.996195 0.087155 -354.778 0 -0.087155 0.996195 -194.163 0 0 0 1</bind_shape_matrix>
        <source id="hat05-mesh-skin-joints">
          <Name_array id="hat05-mesh-skin-joints-array" count="1">Bone1</Name_array>
          <technique_common>
            <accessor source="#hat05-mesh-skin-joints-array" count="1" stride="1">
              <param name="JOINT" type="Name"/>
            </accessor>
          </technique_common>
        </source>
        <source id="hat05-mesh-skin-bind_poses">
          <float_array id="hat05-mesh-skin-bind_poses-array" count="16">0.000000 -0.258818 0.965926 -3089.57 -0.000001 -0.965926 -0.258818 802.366 1 -0.000001 -0.000000 -2.2854 0 0 0 1</float_array>
          <technique_common>
            <accessor source="#hat05-mesh-skin-bind_poses-array" count="1" stride="16">
              <param name="TRANSFORM" type="float4x4"/>
            </accessor>
          </technique_common>
        </source>
        <source id="hat05-mesh-skin-weights">
          <float_array id="hat05-mesh-skin-weights-array" count="1">1</float_array>
          <technique_common>
            <accessor source="#hat05-mesh-skin-weights-array" count="1" stride="1">
              <param name="WEIGHT" type="float"/>
            </accessor>
          </technique_common>
        </source>
        <joints>
          <input semantic="JOINT" source="#hat05-mesh-skin-joints"/>
          <input semantic="INV_BIND_MATRIX" source="#hat05-mesh-skin-bind_poses"/>
        </joints>
        <vertex_weights count="35">
          <input semantic="JOINT" source="#hat05-mesh-skin-joints" offset="0"/>
          <input semantic="WEIGHT" source="#hat05-mesh-skin-weights" offset="1"/>
          <vcount>1 1 1 1 1 1 1 1 1 1 1 1 1 1 1 1 1 1 1 1 1 1 1 1 1 1 1 1 1 1 1 1 1 1 1 </vcount>
          <v>0 0 0 0 0 0 0 0 0 0 0 0 0 0 0 0 0 0 0 0 0 0 0 0 0 0 0 0 0 0 0 0 0 0 0 0 0 0 0 0 0 0 0 0 0 0 0 0 0 0 0 0 0 0 0 0 0 0 0 0 0 0 0 0 0 0 0 0 0 0</v>
        </vertex_weights>
      </skin>
    </controller>
    <controller id="hair06-mesh-skin">
      <skin source="#hair06-mesh">
        <bind_shape_matrix>1 0 0 12.1939 0 1 0 -2.30127 0 0 1 -115.2 0 0 0 1</bind_shape_matrix>
        <source id="hair06-mesh-skin-joints">
          <Name_array id="hair06-mesh-skin-joints-array" count="1">Bone1</Name_array>
          <technique_common>
            <accessor source="#hair06-mesh-skin-joints-array" count="1" stride="1">
              <param name="JOINT" type="Name"/>
            </accessor>
          </technique_common>
        </source>
        <source id="hair06-mesh-skin-bind_poses">
          <float_array id="hair06-mesh-skin-bind_poses-array" count="16">0.000000 -0.258818 0.965926 -3089.57 -0.000001 -0.965926 -0.258818 802.366 1 -0.000001 -0.000000 -2.2854 0 0 0 1</float_array>
          <technique_common>
            <accessor source="#hair06-mesh-skin-bind_poses-array" count="1" stride="16">
              <param name="TRANSFORM" type="float4x4"/>
            </accessor>
          </technique_common>
        </source>
        <source id="hair06-mesh-skin-weights">
          <float_array id="hair06-mesh-skin-weights-array" count="1">1</float_array>
          <technique_common>
            <accessor source="#hair06-mesh-skin-weights-array" count="1" stride="1">
              <param name="WEIGHT" type="float"/>
            </accessor>
          </technique_common>
        </source>
        <joints>
          <input semantic="JOINT" source="#hair06-mesh-skin-joints"/>
          <input semantic="INV_BIND_MATRIX" source="#hair06-mesh-skin-bind_poses"/>
        </joints>
        <vertex_weights count="44">
          <input semantic="JOINT" source="#hair06-mesh-skin-joints" offset="0"/>
          <input semantic="WEIGHT" source="#hair06-mesh-skin-weights" offset="1"/>
          <vcount>1 1 1 1 1 1 1 1 1 1 1 1 1 1 1 1 1 1 1 1 1 1 1 1 1 1 1 1 1 1 1 1 1 1 1 1 1 1 1 1 1 1 1 1 </vcount>
          <v>0 0 0 0 0 0 0 0 0 0 0 0 0 0 0 0 0 0 0 0 0 0 0 0 0 0 0 0 0 0 0 0 0 0 0 0 0 0 0 0 0 0 0 0 0 0 0 0 0 0 0 0 0 0 0 0 0 0 0 0 0 0 0 0 0 0 0 0 0 0 0 0 0 0 0 0 0 0 0 0 0 0 0 0 0 0 0 0</v>
        </vertex_weights>
      </skin>
    </controller>
    <controller id="dress-mesh-skin">
      <skin source="#dress-mesh">
        <bind_shape_matrix>1 0 0 0 0 1 0 0 0 0 1 0 0 0 0 1</bind_shape_matrix>
        <source id="dress-mesh-skin-joints">
          <Name_array id="dress-mesh-skin-joints-array" count="1">Bone2</Name_array>
          <technique_common>
            <accessor source="#dress-mesh-skin-joints-array" count="1" stride="1">
              <param name="JOINT" type="Name"/>
            </accessor>
          </technique_common>
        </source>
        <source id="dress-mesh-skin-bind_poses">
          <float_array id="dress-mesh-skin-bind_poses-array" count="16">0 -0.004243 0.999991 -1386.05 -0.000001 -0.999991 -0.004243 -15.6942 1 -0.000001 0 -2.28767 0 0 0 1</float_array>
          <technique_common>
            <accessor source="#dress-mesh-skin-bind_poses-array" count="1" stride="16">
              <param name="TRANSFORM" type="float4x4"/>
            </accessor>
          </technique_common>
        </source>
        <source id="dress-mesh-skin-weights">
          <float_array id="dress-mesh-skin-weights-array" count="1">1</float_array>
          <technique_common>
            <accessor source="#dress-mesh-skin-weights-array" count="1" stride="1">
              <param name="WEIGHT" type="float"/>
            </accessor>
          </technique_common>
        </source>
        <joints>
          <input semantic="JOINT" source="#dress-mesh-skin-joints"/>
          <input semantic="INV_BIND_MATRIX" source="#dress-mesh-skin-bind_poses"/>
        </joints>
        <vertex_weights count="16">
          <input semantic="JOINT" source="#dress-mesh-skin-joints" offset="0"/>
          <input semantic="WEIGHT" source="#dress-mesh-skin-weights" offset="1"/>
          <vcount>1 1 1 1 1 1 1 1 1 1 1 1 1 1 1 1 </vcount>
          <v>0 0 0 0 0 0 0 0 0 0 0 0 0 0 0 0 0 0 0 0 0 0 0 0 0 0 0 0 0 0 0 0</v>
        </vertex_weights>
      </skin>
    </controller>
    <controller id="pants01-mesh-skin">
      <skin source="#pants01-mesh">
        <bind_shape_matrix>1 0 0 -25.4298 0 1 0 0 0 0 1 0 0 0 0 1</bind_shape_matrix>
        <source id="pants01-mesh-skin-joints">
          <Name_array id="pants01-mesh-skin-joints-array" count="6">Bone4 Bone5 Bone6 Bone7 Bone8 Bone9</Name_array>
          <technique_common>
            <accessor source="#pants01-mesh-skin-joints-array" count="6" stride="1">
              <param name="JOINT" type="Name"/>
            </accessor>
          </technique_common>
        </source>
        <source id="pants01-mesh-skin-bind_poses">
          <float_array id="pants01-mesh-skin-bind_poses-array" count="96">0 -0.099833 -0.995004 1156.25 0.000001 -0.995004 0.099833 -138.432 -1 -0.000001 0 463.62 0 0 0 1 -0.000000 0.099833 -0.995004 666.079 0.000001 -0.995004 -0.099833 -6.22636 -1 -0.000001 0 463.62 0 0 0 1 0 0 -1 230.903 0.000001 -1 0 -29.4252 -1 -0.000001 0 463.62 0 0 0 1 -0.000000 0.099833 -0.995004 666.079 0.000001 -0.995004 -0.099833 -6.22637 -1 -0.000001 0 -459.045 0 0 0 1 0 -0.099833 -0.995004 1156.25 0.000001 -0.995004 0.099833 -138.432 -1 -0.000001 0 -459.045 0 0 0 1 0 0 -1 230.903 0.000001 -1 0 -29.4252 -1 -0.000001 0 -459.045 0 0 0 1</float_array>
          <technique_common>
            <accessor source="#pants01-mesh-skin-bind_poses-array" count="6" stride="16">
              <param name="TRANSFORM" type="float4x4"/>
            </accessor>
          </technique_common>
        </source>
        <source id="pants01-mesh-skin-weights">
          <float_array id="pants01-mesh-skin-weights-array" count="34">1 0.994034 0.005966 0.944941 0.055058 0.644985 0.355008 0.000006 0.019879 0.980121 0.000829 0.999171 0.017229 0.982771 0.062522 0.937477 0.000114 0.999886 0.000422 0.999578 0.980055 0.019945 0.396044 0.603956 0.028743 0.971257 0.000944 0.999055 0.060608 0.939392 0.017687 0.982312 0.000306 0.999694</float_array>
          <technique_common>
            <accessor source="#pants01-mesh-skin-weights-array" count="34" stride="1">
              <param name="WEIGHT" type="float"/>
            </accessor>
          </technique_common>
        </source>
        <joints>
          <input semantic="JOINT" source="#pants01-mesh-skin-joints"/>
          <input semantic="INV_BIND_MATRIX" source="#pants01-mesh-skin-bind_poses"/>
        </joints>
        <vertex_weights count="32">
          <input semantic="JOINT" source="#pants01-mesh-skin-joints" offset="0"/>
          <input semantic="WEIGHT" source="#pants01-mesh-skin-weights" offset="1"/>
          <vcount>1 2 1 1 1 2 3 2 1 1 2 1 2 2 2 1 1 1 2 1 2 2 2 1 1 2 1 1 2 2 1 2 </vcount>
          <v>0 0 0 1 1 2 0 0 0 0 0 0 0 3 4 4 0 5 1 6 4 7 0 8 1 9 2 0 2 0 0 10 2 11 2 0 0 12 2 13 0 14 2 15 0 16 2 17 2 0 4 0 4 0 3 18 4 19 4 0 3 20 4 21 3 22 4 23 0 24 4 25 4 0 5 0 4 26 5 27 5 0 5 0 4 28 5 29 4 30 5 31 5 0 4 32 5 33</v>
        </vertex_weights>
      </skin>
    </controller>
    <controller id="face0-mesh-skin">
      <skin source="#face0-mesh">
        <bind_shape_matrix>1 0 0 0 0 1 0 0 0 0 1 0 0 0 0 1</bind_shape_matrix>
        <source id="face0-mesh-skin-joints">
          <Name_array id="face0-mesh-skin-joints-array" count="1">Bone1</Name_array>
          <technique_common>
            <accessor source="#face0-mesh-skin-joints-array" count="1" stride="1">
              <param name="JOINT" type="Name"/>
            </accessor>
          </technique_common>
        </source>
        <source id="face0-mesh-skin-bind_poses">
          <float_array id="face0-mesh-skin-bind_poses-array" count="16">0.000000 -0.258818 0.965926 -3200.25 -0.000001 -0.965926 -0.258818 834.405 1 -0.000001 -0.000000 9.90713 0 0 0 1</float_array>
          <technique_common>
            <accessor source="#face0-mesh-skin-bind_poses-array" count="1" stride="16">
              <param name="TRANSFORM" type="float4x4"/>
            </accessor>
          </technique_common>
        </source>
        <source id="face0-mesh-skin-weights">
          <float_array id="face0-mesh-skin-weights-array" count="1">1</float_array>
          <technique_common>
            <accessor source="#face0-mesh-skin-weights-array" count="1" stride="1">
              <param name="WEIGHT" type="float"/>
            </accessor>
          </technique_common>
        </source>
        <joints>
          <input semantic="JOINT" source="#face0-mesh-skin-joints"/>
          <input semantic="INV_BIND_MATRIX" source="#face0-mesh-skin-bind_poses"/>
        </joints>
        <vertex_weights count="28">
          <input semantic="JOINT" source="#face0-mesh-skin-joints" offset="0"/>
          <input semantic="WEIGHT" source="#face0-mesh-skin-weights" offset="1"/>
          <vcount>1 1 1 1 1 1 1 1 1 1 1 1 1 1 1 1 1 1 1 1 1 1 1 1 1 1 1 1 </vcount>
          <v>0 0 0 0 0 0 0 0 0 0 0 0 0 0 0 0 0 0 0 0 0 0 0 0 0 0 0 0 0 0 0 0 0 0 0 0 0 0 0 0 0 0 0 0 0 0 0 0 0 0 0 0 0 0 0 0</v>
        </vertex_weights>
      </skin>
    </controller>
    <controller id="hat06-mesh-skin">
      <skin source="#hat06-mesh">
        <bind_shape_matrix>1 0 0 15.7457 0 1 0 -347.538 0 0 1 41.3691 0 0 0 1</bind_shape_matrix>
        <source id="hat06-mesh-skin-joints">
          <Name_array id="hat06-mesh-skin-joints-array" count="1">Bone1</Name_array>
          <technique_common>
            <accessor source="#hat06-mesh-skin-joints-array" count="1" stride="1">
              <param name="JOINT" type="Name"/>
            </accessor>
          </technique_common>
        </source>
        <source id="hat06-mesh-skin-bind_poses">
          <float_array id="hat06-mesh-skin-bind_poses-array" count="16">0.000000 -0.258818 0.965926 -3089.57 -0.000001 -0.965926 -0.258818 802.366 1 -0.000001 -0.000000 -2.2854 0 0 0 1</float_array>
          <technique_common>
            <accessor source="#hat06-mesh-skin-bind_poses-array" count="1" stride="16">
              <param name="TRANSFORM" type="float4x4"/>
            </accessor>
          </technique_common>
        </source>
        <source id="hat06-mesh-skin-weights">
          <float_array id="hat06-mesh-skin-weights-array" count="1">1</float_array>
          <technique_common>
            <accessor source="#hat06-mesh-skin-weights-array" count="1" stride="1">
              <param name="WEIGHT" type="float"/>
            </accessor>
          </technique_common>
        </source>
        <joints>
          <input semantic="JOINT" source="#hat06-mesh-skin-joints"/>
          <input semantic="INV_BIND_MATRIX" source="#hat06-mesh-skin-bind_poses"/>
        </joints>
        <vertex_weights count="24">
          <input semantic="JOINT" source="#hat06-mesh-skin-joints" offset="0"/>
          <input semantic="WEIGHT" source="#hat06-mesh-skin-weights" offset="1"/>
          <vcount>1 1 1 1 1 1 1 1 1 1 1 1 1 1 1 1 1 1 1 1 1 1 1 1 </vcount>
          <v>0 0 0 0 0 0 0 0 0 0 0 0 0 0 0 0 0 0 0 0 0 0 0 0 0 0 0 0 0 0 0 0 0 0 0 0 0 0 0 0 0 0 0 0 0 0 0 0</v>
        </vertex_weights>
      </skin>
    </controller>
    <controller id="tray-mesh-skin">
      <skin source="#tray-mesh">
        <bind_shape_matrix>1.73961 -0.002101 -0.055196 -1455.07 -0.055184 0.009764 -1.73958 -609.073 0.00241 1.74046 0.009693 1090.29 0 0 0 1</bind_shape_matrix>
        <source id="tray-mesh-skin-joints">
          <Name_array id="tray-mesh-skin-joints-array" count="1">Bone10</Name_array>
          <technique_common>
            <accessor source="#tray-mesh-skin-joints-array" count="1" stride="1">
              <param name="JOINT" type="Name"/>
            </accessor>
          </technique_common>
        </source>
        <source id="tray-mesh-skin-bind_poses">
          <float_array id="tray-mesh-skin-bind_poses-array" count="16">-0.350227 -0.174894 -0.920192 993.576 0.933214 0.0191 -0.358813 1758.62 0.08033 -0.984402 0.156524 -274.294 0 0 0 1</float_array>
          <technique_common>
            <accessor source="#tray-mesh-skin-bind_poses-array" count="1" stride="16">
              <param name="TRANSFORM" type="float4x4"/>
            </accessor>
          </technique_common>
        </source>
        <source id="tray-mesh-skin-weights">
          <float_array id="tray-mesh-skin-weights-array" count="1">1</float_array>
          <technique_common>
            <accessor source="#tray-mesh-skin-weights-array" count="1" stride="1">
              <param name="WEIGHT" type="float"/>
            </accessor>
          </technique_common>
        </source>
        <joints>
          <input semantic="JOINT" source="#tray-mesh-skin-joints"/>
          <input semantic="INV_BIND_MATRIX" source="#tray-mesh-skin-bind_poses"/>
        </joints>
        <vertex_weights count="46">
          <input semantic="JOINT" source="#tray-mesh-skin-joints" offset="0"/>
          <input semantic="WEIGHT" source="#tray-mesh-skin-weights" offset="1"/>
          <vcount>1 1 1 1 1 1 1 1 1 1 1 1 1 1 1 1 1 1 1 1 1 1 1 1 1 1 1 1 1 1 1 1 1 1 1 1 1 1 1 1 1 1 1 1 1 1 </vcount>
          <v>0 0 0 0 0 0 0 0 0 0 0 0 0 0 0 0 0 0 0 0 0 0 0 0 0 0 0 0 0 0 0 0 0 0 0 0 0 0 0 0 0 0 0 0 0 0 0 0 0 0 0 0 0 0 0 0 0 0 0 0 0 0 0 0 0 0 0 0 0 0 0 0 0 0 0 0 0 0 0 0 0 0 0 0 0 0 0 0 0 0 0 0</v>
        </vertex_weights>
      </skin>
    </controller>
    <controller id="armleft-mesh-skin">
      <skin source="#armleft-mesh">
        <bind_shape_matrix>1 0 0 0 0 1 0 0 0 0 1 0 0 0 0 1</bind_shape_matrix>
        <source id="armleft-mesh-skin-joints">
          <Name_array id="armleft-mesh-skin-joints-array" count="3">Bone11 Bone12 Bone13</Name_array>
          <technique_common>
            <accessor source="#armleft-mesh-skin-joints-array" count="3" stride="1">
              <param name="JOINT" type="Name"/>
            </accessor>
          </technique_common>
        </source>
        <source id="armleft-mesh-skin-bind_poses">
          <float_array id="armleft-mesh-skin-bind_poses-array" count="48">0.65249 0.075654 -0.754012 1963.47 -0.000001 0.995004 0.099833 -291.123 0.757798 -0.065139 0.64923 -2546.16 0 0 0 1 0.639484 -0.12353 -0.758816 1037.95 0.129628 0.990201 -0.051955 -86.6419 0.757798 -0.065139 0.64923 -2546.16 0 0 0 1 0.639484 -0.12353 -0.758815 303.882 -0.757694 0.065927 -0.649271 2546.09 0.130232 0.990148 -0.051438 -88.6693 0 0 0 1</float_array>
          <technique_common>
            <accessor source="#armleft-mesh-skin-bind_poses-array" count="3" stride="16">
              <param name="TRANSFORM" type="float4x4"/>
            </accessor>
          </technique_common>
        </source>
        <source id="armleft-mesh-skin-weights">
          <float_array id="armleft-mesh-skin-weights-array" count="23">1 0.439662 0.560338 0.429622 0.570378 0.999634 0.000365 0.642387 0.357613 0.993698 0.006301 0.785879 0.214121 0.940904 0.059095 0.648631 0.351369 0.945676 0.054324 0.593093 0.406907 0.996575 0.003425</float_array>
          <technique_common>
            <accessor source="#armleft-mesh-skin-weights-array" count="23" stride="1">
              <param name="WEIGHT" type="float"/>
            </accessor>
          </technique_common>
        </source>
        <joints>
          <input semantic="JOINT" source="#armleft-mesh-skin-joints"/>
          <input semantic="INV_BIND_MATRIX" source="#armleft-mesh-skin-bind_poses"/>
        </joints>
        <vertex_weights count="29">
          <input semantic="JOINT" source="#armleft-mesh-skin-joints" offset="0"/>
          <input semantic="WEIGHT" source="#armleft-mesh-skin-weights" offset="1"/>
          <vcount>2 1 2 2 2 2 2 1 1 1 1 1 1 1 2 2 2 2 2 1 1 1 1 1 1 1 1 1 1 </vcount>
          <v>0 1 1 2 1 0 0 3 1 4 1 5 2 6 0 7 1 8 1 9 2 10 0 11 1 12 1 0 2 0 2 0 2 0 2 0 2 0 2 0 0 13 1 14 0 15 1 16 0 17 1 18 0 19 1 20 0 21 1 22 0 0 0 0 0 0 0 0 0 0 0 0 0 0 0 0 0 0 0 0</v>
        </vertex_weights>
      </skin>
    </controller>
    <controller id="armright-mesh-skin">
      <skin source="#armright-mesh">
        <bind_shape_matrix>1 0 0 -50.7799 0 1 0 0 0 0 1 0 0 0 0 1</bind_shape_matrix>
        <source id="armright-mesh-skin-joints">
          <Name_array id="armright-mesh-skin-joints-array" count="3">Bone14 Bone15 Bone10</Name_array>
          <technique_common>
            <accessor source="#armright-mesh-skin-joints-array" count="3" stride="1">
              <param name="JOINT" type="Name"/>
            </accessor>
          </technique_common>
        </source>
        <source id="armright-mesh-skin-bind_poses">
          <float_array id="armright-mesh-skin-bind_poses-array" count="48">-0.65249 0.075652 -0.754012 1950.55 -0.000001 0.995004 0.099833 -291.123 0.757798 0.065141 -0.64923 2561.18 0 0 0 1 -0.639483 -0.123532 -0.758816 1025.28 -0.129631 0.9902 -0.051955 -89.2098 0.757798 0.065141 -0.64923 2561.18 0 0 0 1 -0.639483 -0.123532 -0.758816 291.215 0.757694 0.065929 -0.649271 2561.1 0.130234 -0.990148 0.051438 91.2492 0 0 0 1</float_array>
          <technique_common>
            <accessor source="#armright-mesh-skin-bind_poses-array" count="3" stride="16">
              <param name="TRANSFORM" type="float4x4"/>
            </accessor>
          </technique_common>
        </source>
        <source id="armright-mesh-skin-weights">
          <float_array id="armright-mesh-skin-weights-array" count="23">1 0.393306 0.606694 0.405089 0.594911 0.999866 0.000134 0.661264 0.338736 0.999801 0.000199 0.776678 0.223322 0.896334 0.103666 0.934679 0.06532 0.628442 0.371558 0.595766 0.404234 0.998283 0.001717</float_array>
          <technique_common>
            <accessor source="#armright-mesh-skin-weights-array" count="23" stride="1">
              <param name="WEIGHT" type="float"/>
            </accessor>
          </technique_common>
        </source>
        <joints>
          <input semantic="JOINT" source="#armright-mesh-skin-joints"/>
          <input semantic="INV_BIND_MATRIX" source="#armright-mesh-skin-bind_poses"/>
        </joints>
        <vertex_weights count="29">
          <input semantic="JOINT" source="#armright-mesh-skin-joints" offset="0"/>
          <input semantic="WEIGHT" source="#armright-mesh-skin-weights" offset="1"/>
          <vcount>2 2 1 2 2 2 2 1 1 1 1 1 1 1 2 2 2 2 2 1 1 1 1 1 1 1 1 1 1 </vcount>
          <v>0 1 1 2 0 3 1 4 1 0 1 5 2 6 0 7 1 8 1 9 2 10 0 11 1 12 1 0 2 0 2 0 2 0 2 0 2 0 2 0 0 13 1 14 0 15 1 16 0 17 1 18 0 19 1 20 0 21 1 22 0 0 0 0 0 0 0 0 0 0 0 0 0 0 0 0 0 0 0 0</v>
        </vertex_weights>
      </skin>
    </controller>
    <controller id="hair01-mesh-skin">
      <skin source="#hair01-mesh">
        <bind_shape_matrix>1 0 0 12.1949 0 1 0 -2.30139 0 0 1 -115.2 0 0 0 1</bind_shape_matrix>
        <source id="hair01-mesh-skin-joints">
          <Name_array id="hair01-mesh-skin-joints-array" count="1">Bone1</Name_array>
          <technique_common>
            <accessor source="#hair01-mesh-skin-joints-array" count="1" stride="1">
              <param name="JOINT" type="Name"/>
            </accessor>
          </technique_common>
        </source>
        <source id="hair01-mesh-skin-bind_poses">
          <float_array id="hair01-mesh-skin-bind_poses-array" count="16">0.000000 -0.258818 0.965926 -3089.57 -0.000001 -0.965926 -0.258818 802.366 1 -0.000001 -0.000000 -2.2854 0 0 0 1</float_array>
          <technique_common>
            <accessor source="#hair01-mesh-skin-bind_poses-array" count="1" stride="16">
              <param name="TRANSFORM" type="float4x4"/>
            </accessor>
          </technique_common>
        </source>
        <source id="hair01-mesh-skin-weights">
          <float_array id="hair01-mesh-skin-weights-array" count="1">1</float_array>
          <technique_common>
            <accessor source="#hair01-mesh-skin-weights-array" count="1" stride="1">
              <param name="WEIGHT" type="float"/>
            </accessor>
          </technique_common>
        </source>
        <joints>
          <input semantic="JOINT" source="#hair01-mesh-skin-joints"/>
          <input semantic="INV_BIND_MATRIX" source="#hair01-mesh-skin-bind_poses"/>
        </joints>
        <vertex_weights count="31">
          <input semantic="JOINT" source="#hair01-mesh-skin-joints" offset="0"/>
          <input semantic="WEIGHT" source="#hair01-mesh-skin-weights" offset="1"/>
          <vcount>1 1 1 1 1 1 1 1 1 1 1 1 1 1 1 1 1 1 1 1 1 1 1 1 1 1 1 1 1 1 1 </vcount>
          <v>0 0 0 0 0 0 0 0 0 0 0 0 0 0 0 0 0 0 0 0 0 0 0 0 0 0 0 0 0 0 0 0 0 0 0 0 0 0 0 0 0 0 0 0 0 0 0 0 0 0 0 0 0 0 0 0 0 0 0 0 0 0</v>
        </vertex_weights>
      </skin>
    </controller>
    <controller id="hat09-mesh-skin">
      <skin source="#hat09-mesh">
        <bind_shape_matrix>0 0.752474 0 -10.5264 -0.74961 0 0.065582 -114.019 0.065582 0 0.74961 6492.09 0 0 0 1</bind_shape_matrix>
        <source id="hat09-mesh-skin-joints">
          <Name_array id="hat09-mesh-skin-joints-array" count="1">Bone1</Name_array>
          <technique_common>
            <accessor source="#hat09-mesh-skin-joints-array" count="1" stride="1">
              <param name="JOINT" type="Name"/>
            </accessor>
          </technique_common>
        </source>
        <source id="hat09-mesh-skin-bind_poses">
          <float_array id="hat09-mesh-skin-bind_poses-array" count="16">0.000000 -0.258818 0.965926 -3089.57 -0.000001 -0.965926 -0.258818 802.366 1 -0.000001 -0.000000 -2.2854 0 0 0 1</float_array>
          <technique_common>
            <accessor source="#hat09-mesh-skin-bind_poses-array" count="1" stride="16">
              <param name="TRANSFORM" type="float4x4"/>
            </accessor>
          </technique_common>
        </source>
        <source id="hat09-mesh-skin-weights">
          <float_array id="hat09-mesh-skin-weights-array" count="1">1</float_array>
          <technique_common>
            <accessor source="#hat09-mesh-skin-weights-array" count="1" stride="1">
              <param name="WEIGHT" type="float"/>
            </accessor>
          </technique_common>
        </source>
        <joints>
          <input semantic="JOINT" source="#hat09-mesh-skin-joints"/>
          <input semantic="INV_BIND_MATRIX" source="#hat09-mesh-skin-bind_poses"/>
        </joints>
        <vertex_weights count="40">
          <input semantic="JOINT" source="#hat09-mesh-skin-joints" offset="0"/>
          <input semantic="WEIGHT" source="#hat09-mesh-skin-weights" offset="1"/>
          <vcount>1 1 1 1 1 1 1 1 1 1 1 1 1 1 1 1 1 1 1 1 1 1 1 1 1 1 1 1 1 1 1 1 1 1 1 1 1 1 1 1 </vcount>
          <v>0 0 0 0 0 0 0 0 0 0 0 0 0 0 0 0 0 0 0 0 0 0 0 0 0 0 0 0 0 0 0 0 0 0 0 0 0 0 0 0 0 0 0 0 0 0 0 0 0 0 0 0 0 0 0 0 0 0 0 0 0 0 0 0 0 0 0 0 0 0 0 0 0 0 0 0 0 0 0 0</v>
        </vertex_weights>
      </skin>
    </controller>
    <controller id="hat03-mesh-skin">
      <skin source="#hat03-mesh">
        <bind_shape_matrix>1 0 0 8.01514 0 0.965926 0.258819 242.652 0 -0.258819 0.965926 6408.96 0 0 0 1</bind_shape_matrix>
        <source id="hat03-mesh-skin-joints">
          <Name_array id="hat03-mesh-skin-joints-array" count="1">Bone1</Name_array>
          <technique_common>
            <accessor source="#hat03-mesh-skin-joints-array" count="1" stride="1">
              <param name="JOINT" type="Name"/>
            </accessor>
          </technique_common>
        </source>
        <source id="hat03-mesh-skin-bind_poses">
          <float_array id="hat03-mesh-skin-bind_poses-array" count="16">0.000000 -0.258818 0.965926 -3089.57 -0.000001 -0.965926 -0.258818 802.366 1 -0.000001 -0.000000 -2.2854 0 0 0 1</float_array>
          <technique_common>
            <accessor source="#hat03-mesh-skin-bind_poses-array" count="1" stride="16">
              <param name="TRANSFORM" type="float4x4"/>
            </accessor>
          </technique_common>
        </source>
        <source id="hat03-mesh-skin-weights">
          <float_array id="hat03-mesh-skin-weights-array" count="1">1</float_array>
          <technique_common>
            <accessor source="#hat03-mesh-skin-weights-array" count="1" stride="1">
              <param name="WEIGHT" type="float"/>
            </accessor>
          </technique_common>
        </source>
        <joints>
          <input semantic="JOINT" source="#hat03-mesh-skin-joints"/>
          <input semantic="INV_BIND_MATRIX" source="#hat03-mesh-skin-bind_poses"/>
        </joints>
        <vertex_weights count="26">
          <input semantic="JOINT" source="#hat03-mesh-skin-joints" offset="0"/>
          <input semantic="WEIGHT" source="#hat03-mesh-skin-weights" offset="1"/>
          <vcount>1 1 1 1 1 1 1 1 1 1 1 1 1 1 1 1 1 1 1 1 1 1 1 1 1 1 </vcount>
          <v>0 0 0 0 0 0 0 0 0 0 0 0 0 0 0 0 0 0 0 0 0 0 0 0 0 0 0 0 0 0 0 0 0 0 0 0 0 0 0 0 0 0 0 0 0 0 0 0 0 0 0 0</v>
        </vertex_weights>
      </skin>
    </controller>
    <controller id="hat01-mesh-skin">
      <skin source="#hat01-mesh">
        <bind_shape_matrix>1 0 0 797.062 0 0.996195 0.087155 149.159 0 -0.087155 0.996195 8159.34 0 0 0 1</bind_shape_matrix>
        <source id="hat01-mesh-skin-joints">
          <Name_array id="hat01-mesh-skin-joints-array" count="1">Bone1</Name_array>
          <technique_common>
            <accessor source="#hat01-mesh-skin-joints-array" count="1" stride="1">
              <param name="JOINT" type="Name"/>
            </accessor>
          </technique_common>
        </source>
        <source id="hat01-mesh-skin-bind_poses">
          <float_array id="hat01-mesh-skin-bind_poses-array" count="16">0.000000 -0.258818 0.965926 -3089.57 -0.000001 -0.965926 -0.258818 802.366 1 -0.000001 -0.000000 -2.2854 0 0 0 1</float_array>
          <technique_common>
            <accessor source="#hat01-mesh-skin-bind_poses-array" count="1" stride="16">
              <param name="TRANSFORM" type="float4x4"/>
            </accessor>
          </technique_common>
        </source>
        <source id="hat01-mesh-skin-weights">
          <float_array id="hat01-mesh-skin-weights-array" count="1">1</float_array>
          <technique_common>
            <accessor source="#hat01-mesh-skin-weights-array" count="1" stride="1">
              <param name="WEIGHT" type="float"/>
            </accessor>
          </technique_common>
        </source>
        <joints>
          <input semantic="JOINT" source="#hat01-mesh-skin-joints"/>
          <input semantic="INV_BIND_MATRIX" source="#hat01-mesh-skin-bind_poses"/>
        </joints>
        <vertex_weights count="50">
          <input semantic="JOINT" source="#hat01-mesh-skin-joints" offset="0"/>
          <input semantic="WEIGHT" source="#hat01-mesh-skin-weights" offset="1"/>
          <vcount>1 1 1 1 1 1 1 1 1 1 1 1 1 1 1 1 1 1 1 1 1 1 1 1 1 1 1 1 1 1 1 1 1 1 1 1 1 1 1 1 1 1 1 1 1 1 1 1 1 1 </vcount>
          <v>0 0 0 0 0 0 0 0 0 0 0 0 0 0 0 0 0 0 0 0 0 0 0 0 0 0 0 0 0 0 0 0 0 0 0 0 0 0 0 0 0 0 0 0 0 0 0 0 0 0 0 0 0 0 0 0 0 0 0 0 0 0 0 0 0 0 0 0 0 0 0 0 0 0 0 0 0 0 0 0 0 0 0 0 0 0 0 0 0 0 0 0 0 0 0 0 0 0 0 0</v>
        </vertex_weights>
      </skin>
    </controller>
    <controller id="hat02-mesh-skin">
      <skin source="#hat02-mesh">
        <bind_shape_matrix>1 0 0 -3.43507 0 0.079579 -0.996195 1503.95 0 0.909599 0.087155 7043.74 0 0 0 1</bind_shape_matrix>
        <source id="hat02-mesh-skin-joints">
          <Name_array id="hat02-mesh-skin-joints-array" count="1">Bone1</Name_array>
          <technique_common>
            <accessor source="#hat02-mesh-skin-joints-array" count="1" stride="1">
              <param name="JOINT" type="Name"/>
            </accessor>
          </technique_common>
        </source>
        <source id="hat02-mesh-skin-bind_poses">
          <float_array id="hat02-mesh-skin-bind_poses-array" count="16">0.000000 -0.258818 0.965926 -3089.57 -0.000001 -0.965926 -0.258818 802.366 1 -0.000001 -0.000000 -2.2854 0 0 0 1</float_array>
          <technique_common>
            <accessor source="#hat02-mesh-skin-bind_poses-array" count="1" stride="16">
              <param name="TRANSFORM" type="float4x4"/>
            </accessor>
          </technique_common>
        </source>
        <source id="hat02-mesh-skin-weights">
          <float_array id="hat02-mesh-skin-weights-array" count="1">1</float_array>
          <technique_common>
            <accessor source="#hat02-mesh-skin-weights-array" count="1" stride="1">
              <param name="WEIGHT" type="float"/>
            </accessor>
          </technique_common>
        </source>
        <joints>
          <input semantic="JOINT" source="#hat02-mesh-skin-joints"/>
          <input semantic="INV_BIND_MATRIX" source="#hat02-mesh-skin-bind_poses"/>
        </joints>
        <vertex_weights count="14">
          <input semantic="JOINT" source="#hat02-mesh-skin-joints" offset="0"/>
          <input semantic="WEIGHT" source="#hat02-mesh-skin-weights" offset="1"/>
          <vcount>1 1 1 1 1 1 1 1 1 1 1 1 1 1 </vcount>
          <v>0 0 0 0 0 0 0 0 0 0 0 0 0 0 0 0 0 0 0 0 0 0 0 0 0 0 0 0</v>
        </vertex_weights>
      </skin>
    </controller>
    <controller id="hat07-mesh-skin">
      <skin source="#hat07-mesh">
        <bind_shape_matrix>-0.000000 0 -1.31306 -2523.54 -1.16448 0 0.000000 -24.0429 0 1.16448 0 5098.49 0 0 0 1</bind_shape_matrix>
        <source id="hat07-mesh-skin-joints">
          <Name_array id="hat07-mesh-skin-joints-array" count="1">Bone1</Name_array>
          <technique_common>
            <accessor source="#hat07-mesh-skin-joints-array" count="1" stride="1">
              <param name="JOINT" type="Name"/>
            </accessor>
          </technique_common>
        </source>
        <source id="hat07-mesh-skin-bind_poses">
          <float_array id="hat07-mesh-skin-bind_poses-array" count="16">0.000000 -0.258818 0.965926 -3089.57 -0.000001 -0.965926 -0.258818 802.366 1 -0.000001 -0.000000 -2.2854 0 0 0 1</float_array>
          <technique_common>
            <accessor source="#hat07-mesh-skin-bind_poses-array" count="1" stride="16">
              <param name="TRANSFORM" type="float4x4"/>
            </accessor>
          </technique_common>
        </source>
        <source id="hat07-mesh-skin-weights">
          <float_array id="hat07-mesh-skin-weights-array" count="1">1</float_array>
          <technique_common>
            <accessor source="#hat07-mesh-skin-weights-array" count="1" stride="1">
              <param name="WEIGHT" type="float"/>
            </accessor>
          </technique_common>
        </source>
        <joints>
          <input semantic="JOINT" source="#hat07-mesh-skin-joints"/>
          <input semantic="INV_BIND_MATRIX" source="#hat07-mesh-skin-bind_poses"/>
        </joints>
        <vertex_weights count="64">
          <input semantic="JOINT" source="#hat07-mesh-skin-joints" offset="0"/>
          <input semantic="WEIGHT" source="#hat07-mesh-skin-weights" offset="1"/>
          <vcount>1 1 1 1 1 1 1 1 1 1 1 1 1 1 1 1 1 1 1 1 1 1 1 1 1 1 1 1 1 1 1 1 1 1 1 1 1 1 1 1 1 1 1 1 1 1 1 1 1 1 1 1 1 1 1 1 1 1 1 1 1 1 1 1 </vcount>
          <v>0 0 0 0 0 0 0 0 0 0 0 0 0 0 0 0 0 0 0 0 0 0 0 0 0 0 0 0 0 0 0 0 0 0 0 0 0 0 0 0 0 0 0 0 0 0 0 0 0 0 0 0 0 0 0 0 0 0 0 0 0 0 0 0 0 0 0 0 0 0 0 0 0 0 0 0 0 0 0 0 0 0 0 0 0 0 0 0 0 0 0 0 0 0 0 0 0 0 0 0 0 0 0 0 0 0 0 0 0 0 0 0 0 0 0 0 0 0 0 0 0 0 0 0 0 0 0 0</v>
        </vertex_weights>
      </skin>
    </controller>
    <controller id="brush-mesh-skin">
      <skin source="#brush-mesh">
        <bind_shape_matrix>1 0 0 1239.83 0 0.819152 0.573576 -1432.28 0 -0.573576 0.819152 1144.17 0 0 0 1</bind_shape_matrix>
        <source id="brush-mesh-skin-joints">
          <Name_array id="brush-mesh-skin-joints-array" count="1">Bone13</Name_array>
          <technique_common>
            <accessor source="#brush-mesh-skin-joints-array" count="1" stride="1">
              <param name="JOINT" type="Name"/>
            </accessor>
          </technique_common>
        </source>
        <source id="brush-mesh-skin-bind_poses">
          <float_array id="brush-mesh-skin-bind_poses-array" count="16">0.325346 -0.591378 -0.73785 329.282 -0.900624 0.04398 -0.432368 1945.05 0.288144 0.805194 -0.5183 1207.53 0 0 0 1</float_array>
          <technique_common>
            <accessor source="#brush-mesh-skin-bind_poses-array" count="1" stride="16">
              <param name="TRANSFORM" type="float4x4"/>
            </accessor>
          </technique_common>
        </source>
        <source id="brush-mesh-skin-weights">
          <float_array id="brush-mesh-skin-weights-array" count="1">1</float_array>
          <technique_common>
            <accessor source="#brush-mesh-skin-weights-array" count="1" stride="1">
              <param name="WEIGHT" type="float"/>
            </accessor>
          </technique_common>
        </source>
        <joints>
          <input semantic="JOINT" source="#brush-mesh-skin-joints"/>
          <input semantic="INV_BIND_MATRIX" source="#brush-mesh-skin-bind_poses"/>
        </joints>
        <vertex_weights count="24">
          <input semantic="JOINT" source="#brush-mesh-skin-joints" offset="0"/>
          <input semantic="WEIGHT" source="#brush-mesh-skin-weights" offset="1"/>
          <vcount>1 1 1 1 1 1 1 1 1 1 1 1 1 1 1 1 1 1 1 1 1 1 1 1 </vcount>
          <v>0 0 0 0 0 0 0 0 0 0 0 0 0 0 0 0 0 0 0 0 0 0 0 0 0 0 0 0 0 0 0 0 0 0 0 0 0 0 0 0 0 0 0 0 0 0 0 0</v>
        </vertex_weights>
      </skin>
    </controller>
    <controller id="hair13-mesh-skin">
      <skin source="#hair13-mesh">
        <bind_shape_matrix>1 0 0 12.1932 0 1 0 -2.30081 0 0 1 -115.2 0 0 0 1</bind_shape_matrix>
        <source id="hair13-mesh-skin-joints">
          <Name_array id="hair13-mesh-skin-joints-array" count="1">Bone1</Name_array>
          <technique_common>
            <accessor source="#hair13-mesh-skin-joints-array" count="1" stride="1">
              <param name="JOINT" type="Name"/>
            </accessor>
          </technique_common>
        </source>
        <source id="hair13-mesh-skin-bind_poses">
          <float_array id="hair13-mesh-skin-bind_poses-array" count="16">0.000000 -0.258818 0.965926 -3089.57 -0.000001 -0.965926 -0.258818 802.366 1 -0.000001 -0.000000 -2.2854 0 0 0 1</float_array>
          <technique_common>
            <accessor source="#hair13-mesh-skin-bind_poses-array" count="1" stride="16">
              <param name="TRANSFORM" type="float4x4"/>
            </accessor>
          </technique_common>
        </source>
        <source id="hair13-mesh-skin-weights">
          <float_array id="hair13-mesh-skin-weights-array" count="1">1</float_array>
          <technique_common>
            <accessor source="#hair13-mesh-skin-weights-array" count="1" stride="1">
              <param name="WEIGHT" type="float"/>
            </accessor>
          </technique_common>
        </source>
        <joints>
          <input semantic="JOINT" source="#hair13-mesh-skin-joints"/>
          <input semantic="INV_BIND_MATRIX" source="#hair13-mesh-skin-bind_poses"/>
        </joints>
        <vertex_weights count="25">
          <input semantic="JOINT" source="#hair13-mesh-skin-joints" offset="0"/>
          <input semantic="WEIGHT" source="#hair13-mesh-skin-weights" offset="1"/>
          <vcount>1 1 1 1 1 1 1 1 1 1 1 1 1 1 1 1 1 1 1 1 1 1 1 1 1 </vcount>
          <v>0 0 0 0 0 0 0 0 0 0 0 0 0 0 0 0 0 0 0 0 0 0 0 0 0 0 0 0 0 0 0 0 0 0 0 0 0 0 0 0 0 0 0 0 0 0 0 0 0 0</v>
        </vertex_weights>
      </skin>
    </controller>
    <controller id="hair14-mesh-skin">
      <skin source="#hair14-mesh">
        <bind_shape_matrix>1 0 0 12.1932 0 1 0 -2.30081 0 0 1 -115.2 0 0 0 1</bind_shape_matrix>
        <source id="hair14-mesh-skin-joints">
          <Name_array id="hair14-mesh-skin-joints-array" count="1">Bone1</Name_array>
          <technique_common>
            <accessor source="#hair14-mesh-skin-joints-array" count="1" stride="1">
              <param name="JOINT" type="Name"/>
            </accessor>
          </technique_common>
        </source>
        <source id="hair14-mesh-skin-bind_poses">
          <float_array id="hair14-mesh-skin-bind_poses-array" count="16">0.000000 -0.258818 0.965926 -3089.57 -0.000001 -0.965926 -0.258818 802.366 1 -0.000001 -0.000000 -2.2854 0 0 0 1</float_array>
          <technique_common>
            <accessor source="#hair14-mesh-skin-bind_poses-array" count="1" stride="16">
              <param name="TRANSFORM" type="float4x4"/>
            </accessor>
          </technique_common>
        </source>
        <source id="hair14-mesh-skin-weights">
          <float_array id="hair14-mesh-skin-weights-array" count="1">1</float_array>
          <technique_common>
            <accessor source="#hair14-mesh-skin-weights-array" count="1" stride="1">
              <param name="WEIGHT" type="float"/>
            </accessor>
          </technique_common>
        </source>
        <joints>
          <input semantic="JOINT" source="#hair14-mesh-skin-joints"/>
          <input semantic="INV_BIND_MATRIX" source="#hair14-mesh-skin-bind_poses"/>
        </joints>
        <vertex_weights count="25">
          <input semantic="JOINT" source="#hair14-mesh-skin-joints" offset="0"/>
          <input semantic="WEIGHT" source="#hair14-mesh-skin-weights" offset="1"/>
          <vcount>1 1 1 1 1 1 1 1 1 1 1 1 1 1 1 1 1 1 1 1 1 1 1 1 1 </vcount>
          <v>0 0 0 0 0 0 0 0 0 0 0 0 0 0 0 0 0 0 0 0 0 0 0 0 0 0 0 0 0 0 0 0 0 0 0 0 0 0 0 0 0 0 0 0 0 0 0 0 0 0</v>
        </vertex_weights>
      </skin>
    </controller>
    <controller id="hair17-mesh-skin">
      <skin source="#hair17-mesh">
        <bind_shape_matrix>1 0 0 12.1953 0 1 0 -2.3006 0 0 1 -115.199 0 0 0 1</bind_shape_matrix>
        <source id="hair17-mesh-skin-joints">
          <Name_array id="hair17-mesh-skin-joints-array" count="1">Bone1</Name_array>
          <technique_common>
            <accessor source="#hair17-mesh-skin-joints-array" count="1" stride="1">
              <param name="JOINT" type="Name"/>
            </accessor>
          </technique_common>
        </source>
        <source id="hair17-mesh-skin-bind_poses">
          <float_array id="hair17-mesh-skin-bind_poses-array" count="16">0.000000 -0.258818 0.965926 -3089.57 -0.000001 -0.965926 -0.258818 802.366 1 -0.000001 -0.000000 -2.2854 0 0 0 1</float_array>
          <technique_common>
            <accessor source="#hair17-mesh-skin-bind_poses-array" count="1" stride="16">
              <param name="TRANSFORM" type="float4x4"/>
            </accessor>
          </technique_common>
        </source>
        <source id="hair17-mesh-skin-weights">
          <float_array id="hair17-mesh-skin-weights-array" count="1">1</float_array>
          <technique_common>
            <accessor source="#hair17-mesh-skin-weights-array" count="1" stride="1">
              <param name="WEIGHT" type="float"/>
            </accessor>
          </technique_common>
        </source>
        <joints>
          <input semantic="JOINT" source="#hair17-mesh-skin-joints"/>
          <input semantic="INV_BIND_MATRIX" source="#hair17-mesh-skin-bind_poses"/>
        </joints>
        <vertex_weights count="37">
          <input semantic="JOINT" source="#hair17-mesh-skin-joints" offset="0"/>
          <input semantic="WEIGHT" source="#hair17-mesh-skin-weights" offset="1"/>
          <vcount>1 1 1 1 1 1 1 1 1 1 1 1 1 1 1 1 1 1 1 1 1 1 1 1 1 1 1 1 1 1 1 1 1 1 1 1 1 </vcount>
          <v>0 0 0 0 0 0 0 0 0 0 0 0 0 0 0 0 0 0 0 0 0 0 0 0 0 0 0 0 0 0 0 0 0 0 0 0 0 0 0 0 0 0 0 0 0 0 0 0 0 0 0 0 0 0 0 0 0 0 0 0 0 0 0 0 0 0 0 0 0 0 0 0 0 0</v>
        </vertex_weights>
      </skin>
    </controller>
    <controller id="hair15-mesh-skin">
      <skin source="#hair15-mesh">
        <bind_shape_matrix>1 0 0 12.1937 0 1 0 -2.30075 0 0 1 -115.2 0 0 0 1</bind_shape_matrix>
        <source id="hair15-mesh-skin-joints">
          <Name_array id="hair15-mesh-skin-joints-array" count="1">Bone1</Name_array>
          <technique_common>
            <accessor source="#hair15-mesh-skin-joints-array" count="1" stride="1">
              <param name="JOINT" type="Name"/>
            </accessor>
          </technique_common>
        </source>
        <source id="hair15-mesh-skin-bind_poses">
          <float_array id="hair15-mesh-skin-bind_poses-array" count="16">0.000000 -0.258818 0.965926 -3089.57 -0.000001 -0.965926 -0.258818 802.366 1 -0.000001 -0.000000 -2.2854 0 0 0 1</float_array>
          <technique_common>
            <accessor source="#hair15-mesh-skin-bind_poses-array" count="1" stride="16">
              <param name="TRANSFORM" type="float4x4"/>
            </accessor>
          </technique_common>
        </source>
        <source id="hair15-mesh-skin-weights">
          <float_array id="hair15-mesh-skin-weights-array" count="1">1</float_array>
          <technique_common>
            <accessor source="#hair15-mesh-skin-weights-array" count="1" stride="1">
              <param name="WEIGHT" type="float"/>
            </accessor>
          </technique_common>
        </source>
        <joints>
          <input semantic="JOINT" source="#hair15-mesh-skin-joints"/>
          <input semantic="INV_BIND_MATRIX" source="#hair15-mesh-skin-bind_poses"/>
        </joints>
        <vertex_weights count="25">
          <input semantic="JOINT" source="#hair15-mesh-skin-joints" offset="0"/>
          <input semantic="WEIGHT" source="#hair15-mesh-skin-weights" offset="1"/>
          <vcount>1 1 1 1 1 1 1 1 1 1 1 1 1 1 1 1 1 1 1 1 1 1 1 1 1 </vcount>
          <v>0 0 0 0 0 0 0 0 0 0 0 0 0 0 0 0 0 0 0 0 0 0 0 0 0 0 0 0 0 0 0 0 0 0 0 0 0 0 0 0 0 0 0 0 0 0 0 0 0 0</v>
        </vertex_weights>
      </skin>
    </controller>
    <controller id="hair18-mesh-skin">
      <skin source="#hair18-mesh">
        <bind_shape_matrix>1 0 0 12.1942 0 1 0 -2.30081 0 0 1 -115.2 0 0 0 1</bind_shape_matrix>
        <source id="hair18-mesh-skin-joints">
          <Name_array id="hair18-mesh-skin-joints-array" count="1">Bone1</Name_array>
          <technique_common>
            <accessor source="#hair18-mesh-skin-joints-array" count="1" stride="1">
              <param name="JOINT" type="Name"/>
            </accessor>
          </technique_common>
        </source>
        <source id="hair18-mesh-skin-bind_poses">
          <float_array id="hair18-mesh-skin-bind_poses-array" count="16">0.000000 -0.258818 0.965926 -3089.57 -0.000001 -0.965926 -0.258818 802.366 1 -0.000001 -0.000000 -2.2854 0 0 0 1</float_array>
          <technique_common>
            <accessor source="#hair18-mesh-skin-bind_poses-array" count="1" stride="16">
              <param name="TRANSFORM" type="float4x4"/>
            </accessor>
          </technique_common>
        </source>
        <source id="hair18-mesh-skin-weights">
          <float_array id="hair18-mesh-skin-weights-array" count="1">1</float_array>
          <technique_common>
            <accessor source="#hair18-mesh-skin-weights-array" count="1" stride="1">
              <param name="WEIGHT" type="float"/>
            </accessor>
          </technique_common>
        </source>
        <joints>
          <input semantic="JOINT" source="#hair18-mesh-skin-joints"/>
          <input semantic="INV_BIND_MATRIX" source="#hair18-mesh-skin-bind_poses"/>
        </joints>
        <vertex_weights count="46">
          <input semantic="JOINT" source="#hair18-mesh-skin-joints" offset="0"/>
          <input semantic="WEIGHT" source="#hair18-mesh-skin-weights" offset="1"/>
          <vcount>1 1 1 1 1 1 1 1 1 1 1 1 1 1 1 1 1 1 1 1 1 1 1 1 1 1 1 1 1 1 1 1 1 1 1 1 1 1 1 1 1 1 1 1 1 1 </vcount>
          <v>0 0 0 0 0 0 0 0 0 0 0 0 0 0 0 0 0 0 0 0 0 0 0 0 0 0 0 0 0 0 0 0 0 0 0 0 0 0 0 0 0 0 0 0 0 0 0 0 0 0 0 0 0 0 0 0 0 0 0 0 0 0 0 0 0 0 0 0 0 0 0 0 0 0 0 0 0 0 0 0 0 0 0 0 0 0 0 0 0 0 0 0</v>
        </vertex_weights>
      </skin>
    </controller>
    <controller id="armright2-mesh-skin">
      <skin source="#armright2-mesh">
        <bind_shape_matrix>1 0 0 -50.7799 0 1 0 0 0 0 1 0 0 0 0 1</bind_shape_matrix>
        <source id="armright2-mesh-skin-joints">
          <Name_array id="armright2-mesh-skin-joints-array" count="3">Bone14 Bone15 Bone10</Name_array>
          <technique_common>
            <accessor source="#armright2-mesh-skin-joints-array" count="3" stride="1">
              <param name="JOINT" type="Name"/>
            </accessor>
          </technique_common>
        </source>
        <source id="armright2-mesh-skin-bind_poses">
          <float_array id="armright2-mesh-skin-bind_poses-array" count="48">-0.65249 0.075652 -0.754012 1950.55 -0.000001 0.995004 0.099833 -291.123 0.757798 0.065141 -0.64923 2561.18 0 0 0 1 -0.639483 -0.123532 -0.758816 1025.28 -0.129631 0.9902 -0.051955 -89.2098 0.757798 0.065141 -0.64923 2561.18 0 0 0 1 -0.639483 -0.123532 -0.758816 291.215 0.757694 0.065929 -0.649271 2561.1 0.130234 -0.990148 0.051438 91.2492 0 0 0 1</float_array>
          <technique_common>
            <accessor source="#armright2-mesh-skin-bind_poses-array" count="3" stride="16">
              <param name="TRANSFORM" type="float4x4"/>
            </accessor>
          </technique_common>
        </source>
        <source id="armright2-mesh-skin-weights">
          <float_array id="armright2-mesh-skin-weights-array" count="23">1 0.393306 0.606694 0.405089 0.594911 0.999866 0.000134 0.661264 0.338736 0.999801 0.000199 0.776678 0.223322 0.896334 0.103666 0.934679 0.06532 0.628442 0.371558 0.595766 0.404234 0.998283 0.001717</float_array>
          <technique_common>
            <accessor source="#armright2-mesh-skin-weights-array" count="23" stride="1">
              <param name="WEIGHT" type="float"/>
            </accessor>
          </technique_common>
        </source>
        <joints>
          <input semantic="JOINT" source="#armright2-mesh-skin-joints"/>
          <input semantic="INV_BIND_MATRIX" source="#armright2-mesh-skin-bind_poses"/>
        </joints>
        <vertex_weights count="25">
          <input semantic="JOINT" source="#armright2-mesh-skin-joints" offset="0"/>
          <input semantic="WEIGHT" source="#armright2-mesh-skin-weights" offset="1"/>
          <vcount>2 2 1 2 2 2 2 1 1 1 1 1 1 1 2 2 2 2 2 1 1 1 1 1 1 </vcount>
          <v>0 1 1 2 0 3 1 4 1 0 1 5 2 6 0 7 1 8 1 9 2 10 0 11 1 12 1 0 2 0 2 0 2 0 2 0 2 0 2 0 0 13 1 14 0 15 1 16 0 17 1 18 0 19 1 20 0 21 1 22 0 0 0 0 0 0 0 0 0 0 0 0</v>
        </vertex_weights>
      </skin>
    </controller>
    <controller id="armleft2-mesh-skin">
      <skin source="#armleft2-mesh">
        <bind_shape_matrix>1 0 0 0 0 1 0 0 0 0 1 0 0 0 0 1</bind_shape_matrix>
        <source id="armleft2-mesh-skin-joints">
          <Name_array id="armleft2-mesh-skin-joints-array" count="3">Bone11 Bone12 Bone13</Name_array>
          <technique_common>
            <accessor source="#armleft2-mesh-skin-joints-array" count="3" stride="1">
              <param name="JOINT" type="Name"/>
            </accessor>
          </technique_common>
        </source>
        <source id="armleft2-mesh-skin-bind_poses">
          <float_array id="armleft2-mesh-skin-bind_poses-array" count="48">0.65249 0.075654 -0.754012 1963.47 -0.000001 0.995004 0.099833 -291.123 0.757798 -0.065139 0.64923 -2546.16 0 0 0 1 0.639484 -0.12353 -0.758816 1037.95 0.129628 0.990201 -0.051955 -86.6419 0.757798 -0.065139 0.64923 -2546.16 0 0 0 1 0.639484 -0.12353 -0.758815 303.882 -0.757694 0.065927 -0.649271 2546.09 0.130232 0.990148 -0.051438 -88.6693 0 0 0 1</float_array>
          <technique_common>
            <accessor source="#armleft2-mesh-skin-bind_poses-array" count="3" stride="16">
              <param name="TRANSFORM" type="float4x4"/>
            </accessor>
          </technique_common>
        </source>
        <source id="armleft2-mesh-skin-weights">
          <float_array id="armleft2-mesh-skin-weights-array" count="23">1 0.439662 0.560338 0.429622 0.570378 0.999634 0.000365 0.642387 0.357613 0.993698 0.006301 0.785879 0.214121 0.940904 0.059095 0.648631 0.351369 0.945676 0.054324 0.593093 0.406907 0.996575 0.003425</float_array>
          <technique_common>
            <accessor source="#armleft2-mesh-skin-weights-array" count="23" stride="1">
              <param name="WEIGHT" type="float"/>
            </accessor>
          </technique_common>
        </source>
        <joints>
          <input semantic="JOINT" source="#armleft2-mesh-skin-joints"/>
          <input semantic="INV_BIND_MATRIX" source="#armleft2-mesh-skin-bind_poses"/>
        </joints>
        <vertex_weights count="25">
          <input semantic="JOINT" source="#armleft2-mesh-skin-joints" offset="0"/>
          <input semantic="WEIGHT" source="#armleft2-mesh-skin-weights" offset="1"/>
          <vcount>2 1 2 2 2 2 2 1 1 1 1 1 1 1 2 2 2 2 2 1 1 1 1 1 1 </vcount>
          <v>0 1 1 2 1 0 0 3 1 4 1 5 2 6 0 7 1 8 1 9 2 10 0 11 1 12 1 0 2 0 2 0 2 0 2 0 2 0 2 0 0 13 1 14 0 15 1 16 0 17 1 18 0 19 1 20 0 21 1 22 0 0 0 0 0 0 0 0 0 0 0 0</v>
        </vertex_weights>
      </skin>
    </controller>
    <controller id="hat10-mesh-skin">
      <skin source="#hat10-mesh">
        <bind_shape_matrix>1.17913 0.891546 0 1377.47 0 0 -1.387 403.774 -0.989409 1.0625 0 6302.74 0 0 0 1</bind_shape_matrix>
        <source id="hat10-mesh-skin-joints">
          <Name_array id="hat10-mesh-skin-joints-array" count="1">Bone1</Name_array>
          <technique_common>
            <accessor source="#hat10-mesh-skin-joints-array" count="1" stride="1">
              <param name="JOINT" type="Name"/>
            </accessor>
          </technique_common>
        </source>
        <source id="hat10-mesh-skin-bind_poses">
          <float_array id="hat10-mesh-skin-bind_poses-array" count="16">0.000000 -0.258818 0.965926 -3089.57 -0.000001 -0.965926 -0.258818 802.366 1 -0.000001 -0.000000 -2.2854 0 0 0 1</float_array>
          <technique_common>
            <accessor source="#hat10-mesh-skin-bind_poses-array" count="1" stride="16">
              <param name="TRANSFORM" type="float4x4"/>
            </accessor>
          </technique_common>
        </source>
        <source id="hat10-mesh-skin-weights">
          <float_array id="hat10-mesh-skin-weights-array" count="1">1</float_array>
          <technique_common>
            <accessor source="#hat10-mesh-skin-weights-array" count="1" stride="1">
              <param name="WEIGHT" type="float"/>
            </accessor>
          </technique_common>
        </source>
        <joints>
          <input semantic="JOINT" source="#hat10-mesh-skin-joints"/>
          <input semantic="INV_BIND_MATRIX" source="#hat10-mesh-skin-bind_poses"/>
        </joints>
        <vertex_weights count="60">
          <input semantic="JOINT" source="#hat10-mesh-skin-joints" offset="0"/>
          <input semantic="WEIGHT" source="#hat10-mesh-skin-weights" offset="1"/>
          <vcount>1 1 1 1 1 1 1 1 1 1 1 1 1 1 1 1 1 1 1 1 1 1 1 1 1 1 1 1 1 1 1 1 1 1 1 1 1 1 1 1 1 1 1 1 1 1 1 1 1 1 1 1 1 1 1 1 1 1 1 1 </vcount>
          <v>0 0 0 0 0 0 0 0 0 0 0 0 0 0 0 0 0 0 0 0 0 0 0 0 0 0 0 0 0 0 0 0 0 0 0 0 0 0 0 0 0 0 0 0 0 0 0 0 0 0 0 0 0 0 0 0 0 0 0 0 0 0 0 0 0 0 0 0 0 0 0 0 0 0 0 0 0 0 0 0 0 0 0 0 0 0 0 0 0 0 0 0 0 0 0 0 0 0 0 0 0 0 0 0 0 0 0 0 0 0 0 0 0 0 0 0 0 0 0 0</v>
        </vertex_weights>
      </skin>
    </controller>
    <controller id="repair-mesh-skin">
      <skin source="#repair-mesh">
        <bind_shape_matrix>0.035912 -0.51255 -1.18353 211.067 -1.04772 -0.702071 0.272253 -1618.35 -0.752154 0.953485 -0.435747 1381.68 0 0 0 1</bind_shape_matrix>
        <source id="repair-mesh-skin-joints">
          <Name_array id="repair-mesh-skin-joints-array" count="1">Bone12</Name_array>
          <technique_common>
            <accessor source="#repair-mesh-skin-joints-array" count="1" stride="1">
              <param name="JOINT" type="Name"/>
            </accessor>
          </technique_common>
        </source>
        <source id="repair-mesh-skin-bind_poses">
          <float_array id="repair-mesh-skin-bind_poses-array" count="16">0.325346 -0.591378 -0.73785 1063.35 0.287427 0.805229 -0.518645 1209.08 0.900853 -0.043338 0.431955 -1944.09 0 0 0 1</float_array>
          <technique_common>
            <accessor source="#repair-mesh-skin-bind_poses-array" count="1" stride="16">
              <param name="TRANSFORM" type="float4x4"/>
            </accessor>
          </technique_common>
        </source>
        <source id="repair-mesh-skin-weights">
          <float_array id="repair-mesh-skin-weights-array" count="1">1</float_array>
          <technique_common>
            <accessor source="#repair-mesh-skin-weights-array" count="1" stride="1">
              <param name="WEIGHT" type="float"/>
            </accessor>
          </technique_common>
        </source>
        <joints>
          <input semantic="JOINT" source="#repair-mesh-skin-joints"/>
          <input semantic="INV_BIND_MATRIX" source="#repair-mesh-skin-bind_poses"/>
        </joints>
        <vertex_weights count="40">
          <input semantic="JOINT" source="#repair-mesh-skin-joints" offset="0"/>
          <input semantic="WEIGHT" source="#repair-mesh-skin-weights" offset="1"/>
          <vcount>1 1 1 1 1 1 1 1 1 1 1 1 1 1 1 1 1 1 1 1 1 1 1 1 1 1 1 1 1 1 1 1 1 1 1 1 1 1 1 1 </vcount>
          <v>0 0 0 0 0 0 0 0 0 0 0 0 0 0 0 0 0 0 0 0 0 0 0 0 0 0 0 0 0 0 0 0 0 0 0 0 0 0 0 0 0 0 0 0 0 0 0 0 0 0 0 0 0 0 0 0 0 0 0 0 0 0 0 0 0 0 0 0 0 0 0 0 0 0 0 0 0 0 0 0</v>
        </vertex_weights>
      </skin>
    </controller>
  </library_controllers>
  <library_visual_scenes>
    <visual_scene id="cooking_avatar_20_recover_recover.max" name="cooking_avatar_20_recover_recover_max">
      <node id="hair07-node" name="hair07" type="NODE">
        <instance_controller url="#hair07-mesh-skin">
          <skeleton>#Bip01_Head-node</skeleton>
          <bind_material>
            <technique_common>
              <instance_material symbol="hair" target="#hair"/>
            </technique_common>
          </bind_material>
        </instance_controller>
      </node>
      <node id="hair02-node" name="hair02" type="NODE">
        <instance_controller url="#hair02-mesh-skin">
          <skeleton>#Bip01_Head-node</skeleton>
          <bind_material>
            <technique_common>
              <instance_material symbol="hair" target="#hair"/>
            </technique_common>
          </bind_material>
        </instance_controller>
      </node>
      <node id="hair05-node" name="hair05" type="NODE">
        <instance_controller url="#hair05-mesh-skin">
          <skeleton>#Bip01_Head-node</skeleton>
          <bind_material>
            <technique_common>
              <instance_material symbol="hair" target="#hair"/>
            </technique_common>
          </bind_material>
        </instance_controller>
      </node>
      <node id="hair03-node" name="hair03" type="NODE">
        <instance_controller url="#hair03-mesh-skin">
          <skeleton>#Bip01_Head-node</skeleton>
          <bind_material>
            <technique_common>
              <instance_material symbol="hair" target="#hair"/>
            </technique_common>
          </bind_material>
        </instance_controller>
      </node>
      <node id="hair04-node" name="hair04" type="NODE">
        <instance_controller url="#hair04-mesh-skin">
          <skeleton>#Bip01_Head-node</skeleton>
          <bind_material>
            <technique_common>
              <instance_material symbol="hair" target="#hair"/>
            </technique_common>
          </bind_material>
        </instance_controller>
      </node>
      <node id="hair08-node" name="hair08" type="NODE">
        <instance_controller url="#hair08-mesh-skin">
          <skeleton>#Bip01_Head-node</skeleton>
          <bind_material>
            <technique_common>
              <instance_material symbol="hair" target="#hair"/>
            </technique_common>
          </bind_material>
        </instance_controller>
      </node>
      <node id="hair09-node" name="hair09" type="NODE">
        <instance_controller url="#hair09-mesh-skin">
          <skeleton>#Bip01_Head-node</skeleton>
          <bind_material>
            <technique_common>
              <instance_material symbol="hair" target="#hair"/>
            </technique_common>
          </bind_material>
        </instance_controller>
      </node>
      <node id="hair10-node" name="hair10" type="NODE">
        <instance_controller url="#hair10-mesh-skin">
          <skeleton>#Bip01_Head-node</skeleton>
          <bind_material>
            <technique_common>
              <instance_material symbol="hair" target="#hair"/>
            </technique_common>
          </bind_material>
        </instance_controller>
      </node>
      <node id="hat04-node" name="hat04" type="NODE">
        <instance_controller url="#hat04-mesh-skin">
          <skeleton>#Bip01_Head-node</skeleton>
          <bind_material>
            <technique_common>
              <instance_material symbol="texture" target="#texture"/>
            </technique_common>
          </bind_material>
        </instance_controller>
      </node>
      <node id="hat08-node" name="hat08" type="NODE">
        <instance_controller url="#hat08-mesh-skin">
          <skeleton>#Bip01_Head-node</skeleton>
          <bind_material>
            <technique_common>
              <instance_material symbol="texture" target="#texture"/>
            </technique_common>
          </bind_material>
        </instance_controller>
      </node>
      <node id="Bip01-node" name="Bip01" type="JOINT">
        <matrix sid="transform">0.000001 1 0 2.28766 -1 0.000001 0 -22.3073 0 0 1 1049.1 0 0 0 1</matrix>
        <node id="Bip01-node_PIVOT" name="Bip01_PIVOT" type="NODE">
          <matrix>23.0666 0 0 0 0 23.0666 0 0 0 0 23.0666 0 0 0 0 1</matrix>
        </node>
        <node id="Bip01_Pelvis-node" name="Bip01_Pelvis" type="JOINT">
          <matrix>0 1 -0.000001 0 -0.000001 0.000001 1 0 1 0 0.000001 0 0 0 0 1</matrix>
          <node id="Bip01_Pelvis-node_PIVOT" name="Bip01_Pelvis_PIVOT" type="NODE">
            <matrix>481.884 0 0 0 0 481.884 0 0 0 0 922.665 0 0 0 0 1</matrix>
          </node>
          <node id="Bip01_Spine-node" name="Bip01_Spine" sid="Bone2" type="JOINT">
            <matrix sid="transform">0.999991 -0.004243 -0.000001 221.669 0.004243 0.999991 0.000004 -0.731037 0.000001 -0.000004 1 0.000308 0 0 0 1</matrix>
            <node id="Bip01_Spine-node_PIVOT" name="Bip01_Spine_PIVOT" type="NODE">
              <matrix>918.148 0 0 0 0 918.148 0 0 0 0 918.148 0 0 0 0 1</matrix>
            </node>
            <node id="Bip01_L_Thigh-node" name="Bip01_L_Thigh" sid="Bone4" type="JOINT">
              <matrix sid="transform">-0.916115 -0.400916 0 -221.664 -0.400916 0.916115 0.000002 1.67053 -0.000001 0.000002 -1 461.333 0 0 0 1</matrix>
              <node id="Bip01_L_Thigh-node_PIVOT" name="Bip01_L_Thigh_PIVOT" type="NODE">
                <matrix>504.69 0 0 0 0 1321.24 0 0 0 0 963.767 0 0 0 0 1</matrix>
              </node>
              <node id="Bip01_L_Calf-node" name="Bip01_L_Calf" sid="Bone5" type="JOINT">
                <matrix sid="transform">0.853013 0.521891 0 504.69 -0.521891 0.853012 0 0 0 0 1 0 0 0 0 1</matrix>
                <node id="Bip01_L_Calf-node_PIVOT" name="Bip01_L_Calf_PIVOT" type="NODE">
                  <matrix>433.392 0 0 0 0 1370.78 0 0 0 0 1264.01 0 0 0 0 1</matrix>
                </node>
                <node id="Bip01_L_Foot-node" name="Bip01_L_Foot" sid="Bone6" type="JOINT">
                  <matrix sid="transform">0.762242 -0.647292 0 433.391 0.647292 0.762242 0 0 0 0 1 0 0 0 0 1</matrix>
                  <node id="Bip01_L_Foot-node_PIVOT" name="Bip01_L_Foot_PIVOT" type="NODE">
                    <matrix>221.666 0 0 0 0 356.594 0 0 0 0 341.715 0 0 0 0 1</matrix>
                  </node>
                </node>
              </node>
            </node>
            <node id="Bip01_R_Thigh-node" name="Bip01_R_Thigh" sid="Bone8" type="JOINT">
              <matrix sid="transform">-0.695001 0.719009 0 -221.664 0.719009 0.695001 0.000002 1.67309 0.000001 0.000001 -1 -461.333 0 0 0 1</matrix>
              <node id="Bip01_R_Thigh-node_PIVOT" name="Bip01_R_Thigh_PIVOT" type="NODE">
                <matrix>504.69 0 0 0 0 1321.24 0 0 0 0 963.767 0 0 0 0 1</matrix>
              </node>
              <node id="Bip01_R_Calf-node" name="Bip01_R_Calf" sid="Bone7" type="JOINT">
                <matrix sid="transform">0.895252 0.44556 0 504.69 -0.44556 0.895252 0 0.000061 0 0 1 0 0 0 0 1</matrix>
                <node id="Bip01_R_Calf-node_PIVOT" name="Bip01_R_Calf_PIVOT" type="NODE">
                  <matrix>433.392 0 0 0 0 1370.78 0 0 0 0 1264.01 0 0 0 0 1</matrix>
                </node>
                <node id="Bip01_R_Foot-node" name="Bip01_R_Foot" sid="Bone9" type="JOINT">
                  <matrix sid="transform">0.999919 -0.012733 0 433.391 0.012733 0.999919 0 0 0 0 1 0 0 0 0 1</matrix>
                  <node id="Bip01_R_Foot-node_PIVOT" name="Bip01_R_Foot_PIVOT" type="NODE">
                    <matrix>221.666 0 0 0 0 356.594 0 0 0 0 341.715 0 0 0 0 1</matrix>
                  </node>
                </node>
              </node>
            </node>
            <node id="Bip01_Spine1-node" name="Bip01_Spine1" sid="Bone3" type="JOINT">
              <matrix sid="transform">0.999991 0.004309 0 918.145 -0.004309 0.999991 0 -0.683581 0 0 1 -0.000001 0 0 0 1</matrix>
              <node id="Bip01_Spine1-node_PIVOT" name="Bip01_Spine1_PIVOT" type="NODE">
                <matrix>858.483 0 0 0 0 939.937 0 0 0 0 939.937 0 0 0 0 1</matrix>
              </node>
              <node id="Bip01_Neck-node" name="Bip01_Neck" type="JOINT">
                <matrix sid="transform">1 0 0 858.483 0 1 0 -0.115114 0 0 1 -0.000000 0 0 0 1</matrix>
                <node id="Bip01_Neck-node_PIVOT" name="Bip01_Neck_PIVOT" type="NODE">
                  <matrix>144.565 0 0 0 0 250.579 0 0 0 0 250.579 0 0 0 0 1</matrix>
                </node>
                <node id="Bip01_Head-node" name="Bip01_Head" sid="Bone1" type="JOINT">
                  <matrix sid="transform">0.965909 -0.258881 -0.000000 144.565 0.258881 0.965909 0 0 0.000000 0 1 0 0 0 0 1</matrix>
                  <node id="Bip01_Head-node_PIVOT" name="Bip01_Head_PIVOT" type="NODE">
                    <matrix>2511.05 0 0 0 0 2021.9 0 0 0 0 3473.28 0 0 0 0 1</matrix>
                  </node>
                </node>
                <node id="Bip01_L_Clavicle-node" name="Bip01_L_Clavicle" type="JOINT">
                  <matrix sid="transform">0 -0.000796 1 0.000244 -0.000002 -1 -0.000796 0.114763 1 -0.000002 0 126.53 0 0 0 1</matrix>
                  <node id="Bip01_L_Clavicle-node_PIVOT" name="Bip01_L_Clavicle_PIVOT" type="NODE">
                    <matrix>566.828 0 0 0 0 626.448 0 0 0 0 481.884 0 0 0 0 1</matrix>
                  </node>
                  <node id="Bip01_L_UpperArm-node" name="Bip01_L_UpperArm" sid="Bone11" type="JOINT">
                    <matrix sid="transform">0.375963 0.217062 0.900853 566.828 -0.418904 0.906978 -0.043712 0 -0.826542 -0.360936 0.431918 0 0 0 0 1</matrix>
                    <node id="Bip01_L_UpperArm-node_PIVOT" name="Bip01_L_UpperArm_PIVOT" type="NODE">
                      <matrix>963.427 0 0 0 0 578.26 0 0 0 0 578.26 0 0 0 0 1</matrix>
                    </node>
                    <node id="Bip01_L_Forearm-node" name="Bip01_L_Forearm" sid="Bone12" type="JOINT">
                      <matrix sid="transform">0.980067 0.198669 0 963.427 -0.198669 0.980067 0 0.000061 0 0 1 0 0 0 0 1</matrix>
                      <node id="Bip01_L_Forearm-node_PIVOT" name="Bip01_L_Forearm_PIVOT" type="NODE">
                        <matrix>734.064 0 0 0 0 578.26 0 0 0 0 578.26 0 0 0 0 1</matrix>
                      </node>
                      <node id="Bip01_L_Hand-node" name="Bip01_L_Hand" sid="Bone13" type="JOINT">
                        <matrix sid="transform">1 0 0 734.064 0 0.000796 1 0 0 -1 0.000796 -0.000122 0 0 0 1</matrix>
                        <node id="Bip01_L_Hand-node_PIVOT" name="Bip01_L_Hand_PIVOT" type="NODE">
                          <matrix>417.456 0 0 0 0 823.182 0 0 0 0 240.942 0 0 0 0 1</matrix>
                        </node>
                      </node>
                    </node>
                  </node>
                </node>
                <node id="Bip01_R_Clavicle-node" name="Bip01_R_Clavicle" type="JOINT">
                  <matrix sid="transform">0 -0.000796 -1 0.000244 0.000002 -1 0.000796 0.115465 -1 -0.000002 0 -126.53 0 0 0 1</matrix>
                  <node id="Bip01_R_Clavicle-node_PIVOT" name="Bip01_R_Clavicle_PIVOT" type="NODE">
                    <matrix>566.828 0 0 0 0 626.448 0 0 0 0 481.884 0 0 0 0 1</matrix>
                  </node>
                  <node id="Bip01_R_UpperArm-node" name="Bip01_R_UpperArm" sid="Bone14" type="JOINT">
                    <matrix sid="transform">0.315162 -0.172237 -0.933278 566.828 0.521382 0.85312 0.018624 0.000001 0.79299 -0.492464 0.358673 0 0 0 0 1</matrix>
                    <node id="Bip01_R_UpperArm-node_PIVOT" name="Bip01_R_UpperArm_PIVOT" type="NODE">
                      <matrix>963.427 0 0 0 0 578.26 0 0 0 0 578.26 0 0 0 0 1</matrix>
                    </node>
                    <node id="Bip01_R_Forearm-node" name="Bip01_R_Forearm" sid="Bone15" type="JOINT">
                      <matrix sid="transform">0.853013 0.521891 0 963.427 -0.521891 0.853012 0 0 0 0 1 0 0 0 0 1</matrix>
                      <node id="Bip01_R_Forearm-node_PIVOT" name="Bip01_R_Forearm_PIVOT" type="NODE">
                        <matrix>734.064 0 0 0 0 578.26 0 0 0 0 578.26 0 0 0 0 1</matrix>
                      </node>
                      <node id="Bip01_R_Hand-node" name="Bip01_R_Hand" sid="Bone10" type="JOINT">
                        <matrix sid="transform">1 0 0 734.064 0 0.000796 -1 -0.00003 0 1 0.000796 0.000122 0 0 0 1</matrix>
                        <node id="Bip01_R_Hand-node_PIVOT" name="Bip01_R_Hand_PIVOT" type="NODE">
                          <matrix>417.456 0 0 0 0 823.182 0 0 0 0 240.942 0 0 0 0 1</matrix>
                        </node>
                      </node>
                    </node>
                  </node>
                </node>
              </node>
            </node>
          </node>
        </node>
      </node>
      <node id="shirt01-node" name="shirt01" type="NODE">
        <instance_controller url="#shirt01-mesh-skin">
          <skeleton>#Bip01_Spine-node</skeleton>
          <bind_material>
            <technique_common>
              <instance_material symbol="texture" target="#texture"/>
            </technique_common>
          </bind_material>
        </instance_controller>
      </node>
      <node id="hat05-node" name="hat05" type="NODE">
        <instance_controller url="#hat05-mesh-skin">
          <skeleton>#Bip01_Head-node</skeleton>
          <bind_material>
            <technique_common>
              <instance_material symbol="texture" target="#texture"/>
            </technique_common>
          </bind_material>
        </instance_controller>
      </node>
      <node id="hair06-node" name="hair06" type="NODE">
        <instance_controller url="#hair06-mesh-skin">
          <skeleton>#Bip01_Head-node</skeleton>
          <bind_material>
            <technique_common>
              <instance_material symbol="hair" target="#hair"/>
            </technique_common>
          </bind_material>
        </instance_controller>
      </node>
      <node id="dress-node" name="dress" type="NODE">
        <instance_controller url="#dress-mesh-skin">
          <skeleton>#Bip01_Spine-node</skeleton>
          <bind_material>
            <technique_common>
              <instance_material symbol="texture" target="#texture"/>
            </technique_common>
          </bind_material>
        </instance_controller>
      </node>
      <node id="pants01-node" name="pants01" type="NODE">
        <instance_controller url="#pants01-mesh-skin">
          <skeleton>#Bip01_L_Thigh-node</skeleton>
          <skeleton>#Bip01_R_Thigh-node</skeleton>
          <bind_material>
            <technique_common>
              <instance_material symbol="texture" target="#texture"/>
            </technique_common>
          </bind_material>
        </instance_controller>
      </node>
      <node id="face0-node" name="face0" type="NODE">
        <instance_controller url="#face0-mesh-skin">
          <skeleton>#Bip01_Head-node</skeleton>
          <bind_material>
            <technique_common>
              <instance_material symbol="texture" target="#texture"/>
            </technique_common>
          </bind_material>
        </instance_controller>
      </node>
      <node id="hat06-node" name="hat06" type="NODE">
        <instance_controller url="#hat06-mesh-skin">
          <skeleton>#Bip01_Head-node</skeleton>
          <bind_material>
            <technique_common>
              <instance_material symbol="texture" target="#texture"/>
            </technique_common>
          </bind_material>
        </instance_controller>
      </node>
      <node id="tray-node" name="tray" type="NODE">
        <instance_controller url="#tray-mesh-skin">
          <skeleton>#Bip01_R_Hand-node</skeleton>
          <bind_material>
            <technique_common>
              <instance_material symbol="tray" target="#tray"/>
            </technique_common>
          </bind_material>
        </instance_controller>
      </node>
      <node id="armleft-node" name="armleft" type="NODE">
        <instance_controller url="#armleft-mesh-skin">
          <skeleton>#Bip01_L_UpperArm-node</skeleton>
          <bind_material>
            <technique_common>
              <instance_material symbol="texture" target="#texture"/>
            </technique_common>
          </bind_material>
        </instance_controller>
      </node>
      <node id="armright-node" name="armright" type="NODE">
        <instance_controller url="#armright-mesh-skin">
          <skeleton>#Bip01_R_UpperArm-node</skeleton>
          <bind_material>
            <technique_common>
              <instance_material symbol="texture" target="#texture"/>
            </technique_common>
          </bind_material>
        </instance_controller>
      </node>
      <node id="hair01-node" name="hair01" type="NODE">
        <instance_controller url="#hair01-mesh-skin">
          <skeleton>#Bip01_Head-node</skeleton>
          <bind_material>
            <technique_common>
              <instance_material symbol="hair" target="#hair"/>
            </technique_common>
          </bind_material>
        </instance_controller>
      </node>
      <node id="hat09-node" name="hat09" type="NODE">
        <instance_controller url="#hat09-mesh-skin">
          <skeleton>#Bip01_Head-node</skeleton>
          <bind_material>
            <technique_common>
              <instance_material symbol="texture" target="#texture"/>
            </technique_common>
          </bind_material>
        </instance_controller>
      </node>
      <node id="hat03-node" name="hat03" type="NODE">
        <instance_controller url="#hat03-mesh-skin">
          <skeleton>#Bip01_Head-node</skeleton>
          <bind_material>
            <technique_common>
              <instance_material symbol="texture" target="#texture"/>
            </technique_common>
          </bind_material>
        </instance_controller>
      </node>
      <node id="hat01-node" name="hat01" type="NODE">
        <instance_controller url="#hat01-mesh-skin">
          <skeleton>#Bip01_Head-node</skeleton>
          <bind_material>
            <technique_common>
              <instance_material symbol="texture" target="#texture"/>
            </technique_common>
          </bind_material>
        </instance_controller>
      </node>
      <node id="hat02-node" name="hat02" type="NODE">
        <instance_controller url="#hat02-mesh-skin">
          <skeleton>#Bip01_Head-node</skeleton>
          <bind_material>
            <technique_common>
              <instance_material symbol="texture" target="#texture"/>
            </technique_common>
          </bind_material>
        </instance_controller>
      </node>
      <node id="hat07-node" name="hat07" type="NODE">
        <instance_controller url="#hat07-mesh-skin">
          <skeleton>#Bip01_Head-node</skeleton>
          <bind_material>
            <technique_common>
              <instance_material symbol="texture" target="#texture"/>
            </technique_common>
          </bind_material>
        </instance_controller>
      </node>
      <node id="bucket-node" name="bucket" type="NODE">
        <translate sid="translation">-2602.66 9.46252 1805.7</translate>
        <rotate sid="RotZ">0 0 1 50</rotate>
        <rotate sid="RotY">0 1 0 0</rotate>
        <rotate sid="RotX">1 0 0 0</rotate>
        <scale sid="scale">1 1 1</scale>
        <node id="bucket-node_PIVOT" name="bucket_PIVOT" type="NODE">
          <matrix>0.924271 -0.381737 0 0.000017 0.381737 0.924271 0 -0.000164 0 0 1 -1911.84 0 0 0 1</matrix>
          <instance_geometry url="#bucket-mesh">
            <bind_material>
              <technique_common>
                <instance_material symbol="cleaner" target="#cleaner"/>
              </technique_common>
            </bind_material>
          </instance_geometry>
        </node>
      </node>
      <node id="brush-node" name="brush" type="NODE">
        <instance_controller url="#brush-mesh-skin">
          <skeleton>#Bip01_L_Hand-node</skeleton>
          <bind_material>
            <technique_common>
              <instance_material symbol="cleaner" target="#cleaner"/>
            </technique_common>
          </bind_material>
        </instance_controller>
      </node>
      <node id="hair13-node" name="hair13" type="NODE">
        <instance_controller url="#hair13-mesh-skin">
          <skeleton>#Bip01_Head-node</skeleton>
          <bind_material>
            <technique_common>
              <instance_material symbol="hair" target="#hair"/>
            </technique_common>
          </bind_material>
        </instance_controller>
      </node>
      <node id="hair14-node" name="hair14" type="NODE">
        <instance_controller url="#hair14-mesh-skin">
          <skeleton>#Bip01_Head-node</skeleton>
          <bind_material>
            <technique_common>
              <instance_material symbol="hair" target="#hair"/>
            </technique_common>
          </bind_material>
        </instance_controller>
      </node>
      <node id="hair17-node" name="hair17" type="NODE">
        <instance_controller url="#hair17-mesh-skin">
          <skeleton>#Bip01_Head-node</skeleton>
          <bind_material>
            <technique_common>
              <instance_material symbol="hair" target="#hair"/>
            </technique_common>
          </bind_material>
        </instance_controller>
      </node>
      <node id="hair15-node" name="hair15" type="NODE">
        <instance_controller url="#hair15-mesh-skin">
          <skeleton>#Bip01_Head-node</skeleton>
          <bind_material>
            <technique_common>
              <instance_material symbol="hair" target="#hair"/>
            </technique_common>
          </bind_material>
        </instance_controller>
      </node>
      <node id="hair18-node" name="hair18" type="NODE">
        <instance_controller url="#hair18-mesh-skin">
          <skeleton>#Bip01_Head-node</skeleton>
          <bind_material>
            <technique_common>
              <instance_material symbol="hair" target="#hair"/>
            </technique_common>
          </bind_material>
        </instance_controller>
      </node>
      <node id="armright2-node" name="armright2" type="NODE">
        <instance_controller url="#armright2-mesh-skin">
          <skeleton>#Bip01_R_UpperArm-node</skeleton>
          <bind_material>
            <technique_common>
              <instance_material symbol="texture" target="#texture"/>
            </technique_common>
          </bind_material>
        </instance_controller>
      </node>
      <node id="armleft2-node" name="armleft2" type="NODE">
        <instance_controller url="#armleft2-mesh-skin">
          <skeleton>#Bip01_L_UpperArm-node</skeleton>
          <bind_material>
            <technique_common>
              <instance_material symbol="texture" target="#texture"/>
            </technique_common>
          </bind_material>
        </instance_controller>
      </node>
      <node id="hat10-node" name="hat10" type="NODE">
        <instance_controller url="#hat10-mesh-skin">
          <skeleton>#Bip01_Head-node</skeleton>
          <bind_material>
            <technique_common>
              <instance_material symbol="texture" target="#texture"/>
            </technique_common>
          </bind_material>
        </instance_controller>
      </node>
      <node id="repair-node" name="repair" type="NODE">
        <instance_controller url="#repair-mesh-skin">
          <skeleton>#Bip01_L_Forearm-node</skeleton>
          <bind_material>
            <technique_common>
              <instance_material symbol="repair" target="#repair"/>
            </technique_common>
          </bind_material>
        </instance_controller>
      </node>
      <extra>
        <technique profile="FCOLLADA">
          <start_time>0</start_time>
          <end_time>14.5</end_time>
        </technique>
      </extra>
      <extra>
        <technique profile="MAX3D">
          <frame_rate>10</frame_rate>
        </technique>
      </extra>
    </visual_scene>
  </library_visual_scenes>
  <scene>
    <instance_visual_scene url="#cooking_avatar_20_recover_recover.max"/>
  </scene>
</COLLADA>
